Station ID/Identification de la station,Curve Number/Numéro de courbe,Remarks/Remarques,Type/Catégorie,Approval/Approbation,Offset/Décalage
05LH005,13.000,CHANNEL SCOURED,LogarithmicTable,Provisional/Provisoire,(250.87597449397364:249.049);(248.748);
05LH005,12.001,Extend curve lower to accommodate low WLs seen in 2022. Same as 12.000 above 248.990. Approved 14/03/2023 ESL,LogarithmicTable,Final/Finales,(250.051:248.971);(249.12);
05LH005,12.000,Convert to Log-log - CJK,LogarithmicTable,Final/Finales,(250.051:248.971);(249.12);
05LH005,11.000,"Upper end of Curve 10.000 adjusted for 2011 without renaming, original curve 10.000 lost, copied to curve 11.000  - CJK",LinearTable,Final/Finales,
05LH005,10.000,Original curve 10.000 incorrectly over written during 2011 to adjust and extend top end.  Original curve 10.000 in hard copy. CJK,LinearTable,Final/Finales,
05LH005,9.000,Curve#9 is curve#8 converted to GSC,LinearTable,Final/Finales,
05LH005,9.000-SC1,,LinearTable,Final/Finales,
05LH005,8.000,Same as Table 7 above 1.475,LinearTable,Final/Finales,
05LH005,7.000,,LinearTable,Final/Finales,
