Station ID/Identification de la station,Date (UTC)/Date (TUC),Timezone Offset/Décalage Horaire,Activity Type/Type d'activité,Gauge Height/Niveau,Mean Gauge Height/Niveau Moyen,Discharge/Débit,Rating Curve Table Number/Numéro de cource de tarage,Shift From Base Curve/Décalage par rapport à la courbe de base,Deviation From Base Curve/Déviation par rapport à la courbe de base,Deviation From Shifted Curve/Déviation par rapport à la courbe décalée,Control Condition/Condition de contrôle,Control Condition Remarks/Remark sur les condition de contrôle,Activity Remarks/Remarques des activités,Width/Largeur,Area/Secteur,Velocity/Vitesse,Air Temperature/Température de l'air,Water Temperature/La température de l'eau,Approval/Approbation,Uncertainty/Incertitude
05LH005,2024-06-17T19:45:00,-6,Stage/Niveau d'eau,250.232,,,,,,,,,GC: 0.000 HG: 250.230 Surge: 0.000  * The uncertainty value is equivalent to the surge value in eHSN.  DWL,,,,,,Final/Finales,
05LH005,2024-06-17T19:19:30,-6,Discharge/Débit,,250.232,130.0,12.001,0.0257,0.0403,0.0403,"Measurement condition : Clear; Clear , No Precipitation , Calm Wind Swirling/Variable","Clear, on curve.",ADCP at upstream bridge.  Purged orifice. Appears clear. Reset. No change in WL during visit.  ADCP by Moving Boat,93.8,165.0,0.789,19.0,18.7,Final/Finales,3.5
05LH005,2024-06-17T18:10:00,-6,Stage/Niveau d'eau,250.232,,,,,,,,,GC: 0.000 HG: 250.219 Surge: 0.000  * The uncertainty value is equivalent to the surge value in eHSN.  Found (FD),,,,,,Final/Finales,
05LH005,2024-04-17T22:15:00,-6,Stage/Niveau d'eau,249.731,,,,,,,,,GC: 0.000 HG: 249.732 Surge: 0.000  * The uncertainty value is equivalent to the surge value in eHSN.  DWL,,,,,,Provisional/Provisoire,
05LH005,2024-04-17T21:55:30,-6,Discharge/Débit,,249.731,46.8,12.001,0.000207,0.0005,1.9367,"Measurement condition : Clear; Cloudy , No Precipitation , Calm Wind ",Clear,"ADCP on DS side of bridge Stage stable, small reset. ADCP by Moving Boat",87.4,129.0,0.363,5.0,,Provisional/Provisoire,4.4
05LH005,2024-04-17T21:05:00,-6,Stage/Niveau d'eau,249.729,,,,,,,,,GC: 0.000 HG: 249.717 Surge: 0.000  * The uncertainty value is equivalent to the surge value in eHSN.  DWL,,,,,,Provisional/Provisoire,
05LH005,2024-01-17T16:47:30,-6,Discharge/Débit,,249.531,4.88,12.001,-0.326,-0.8124,0.0038,"Measurement condition : Ice; Partly Cloudy , No Precipitation , Calm Wind ",CIC,"@ Uncertainty: ISO method, 2-sigma value (1 x Uncertainty Value reported in *.xml File). @ STAGE STABLE, RESET. NO SURGE Mid-section",87.0,86.4,0.057,-18.0,0.0,Provisional/Provisoire,5.53
05LH005,2024-01-17T15:45:00,-6,Stage/Niveau d'eau,249.531,,,,,,,,,GC: 0.000 HG: 249.551 Found (FD),,,,,,Provisional/Provisoire,
05LH005,2023-10-16T20:06:00,-6,Stage/Niveau d'eau,249.872,,,,,,,,,GC: 0.000 DWL,,,,,,Provisional/Provisoire,
05LH005,2023-10-16T19:42:30,-6,Discharge/Débit,,249.874,67.4,12.001,0.0161,0.0345,0.0345,"Measurement condition : Clear; Partly Cloudy , No Precipitation , Very Light Wind Swirling/Variable","CHANNEL CLEAR, ON CURVE","@ Uncertainty: QRev Uncertainty Analysis (DS Mueller, 2016), 2-sigma value (1 x Uncertainty Value reported in *.xml File).  STAGE SLOWLY DECREASING, NO RESET REQUIRED ADCP by Moving Boat",90.9,135.0,0.498,,11.0,Provisional/Provisoire,5.0
05LH005,2023-10-16T18:20:00,-6,Stage/Niveau d'eau,249.88,,,,,,,,,GC: 0.000 HG: 249.883 No Reset (NR),,,,,,Provisional/Provisoire,
05LH005,2023-08-28T19:00:00,-6,Stage/Niveau d'eau,250.006,,,,,,,,,GC: 0.000 DWL,,,,,,Provisional/Provisoire,
05LH005,2023-08-28T18:39:00,-6,Discharge/Débit,,250.006,89.0,12.001,0.0271,0.051,0.0002,"Measurement condition : Clear; Clear , No Precipitation , Calm Wind ",CLEAR ON CURVE,"@ Uncertainty: QRev Uncertainty Analysis (DS Mueller, 2016), 2-sigma value (1 x Uncertainty Value reported in *.xml File). @ STAGE STABLE, NO RESET REQUIRED ADCP by Moving Boat",93.6,150.0,0.595,22.0,20.9,Provisional/Provisoire,4.0
05LH005,2023-08-28T17:45:00,-6,Stage/Niveau d'eau,250.006,,,,,,,,,GC: 0.000 HG: 250.003 No Reset (NR),,,,,,Provisional/Provisoire,
05LH005,2023-05-17T18:40:00,-6,Stage/Niveau d'eau,250.316,,,,,,,,,GC: 0.000 Surge: 0.005  * The uncertainty value is equivalent to the surge value in eHSN.  DWL,,,,,,Provisional/Provisoire,
05LH005,2023-05-17T18:17:30,-6,Discharge/Débit,,250.315,154.0,12.001,0.0598,0.0881,-0.00029999999,"Measurement condition : Clear; Smokey , No Precipitation , Light Wind Blowing Downstream","CHANNEL CLEAR, GOOD MEASUREMENT
SHIFTS HAVE BEEN TRENDING POSITIVE, NEW CURVE NEEDED","@ Uncertainty: QRev Uncertainty Analysis (DS Mueller, 2016), 2-sigma value (1 x Uncertainty Value reported in *.xml File). @ STAGE SLOWLY INCREASING. PURGED AND RESET AT 11:10CST ADCP by Moving Boat",92.9,176.0,0.874,16.0,15.8,Provisional/Provisoire,3.5
05LH005,2023-05-17T16:45:00,-6,Stage/Niveau d'eau,250.306,,,,,,,,,GC: 0.000 HG: 250.291 Surge: 0.005  * The uncertainty value is equivalent to the surge value in eHSN.  Purged  (PU),,,,,,Provisional/Provisoire,
05LH005,2023-02-27T21:40:00,-6,Stage/Niveau d'eau,250.082,,,,,,,,,GC: 0.000 DWL,,,,,,Provisional/Provisoire,
05LH005,2023-02-27T20:40:00,-6,Discharge/Débit,,250.082,31.0,12.0,-0.497,-0.6813,-0.0014,"Measurement condition : Ice; Cloudy , No Precipitation , Light Wind Blowing Downstream",COMPLETE ICE COVER,"@ Uncertainty: ISO method, 2-sigma value (1 x Uncertainty Value reported in *.xml File). @ FORGOT TO SET ADCP CLOCK, CHANGED START AND END TIME ON NOTE TO EST. START TIME OF MMNT STAGE STABLE. RESET LOGGER TO WL @13:55CST Mid-section",70.0,117.0,0.265,-10.0,,Provisional/Provisoire,2.91
05LH005,2023-02-27T19:45:00,-6,Stage/Niveau d'eau,250.082,,,,,,,,,GC: 0.000 HG: 250.090 Reset (RS),,,,,,Provisional/Provisoire,
05LH005,2023-01-16T22:05:00,-6,Stage/Niveau d'eau,250.108,,,,,,,,,GC: 0.000 DWL,,,,,,Provisional/Provisoire,
05LH005,2023-01-16T21:39:00,-6,Discharge/Débit,,250.109,43.1,12.0,-0.41,-0.5776,0.0008,"Measurement condition : Ice; Clear , No Precipitation , Light Wind ",COMPLETE ICE COVER.,"ADJUSTED MMT TIME, FORGOT TO SET ADCP CLOCK. STAGE STABLE. Mid-section",84.0,121.0,0.356,-12.0,1.0,Provisional/Provisoire,2.68
05LH005,2023-01-16T20:25:00,-6,Stage/Niveau d'eau,250.11,,,,,,,,,GC: 0.000 HG: 250.122 Found (FD),,,,,,Provisional/Provisoire,
05LH005,2022-08-15T18:45:00,-6,Stage/Niveau d'eau,250.271,,,,,,,,,GC: 0.000 DWL,,,,,,Final/Finales,
05LH005,2022-08-15T18:16:30,-6,Discharge/Débit,,250.271,144.0,12.0,0.056,0.0856,0.0001,"Measurement condition : Clear; Cloudy , No Precipitation , Light Wind Blowing Cross Stream",CHANNEL CLEAR,"@ Uncertainty: QRev Uncertainty Analysis (DS Mueller, 2016), 2-sigma value (1 x Uncertainty Value reported in *.xml File). @ STAGE STABLE, NO RESET ADCP by Moving Boat",93.5,170.0,0.85,24.0,,Final/Finales,3.7
05LH005,2022-08-15T17:15:00,-6,Stage/Niveau d'eau,250.269,,,,,,,,,GC: 0.000 HG: 250.273 No Reset (NR),,,,,,Final/Finales,
05LH005,2022-05-12T21:47:00,-6,Stage/Niveau d'eau,249.837,,,,,,,,,GC: 0.000,,,,,,Final/Finales,
05LH005,2022-05-12T21:24:00,-6,Discharge/Débit,,249.836,64.4,12.0,0.0326,0.0736,-0.00090000004,"Measurement condition : Clear; Mostly Cloudy , No Precipitation , Light Wind Blowing Cross Stream",Control clear.,"ADCP measurement downstream at bridge. Orifice discovered separated from block. Pulled line, attached new block, and redeployed. Reset sensor. Trace stable, rising slowly. ADCP by Moving Boat",93.4,136.0,0.474,22.0,12.0,Final/Finales,3.9
05LH005,2022-05-12T20:39:00,-6,Stage/Niveau d'eau,249.834,,,,,,,,,GC: 0.000 HG: 249.834 Reset (RS),,,,,,Final/Finales,
05LH005,2022-05-12T20:00:00,-6,Stage/Niveau d'eau,249.833,,,,,,,,,GC: 0.000,,,,,,Final/Finales,
05LH005,2022-05-12T17:30:00,-6,Stage/Niveau d'eau,249.824,,,,,,,,,GC: 0.000 HG: 249.619,,,,,,Final/Finales,
05LH005,2022-01-13T21:35:00,-6,Stage/Niveau d'eau,249.085,,,,,,,,,GC: 0.000 HG: 249.083 SRC: 0.002,,,,,,Final/Finales,
05LH005,2022-01-13T20:52:30,-6,Discharge/Débit,,249.084,0.66,12.0,-0.0302,-0.45,-0.0049,"Measurement condition : Ice; Cloudy , No Precipitation , Moderate Wind Blowing Upstream",Ice cover,"Ice cover Reset water level, installed new temp orifice Mid-section",72.1,47.1,0.014,-16.0,0.5,Final/Finales,13.6
05LH005,2022-01-13T18:00:00,-6,Stage/Niveau d'eau,249.083,,,,,,,,,GC: 0.000 HG: 249.270 SRC: -0.187 Found (FD),,,,,,Final/Finales,
05LH005,2021-10-20T19:40:00,-6,Stage/Niveau d'eau,249.67,,,,,,,,,GC: 0.000 HG: 249.673 SRC: -0.003 No Reset (NR),,,,,,Final/Finales,
05LH005,2021-10-20T19:07:00,-6,Discharge/Débit,,249.67,41.2,12.0,0.0124,0.0345,0.0345,"Measurement condition : Clear; Partly Cloudy , No Precipitation , Calm Wind ",,ADCP mmt completed ADCP by Moving Boat,92.3,124.0,0.333,2.0,5.5,Final/Finales,3.8
05LH005,2021-10-20T17:40:00,-6,Stage/Niveau d'eau,249.67,,,,,,,,,GC: 0.000 HG: 249.673 SRC: -0.003 Found (FD),,,,,,Final/Finales,
05LH005,2021-10-20T15:00:00,-6,Stage/Niveau d'eau,249.674,,,,,,,,,GC: 0.000 HG: 249.680 SRC: -0.006 Maintenance (MT),,,,,,Final/Finales,
05LH005,2021-04-19T18:33:00,-6,Stage/Niveau d'eau,249.82,,,,,,,,,GC: 0.000,,,,,,Final/Finales,
05LH005,2021-04-19T18:03:30,-6,Discharge/Débit,,249.82,59.5,12.0,0.0124,0.028199999,0.028199999,"Measurement condition : Clear; Cloudy , Light Snow , Moderate Wind Blowing Downstream",,Trace stable. Purged line and reset sensor. ADCP by Moving Boat,90.5,140.0,0.427,-3.0,2.0,Final/Finales,3.4
05LH005,2021-04-19T16:05:00,-6,Stage/Niveau d'eau,249.82,,,,,,,,,GC: 0.000 HG: 249.831 SRC: -0.011 Purged  (PU),,,,,,Final/Finales,
05LH005,2021-01-20T18:21:00,-6,Stage/Niveau d'eau,249.751,,,,,,,,,GC: 0.000 DWL,,,,,,Final/Finales,
05LH005,2021-01-20T17:44:30,-6,Discharge/Débit,,249.75,11.9,12.0,-0.406,-0.7574,-0.7574,"Measurement condition : Ice;  ,  ,  ",COMPLETE ICE COVER,Mid-section,68.0,98.3,0.121,1.0,,Final/Finales,4.19
05LH005,2021-01-20T16:00:00,-6,Stage/Niveau d'eau,249.747,,,,,,,,,GC: 0.000 HG: 249.744 SRC: 0.003 No Reset (NR),,,,,,Final/Finales,
05LH005,2020-08-24T22:15:00,-6,Stage/Niveau d'eau,250.1,,,,,,,,,GC: 0.000,,,,,,Final/Finales,
05LH005,2020-08-24T21:56:30,-6,Discharge/Débit,,250.099,100.0,12.0,-0.00141,-0.0025,-0.0025,"Measurement condition : Clear; Clear , No Precipitation , Moderate Wind Blowing Downstream",,Unable to calculate magnetic declination. Zero entered. ADCP by Moving Boat,93.7,170.0,0.591,28.0,23.5,Final/Finales,5.6
05LH005,2020-08-24T20:30:00,-6,Stage/Niveau d'eau,250.094,,,,,,,,,GC: 0.000 HG: 250.095 SRC: -0.001 No Reset (NR),,,,,,Final/Finales,
05LH005,2020-04-30T16:15:00,-6,Stage/Niveau d'eau,250.043,,,,,,,,,HG: 250.037 Sensor Reset Correction of 0.006 No Reset (NR),,,,,,Final/Finales,
05LH005,2020-04-30T15:44:00,-6,Discharge/Débit,,250.042,95.0,12.0,0.0195,0.0505,0.0001,"Measurement condition : Clear; Clear , No Precipitation , Calm Wind ",Clear,Stage stable,94.9,153.0,0.623,7.0,15.0,Final/Finales,
05LH005,2020-04-30T14:50:00,-6,Stage/Niveau d'eau,250.04,,,,,,,,,HG: 250.034 Sensor Reset Correction of 0.006 No Reset (NR),,,,,,Final/Finales,
05LH005,2020-03-12T17:15:00,-6,Stage/Niveau d'eau,249.831,,,,,,,,,,,,,,,Final/Finales,
05LH005,2020-03-12T16:50:00,-6,Discharge/Débit,,249.831,10.8,12.0,-0.5,-0.8179,-0.0029,"Measurement condition : Ice; Cloudy , Light Snow , Very Light Wind ",complete ice cover,adcp rr at gauge - under ice measurement,90.0,88.0,0.123,-10.0,1.0,Final/Finales,
05LH005,2020-03-12T15:50:00,-6,Stage/Niveau d'eau,249.831,,,,,,,,,HG: 249.822 Sensor Reset Correction of 0.009 Found (FD),,,,,,Final/Finales,
05LH005,2020-01-15T20:10:00,-6,Stage/Niveau d'eau,250.044,,,,,,,,,Found (FD),,,,,,Final/Finales,
05LH005,2020-01-15T19:41:00,-6,Discharge/Débit,,250.044,30.1,12.0,-0.469,-0.6684,0.0007,"Measurement condition : Ice; Cloudy , No Precipitation , Light Wind Blowing Downstream",CHANNEL CONTROL. COMPLETE ICE COVER,STREAMPRO ICE MMT.  MASTER TO WATER. ROD IN WATER=0.300/NO CHANGE.,93.0,113.0,0.266,-25.0,1.0,Final/Finales,
05LH005,2020-01-15T18:45:00,-6,Stage/Niveau d'eau,250.044,,,,,,,,,HG: 250.041 Sensor Reset Correction of 0.003 Found (FD),,,,,,Final/Finales,
05LH005,2019-10-21T21:03:30,-6,Discharge/Débit,,250.119,108.0,,,,,,,Depth Ref: Bottom Track Extrapolation:  	Top: Power; Bottom: Power; Exponent: 0.1667 % Difference in Q from extrap: 0.00 10.0 metres below bridge Sources:eHSN v1.3.2,96.6,156.0,0.692,,,Final/Finales,
05LH005,2019-10-21T19:40:00,-6,Stage/Niveau d'eau,250.119,,,,,,,,,Source:eHSN v1.3.2 Sensor Reset Correction of -0.012,,,,,,Final/Finales,
05LH005,2019-07-29T18:30:00,-6,Stage/Niveau d'eau,250.318,,,,,,,,,Source:eHSN v1.3.2 Sensor Reset Correction of 0.007,,,,,,Final/Finales,
05LH005,2019-07-29T17:46:30,-6,Discharge/Débit,,250.343,149.0,,,,,,,"Discharge Remarks: Two mmts taken for ADCP accreditation for P. Herbert. Strong d/s wind present for first mmt, likely affecting flow and stage levels. 2nd mmt used for note, winds subsided for 2nd mmt. Depth Ref: Bottom Track Extrapolation:  	Top: Constant; Bottom: No Slip; Exponent: 0.25898 % Difference in Q from extrap: 1.29 2.00 kilometres below gauge Sources:eHSN v1.3.2",92.8,182.0,0.819,19.0,19.3,Final/Finales,
05LH005,2019-07-29T16:20:00,-6,Stage/Niveau d'eau,250.368,,,,,,,,,Source:eHSN v1.3.2 Reference point and method not documented.,,,,,,Final/Finales,
05LH005,2019-04-18T15:07:00,-6,Stage/Niveau d'eau,250.363,,,,,,,,,Source:eHSN v1.3.1 Sensor Reset Correction of 0.003,,,,,,Final/Finales,
05LH005,2019-04-18T14:29:30,-6,Discharge/Débit,,250.362,158.0,,,,,,,Depth Ref: Bottom Track Extrapolation:  	Top: Power; Bottom: Power; Exponent: 0.16434 5.00 metres below BRIDGE IN WATER Sources:eHSN v1.3.1,94.2,185.0,0.855,,2.9,Final/Finales,
05LH005,2019-04-18T13:55:00,-6,Stage/Niveau d'eau,250.361,,,,,,,,,Source:eHSN v1.3.1 Reference point and method not documented.,,,,,,Final/Finales,
05LH005,2019-04-10T16:50:00,-6,Stage/Niveau d'eau,250.319,,,,,,,,,Source:eHSN v1.3.1 Reference point and method not documented.,,,,,,Final/Finales,
05LH005,2019-04-10T16:07:00,-6,Discharge/Débit,,250.32,121.0,,,,,,,"Discharge Remarks: ADCP FROM BRIDGE. 10M DS OF BRIDGE. SOME ICE RUNNING VERY FEW THOUGH. RIGHT BANK 14M OF SHORE ICE, LEFT BANK 10M SHORE ICE AT BRIDGE. Control Condition Remarks: ICE ON BANKS. MAIN CHANNEL CLEAR.  10.0 metres below AT BRIDGE. Sources:eHSN v1.3.1",91.6,175.0,0.69,-2.0,0.3,Final/Finales,
05LH005,2019-04-10T15:00:00,-6,Stage/Niveau d'eau,250.321,,,,,,,,,Source:eHSN v1.3.1 Sensor Reset Correction of -0.001,,,,,,Final/Finales,
05LH005,2019-03-12T15:15:00,-6,Stage/Niveau d'eau,250.472,,,,,,,,,Source:eHSN v1.3.1 Sensor Reset Correction of -0.004,,,,,,Final/Finales,
05LH005,2019-03-12T14:49:00,-6,Discharge/Débit,,250.472,46.2,,,,,,,Discharge Remarks: SOME SLUSH IN SOME PANELS Control Condition Remarks: CIC  0 metres above gauge Sources:eHSN v1.3.1,84.0,129.0,0.357,-8.0,-0.2,Final/Finales,
05LH005,2019-01-11T00:35:00,-6,Stage/Niveau d'eau,250.564,,,,,,,,,Source:eHSN v1.2.4 Reference point and method not documented.,,,,,,Final/Finales,
05LH005,2019-01-10T23:42:00,-6,Discharge/Débit,,250.564,71.8,,,,,,,"Slush present to bottom for multiple panels. ADCP not set to clock; mmt start and end time approximate. Diagnostic test not performed on ADCP prior to mmt. Total ice cover, no pictures taken.  0 metres above gauge Sources:eHSN v1.2.4",94.0,111.0,0.644,-14.0,0.2,Final/Finales,
05LH005,2019-01-10T21:30:00,-6,Stage/Niveau d'eau,250.564,,,,,,,,,Source:eHSN v1.2.4 Sensor Reset Correction of 0.004,,,,,,Final/Finales,
05LH005,2018-09-24T17:04:00,-6,Stage/Niveau d'eau,250.356,,,,,,,,,Source:eHSN v1.2.4 Sensor Reset Correction of 0.019,,,,,,Final/Finales,
05LH005,2018-09-24T16:35:00,-6,Discharge/Débit,,250.356,151.0,,,,,,,CLEAR Depth Ref: Composite (BT) Extrapolation:  	Top: Power; Bottom: Power; Exponent: 0.2270 10.0 metres below bridge in town Sources:eHSN v1.2.4,95.7,186.0,0.814,5.0,8.0,Final/Finales,
05LH005,2018-09-24T16:20:00,-6,Stage/Niveau d'eau,250.356,,,,,,,,,Source:eHSN v1.2.4 Reference point and method not documented.,,,,,,Final/Finales,
05LH005,2018-07-16T17:43:00,-6,Stage/Niveau d'eau,250.512,,,,,,,,,Source:eHSN v1.2.4 Sensor Reset Correction of -0.019,,,,,,Final/Finales,
05LH005,2018-07-16T17:09:00,-6,Discharge/Débit,,250.514,200.0,,,,,,,CLEAR  10.0 metres below BRIDGE IN TOWN Sources:eHSN v1.2.4,96.3,200.0,1.0,16.0,19.0,Final/Finales,
05LH005,2018-07-16T16:55:00,-6,Stage/Niveau d'eau,250.515,,,,,,,,,Source:eHSN v1.2.4 Reference point and method not documented.,,,,,,Final/Finales,
05LH005,2018-04-24T16:08:00,-6,Stage/Niveau d'eau,250.402,,,,,,,,,Source:eHSN v1.2.4 Reference point and method not documented.,,,,,,Final/Finales,
05LH005,2018-04-24T15:39:30,-6,Discharge/Débit,,250.403,162.0,,,,,,,"SHORE ICE, 95% CLEAR Depth Ref: Composite (BT) Extrapolation:  	Top: Power; Bottom: Power; Exponent: 0.1385 % Difference in Q from extrap: -0.65 1.00 kilometres above gauge Sources:eHSN v1.2.4",92.1,186.0,0.872,3.0,2.0,Final/Finales,
05LH005,2018-04-24T14:35:00,-6,Stage/Niveau d'eau,250.405,,,,,,,,,Source:eHSN v1.2.4 Sensor Reset Correction of 0.001,,,,,,Final/Finales,
05LH005,2018-03-12T19:06:00,-6,Stage/Niveau d'eau,250.641,,,,,,,,,Source:eHSN v1.2.4 Sensor Reset Correction of -0.093,,,,,,Final/Finales,
05LH005,2018-03-12T18:34:00,-6,Discharge/Débit,,250.64,52.7,,,,,,,THICKEST ICE 1.38M Sources:eHSN v1.2.4,94.0,136.0,0.386,-7.0,0.0,Final/Finales,
05LH005,2018-03-12T16:41:00,-6,Stage/Niveau d'eau,250.638,,,,,,,,,Source:eHSN v1.2.4 Sensor Reset Correction of -0.090,,,,,,Final/Finales,
05LH005,2018-01-10T18:33:00,-6,Discharge/Débit,,250.788,80.6,,,,,,,lots of slush  0 metres above gauge Sources:eHSN v1.2.3.1,93.0,98.4,0.819,-20.0,1.0,Provisional/Provisoire,
05LH005,2017-10-24T15:45:00,-6,Stage/Niveau d'eau,250.635,,,,,,,,,Source:eHSN v1.2.3 Reference point and method not documented.,,,,,,Final/Finales,
05LH005,2017-10-24T15:13:00,-6,Discharge/Débit,,250.636,221.0,,,,,,,Depth Ref: Composite (BT) Extrapolation:  	POWER POWER .14181 QREV 5.00 metres below BRIDGE IN TOWN Sources:eHSN v1.2.3,97.7,195.0,1.13,2.0,6.0,Final/Finales,
05LH005,2017-10-24T14:20:00,-6,Stage/Niveau d'eau,250.639,,,,,,,,,Source:eHSN v1.2.3,,,,,,Final/Finales,
05LH005,2017-10-24T14:15:00,-6,Stage/Niveau d'eau,250.639,,,,,,,,,Source:eHSN v1.2.3 Sensor Reset Correction of -0.012,,,,,,Final/Finales,
05LH005,2017-07-25T13:15:00,-6,Stage/Niveau d'eau,250.954,,,,,,,,,Source:eHSN v1.2.3 Sensor Reset Correction of 0.002,,,,,,Final/Finales,
05LH005,2017-07-25T13:00:00,-6,Stage/Niveau d'eau,250.954,,,,,,,,,Source:eHSN v1.2.3 Sensor Reset Correction of 0.012,,,,,,Final/Finales,
05LH005,2017-06-26T17:09:00,-6,Stage/Niveau d'eau,251.076,,,,,,,,,Source:eHSN v1.2.3 Reference point and method not documented.,,,,,,Final/Finales,
05LH005,2017-06-26T16:33:00,-6,Discharge/Débit,,251.076,335.0,,,,,,,Depth Ref: Composite (BT) Extrapolation:  	Top: Power; Bottom: Power; Exponent: 0.1667 Sources:eHSN v1.2.3,96.6,242.0,1.39,17.0,16.8,Final/Finales,
05LH005,2017-06-26T15:36:00,-6,Stage/Niveau d'eau,251.076,,,,,,,,,Source:eHSN v1.2.3 Sensor Reset Correction of 0.005,,,,,,Final/Finales,
05LH005,2017-04-09T19:04:00,-6,Stage/Niveau d'eau,250.998,,,,,,,,,Source:Manual Sensor Reset Correction of 0.004,,,,,,Final/Finales,
05LH005,2017-04-09T18:32:30,-6,Discharge/Débit,,250.999,319.0,,,,,,,Sources:Manual,92.6,227.0,1.41,,,Final/Finales,
05LH005,2017-04-09T18:00:00,-6,Stage/Niveau d'eau,251.001,,,,,,,,,Source:Manual Sensor Reset Correction of 0.004,,,,,,Final/Finales,
05LH005,2017-03-06T18:14:00,-6,Stage/Niveau d'eau,251.11,,,,,,,,,Source:Manual Reference point and method not documented.,,,,,,Final/Finales,
05LH005,2017-03-06T18:02:00,-6,Discharge/Débit,,251.11,152.0,,,,,,,Sources:Manual,97.0,227.0,0.67,,,Final/Finales,
05LH005,2017-03-06T17:24:00,-6,Stage/Niveau d'eau,251.112,,,,,,,,,Source:Manual Sensor Reset Correction of 0.010,,,,,,Final/Finales,
05LH005,2017-01-11T17:52:00,-6,Discharge/Débit,,251.28,154.0,,,,,,,Sources:Manual,95.0,244.0,0.631,,,Final/Finales,
05LH005,2017-01-11T16:25:00,-6,Stage/Niveau d'eau,251.28,,,,,,,,,Source:Manual Sensor Reset Correction of 0.010,,,,,,Final/Finales,
05LH005,2016-10-17T16:41:00,-6,Stage/Niveau d'eau,250.77,,,,,,,,,Source:Manual Sensor Reset Correction of -0.015,,,,,,Final/Finales,
05LH005,2016-10-17T16:00:00,-6,Discharge/Débit,,250.765,252.0,,,,,,,FLOW IN RB/LB VEGETATION.  MAIN CHANNEL CLEAR Sources:Manual,99.6,210.0,1.2,6.0,5.5,Final/Finales,
05LH005,2016-10-17T15:30:00,-6,Stage/Niveau d'eau,250.761,,,,,,,,,Source:Manual Reference point and method not documented.,,,,,,Final/Finales,
05LH005,2016-06-07T15:05:00,-6,Stage/Niveau d'eau,250.412,,,,,,,,,Source:Manual Reference point and method not documented.,,,,,,Final/Finales,
05LH005,2016-06-07T14:39:00,-6,Discharge/Débit,,250.413,161.0,,,,,,,CHANNEL CLEAR Sources:Manual,93.4,170.0,0.952,,,Final/Finales,
05LH005,2016-06-07T13:42:00,-6,Stage/Niveau d'eau,250.414,,,,,,,,,Source:Manual Sensor Reset Correction of -0.007,,,,,,Final/Finales,
05LH005,2016-04-12T18:12:00,-6,Stage/Niveau d'eau,250.152,,,,,,,,,Source:Manual Sensor Reset Correction of -0.004,,,,,,Final/Finales,
05LH005,2016-04-12T17:21:30,-6,Discharge/Débit,,250.153,115.0,,,,,,,"ICE ON EDGES, CHANNEL MAINLY CLEAR Up stream wind Sources:Manual",94.9,152.0,0.753,,,Final/Finales,
05LH005,2016-04-12T15:56:00,-6,Stage/Niveau d'eau,250.156,,,,,,,,,Source:Manual Sensor Reset Correction of -0.005,,,,,,Final/Finales,
05LH005,2016-03-01T18:55:00,-6,Stage/Niveau d'eau,250.394,,,,,,,,,Source:Manual Sensor Reset Correction of -0.001,,,,,,Final/Finales,
05LH005,2016-03-01T18:04:30,-6,Discharge/Débit,,250.394,46.2,,,,,,,THICK LAYER OF SLUSH UNDER ICE Sources:Manual,81.0,127.0,0.36,,,Final/Finales,
05LH005,2016-03-01T15:40:00,-6,Stage/Niveau d'eau,250.394,,,,,,,,,Source:Manual Sensor Reset Correction of -0.001,,,,,,Final/Finales,
05LH005,2016-02-04T18:45:00,-6,Stage/Niveau d'eau,250.442,,,,,,,,,Source:Manual Reference point and method not documented.,,,,,,Final/Finales,
05LH005,2016-01-13T19:17:00,-6,Discharge/Débit,,250.504,71.0,,,,,,,Complete ice cover Sources:Manual,97.0,124.0,0.57,,,Final/Finales,
05LH005,2016-01-13T16:35:00,-6,Stage/Niveau d'eau,250.504,,,,,,,,,Source:Manual Sensor Reset Correction of 0.003,,,,,,Final/Finales,
05LH005,2015-08-18T15:55:00,-6,Stage/Niveau d'eau,250.322,,,,,,,,,Source:Manual Reference point and method not documented.,,,,,,Final/Finales,
05LH005,2015-08-18T15:19:00,-6,Discharge/Débit,,250.32,148.0,,,,,,,Clear/Open Sources:Manual,92.4,179.0,0.826,,,Final/Finales,
05LH005,2015-08-18T13:55:00,-6,Stage/Niveau d'eau,250.314,,,,,,,,,Source:Manual Sensor Reset Correction of -0.008,,,,,,Final/Finales,
05LH005,2015-04-29T16:50:00,-6,Stage/Niveau d'eau,250.72,,,,,,,,,Source:Manual Sensor Reset Correction of 0.018,,,,,,Final/Finales,
05LH005,2015-04-29T16:15:30,-6,Discharge/Débit,,250.72,241.0,,,,,,,Clear/Open Sources:Manual,95.9,231.0,1.04,,,Final/Finales,
05LH005,2015-04-29T15:05:00,-6,Stage/Niveau d'eau,250.72,,,,,,,,,Source:Manual Sensor Reset Correction of 0.019,,,,,,Final/Finales,
05LH005,2015-01-07T18:52:30,-6,Discharge/Débit,,251.026,124.0,,,,,,,CIC Sources:Manual,98.0,205.0,0.608,,,Final/Finales,
05LH005,2015-01-07T17:00:00,-6,Stage/Niveau d'eau,251.026,,,,,,,,,Source:Manual Sensor Reset Correction of -0.024,,,,,,Final/Finales,
05LH005,2014-07-08T23:30:00,-6,Stage/Niveau d'eau,251.021,,,,,,,,,Source:Manual Reference point and method not documented.,,,,,,Final/Finales,
05LH005,2014-07-08T22:33:00,-6,Discharge/Débit,,251.007,303.0,,,,,,,Sources:Manual,88.0,241.0,1.26,,,Final/Finales,
05LH005,2014-07-08T21:00:00,-6,Stage/Niveau d'eau,250.985,,,,,,,,,Source:Manual Sensor Reset Correction of 0.003,,,,,,Final/Finales,
05LH005,2014-04-30T21:15:00,-6,Stage/Niveau d'eau,250.584,,,,,,,,,Source:Manual Sensor Reset Correction of 0.005,,,,,,Final/Finales,
05LH005,2014-04-30T19:55:00,-6,Discharge/Débit,,250.574,195.0,,,,,,,Major ice run midway through measurement Sources:Manual,79.0,195.0,0.997,,,Final/Finales,
05LH005,2014-04-30T17:30:00,-6,Stage/Niveau d'eau,250.555,,,,,,,,,Source:Manual Sensor Reset Correction of -0.007,,,,,,Final/Finales,
05LH005,2014-01-22T18:47:00,-6,Stage/Niveau d'eau,250.897,,,,,,,,,Source:Manual Reference point and method not documented.,,,,,,Final/Finales,
05LH005,2014-01-22T17:44:00,-6,Discharge/Débit,,250.898,89.1,,,,,,,Ice cover Sources:Manual,96.0,167.0,0.533,,,Final/Finales,
05LH005,2014-01-22T16:46:00,-6,Stage/Niveau d'eau,250.899,,,,,,,,,Source:Manual Sensor Reset Correction of -0.002,,,,,,Final/Finales,
05LH005,2013-06-21T14:40:00,-6,Stage/Niveau d'eau,250.672,,,,,,,,,Source:Manual Sensor Reset Correction of -0.007,,,,,,Final/Finales,
05LH005,2013-06-21T13:55:00,-6,Discharge/Débit,,250.672,226.0,,,,,,,Open and clear Sources:Manual,,,1.17,,,Final/Finales,
05LH005,2013-05-02T22:20:00,-6,Stage/Niveau d'eau,250.36,,,,,,,,,Source:Manual Sensor Reset Correction of 0.024,,,,,,Final/Finales,
05LH005,2013-04-29T19:00:00,-6,Stage/Niveau d'eau,250.395,,,,,,,,,Source:Manual Reference point and method not documented.,,,,,,Final/Finales,
05LH005,2013-04-29T18:17:00,-6,Discharge/Débit,,250.395,160.0,,,,,,,"open, some ice flowing Sources:Manual",,,0.921,,,Final/Finales,
05LH005,2013-04-29T17:30:00,-6,Stage/Niveau d'eau,250.394,,,,,,,,,Source:Manual Sensor Reset Correction of 0.013,,,,,,Final/Finales,
05LH005,2013-01-16T18:29:30,-6,Discharge/Débit,,250.766,87.9,,,,,,,Sources:Manual,80.0,165.0,0.533,,,Final/Finales,
05LH005,2013-01-16T16:15:00,-6,Stage/Niveau d'eau,250.767,,,,,,,,,Source:Manual Sensor Reset Correction of 0.019,,,,,,Final/Finales,
05LH005,2012-12-12T21:35:00,-6,Stage/Niveau d'eau,250.902,,,,,,,,,Source:Manual Sensor Reset Correction of 0.034,,,,,,Final/Finales,
05LH005,2012-12-12T19:47:30,-6,Discharge/Débit,,250.899,76.2,,,,,,,Sources:Manual,77.5,136.0,0.561,,,Final/Finales,
05LH005,2012-11-06T22:23:00,-6,Stage/Niveau d'eau,250.394,,,,,,,,,Source:Manual Sensor Reset Correction of -0.043,,,,,,Final/Finales,
05LH005,2012-09-11T21:13:30,-6,Discharge/Débit,,250.417,163.0,,,,,,,Oyster/DGPS Sources:Manual,,,0.892,,,Final/Finales,
05LH005,2012-09-11T20:20:00,-6,Stage/Niveau d'eau,250.43,,,,,,,,,Source:Manual Sensor Reset Correction of -0.021,,,,,,Final/Finales,
05LH005,2012-06-04T20:36:30,-6,Discharge/Débit,,250.724,243.0,,,,,,,Sources:Manual,,,1.2,,,Final/Finales,
05LH005,2012-06-04T19:45:00,-6,Stage/Niveau d'eau,250.722,,,,,,,,,Source:Manual Sensor Reset Correction of -0.015,,,,,,Final/Finales,
05LH005,2012-03-22T15:47:00,-6,Discharge/Débit,,250.72,235.0,,,,,,,"little ice/snow on banks, clear. Sources:Manual",,,1.12,,,Final/Finales,
05LH005,2012-03-22T15:00:00,-6,Stage/Niveau d'eau,250.721,,,,,,,,,Source:Manual Sensor Reset Correction of -0.011,,,,,,Final/Finales,
05LH005,2012-02-21T19:04:30,-6,Discharge/Débit,,251.43,143.0,,,,,,,open lead in middle of channel. No slush. Sources:Manual,98.9,218.0,0.656,,,Final/Finales,
05LH005,2012-02-21T16:55:00,-6,Stage/Niveau d'eau,251.435,,,,,,,,,Source:Manual Sensor Reset Correction of -0.027,,,,,,Final/Finales,
05LH005,2012-01-11T20:24:13,-6,Stage/Niveau d'eau,251.561,,,,,,,,,Source:Manual Sensor Reset Correction of -0.023,,,,,,Final/Finales,
05LH005,2011-12-15T17:08:00,-6,Stage/Niveau d'eau,251.786,,,,,,,,,Source:Manual Sensor Reset Correction of -0.032 Gauge correction of 0.002,,,,,,Final/Finales,
05LH005,2011-09-28T16:54:00,-6,Stage/Niveau d'eau,250.942,,,,,,,,,Source:Manual Sensor Reset Correction of -0.018 Gauge correction of -0.006,,,,,,Final/Finales,
05LH005,2011-08-16T18:57:30,-6,Discharge/Débit,,251.127,341.0,,,,,,,Sources:Manual,,,1.46,,,Final/Finales,
05LH005,2011-08-16T16:55:00,-6,Stage/Niveau d'eau,251.13,,,,,,,,,Source:Manual Sensor Reset Correction of -0.012,,,,,,Final/Finales,
05LH005,2011-05-11T16:00:00,-6,Stage/Niveau d'eau,251.265,,,,,,,,,Source:Manual Reference point and method not documented.,,,,,,Final/Finales,
05LH005,2011-05-11T15:43:00,-6,Discharge/Débit,,251.263,387.0,,,,,,,Sources:Manual,,,,,,Final/Finales,
05LH005,2011-05-11T14:50:00,-6,Stage/Niveau d'eau,251.251,,,,,,,,,Source:Manual Sensor Reset Correction of 0.001,,,,,,Final/Finales,
05LH005,2011-04-30T17:49:00,-6,Discharge/Débit,,251.154,362.0,,,,,,,Sources:Manual,,,,,,Final/Finales,
05LH005,2011-04-30T16:10:00,-6,Stage/Niveau d'eau,251.154,,,,,,,,,Source:Manual Sensor Reset Correction of -0.004,,,,,,Final/Finales,
05LH005,2011-03-02T18:50:00,-6,Stage/Niveau d'eau,251.106,,,,,,,,,Source:Manual Sensor Reset Correction of 0.019,,,,,,Final/Finales,
05LH005,2011-03-02T17:40:00,-6,Discharge/Débit,,251.106,134.0,,,,,,,Sources:Manual,,,,,,Final/Finales,
05LH005,2011-01-12T17:40:00,-6,Stage/Niveau d'eau,251.367,,,,,,,,,Source:Manual Sensor Reset Correction of 0.063,,,,,,Final/Finales,
05LH005,2011-01-12T06:00:00,-6,Discharge/Débit,,251.367,155.0,,,,,,,open lead u's of cableway Sources:Manual,85.0,191.0,,,,Final/Finales,
05LH005,2011-01-11T19:25:00,-6,Stage/Niveau d'eau,251.378,,,,,,,,,Source:Manual Sensor Reset Correction of 0.077,,,,,,Final/Finales,
05LH005,2010-09-14T20:48:00,-6,Stage/Niveau d'eau,250.732,,,,,,,,,Reference point and method not documented.,,,,,,Provisional/Provisoire,
05LH005,2010-03-10T17:00:00,-6,Stage/Niveau d'eau,250.035,,,,,,,,,Reference point and method not documented.,,,,,,Provisional/Provisoire,
05LH005,2010-03-10T17:00:00,-6,Discharge/Débit,,250.035,23.3,,,,,,,,73.0,108.0,,1.0,0.5,Provisional/Provisoire,
05LH005,2010-01-19T22:40:00,-6,Discharge/Débit,,250.165,38.2,,,,,,,,76.0,124.7,,-8.0,0.5,Final/Finales,
05LH005,2010-01-19T22:40:00,-6,Stage/Niveau d'eau,250.165,,,,,,,,,Reference point and method not documented.,,,,,,Final/Finales,
05LH005,2009-10-28T17:22:00,-6,Stage/Niveau d'eau,250.181,,,,,,,,,Reference point and method not documented.,,,,,,Provisional/Provisoire,
05LH005,2009-10-28T17:22:00,-6,Discharge/Débit,,250.181,116.0,,,,,,,,79.0,164.0,,6.0,4.0,Provisional/Provisoire,
05LH005,2009-04-28T15:52:00,-6,Stage/Niveau d'eau,250.221,,,,,,,,,Reference point and method not documented.,,,,,,Final/Finales,
05LH005,2009-04-28T15:52:00,-6,Discharge/Débit,,250.221,123.0,,,,,,,,80.0,167.0,,-1.0,2.0,Final/Finales,
05LH005,2009-04-15T17:10:00,-6,Stage/Niveau d'eau,250.076,,,,,,,,,Reference point and method not documented.,,,,,,Final/Finales,
05LH005,2009-03-04T17:45:00,-6,Stage/Niveau d'eau,250.063,,,,,,,,,Reference point and method not documented.,,,,,,Final/Finales,
05LH005,2009-03-03T16:31:00,-6,Discharge/Débit,,250.067,25.8,,,,,,,,71.0,113.0,,-6.0,0.5,Final/Finales,
05LH005,2009-03-03T16:31:00,-6,Stage/Niveau d'eau,250.067,,,,,,,,,Reference point and method not documented.,,,,,,Final/Finales,
05LH005,2009-01-21T18:22:00,-6,Discharge/Débit,,250.182,42.1,,,,,,,,78.0,124.0,,-5.0,0.5,Final/Finales,
05LH005,2009-01-21T18:22:00,-6,Stage/Niveau d'eau,250.182,,,,,,,,,Reference point and method not documented.,,,,,,Final/Finales,
05LH005,2008-12-10T18:15:00,-6,Stage/Niveau d'eau,250.375,,,,,,,,,Reference point and method not documented.,,,,,,Final/Finales,
05LH005,2008-12-10T18:15:00,-6,Discharge/Débit,,250.375,59.5,,,,,,,,75.5,141.0,,-18.0,0.0,Final/Finales,
05LH005,2008-10-29T18:32:00,-6,Discharge/Débit,,250.181,113.0,,,,,,,,80.0,163.0,,5.0,4.0,Final/Finales,
05LH005,2008-10-29T18:32:00,-6,Stage/Niveau d'eau,250.181,,,,,,,,,Reference point and method not documented.,,,,,,Final/Finales,
05LH005,2008-09-26T18:15:00,-6,Stage/Niveau d'eau,250.269,,,,,,,,,Reference point and method not documented.,,,,,,Final/Finales,
05LH005,2008-09-23T19:30:00,-6,Stage/Niveau d'eau,250.236,,,,,,,,,Reference point and method not documented.,,,,,,Final/Finales,
05LH005,2008-07-09T16:30:00,-6,Stage/Niveau d'eau,250.42,,,,,,,,,Reference point and method not documented.,,,,,,Final/Finales,
05LH005,2008-06-04T17:51:00,-6,Stage/Niveau d'eau,250.444,,,,,,,,,Reference point and method not documented.,,,,,,Final/Finales,
05LH005,2008-06-04T17:51:00,-6,Discharge/Débit,,250.444,171.0,,,,,,,,84.0,184.0,,16.0,14.0,Final/Finales,
05LH005,2008-04-23T19:40:00,-6,Discharge/Débit,,250.515,184.0,,,,,,,,85.0,190.0,,7.0,1.0,Final/Finales,
05LH005,2008-04-23T19:40:00,-6,Stage/Niveau d'eau,250.515,,,,,,,,,Reference point and method not documented.,,,,,,Final/Finales,
05LH005,2008-04-08T15:32:00,-6,Discharge/Débit,,250.552,65.7,,,,,,,,73.5,146.0,,3.0,0.5,Final/Finales,
05LH005,2008-04-08T15:32:00,-6,Stage/Niveau d'eau,250.552,,,,,,,,,Reference point and method not documented.,,,,,,Final/Finales,
05LH005,2008-03-05T18:43:00,-6,Stage/Niveau d'eau,250.475,,,,,,,,,Reference point and method not documented.,,,,,,Final/Finales,
05LH005,2008-03-05T18:43:00,-6,Discharge/Débit,,250.475,71.1,,,,,,,,78.0,147.0,,-15.0,0.5,Final/Finales,
05LH005,2008-02-21T16:40:00,-6,Stage/Niveau d'eau,250.506,,,,,,,,,Reference point and method not documented.,,,,,,Final/Finales,
05LH005,2008-01-24T20:20:00,-6,Stage/Niveau d'eau,250.613,,,,,,,,,Reference point and method not documented.,,,,,,Final/Finales,
05LH005,2008-01-24T20:20:00,-6,Discharge/Débit,,250.613,92.9,,,,,,,,77.0,162.0,,-12.0,0.5,Final/Finales,
05LH005,2007-12-13T20:01:00,-6,Discharge/Débit,,250.967,87.5,,,,,,,,79.5,165.0,,-22.0,0.5,Final/Finales,
05LH005,2007-12-13T20:01:00,-6,Stage/Niveau d'eau,250.967,,,,,,,,,Reference point and method not documented.,,,,,,Final/Finales,
05LH005,2007-10-29T18:54:00,-6,Discharge/Débit,,250.549,194.0,,,,,,,,84.0,195.0,,8.0,4.5,Provisional/Provisoire,
05LH005,2007-10-29T18:54:00,-6,Stage/Niveau d'eau,250.549,,,,,,,,,Reference point and method not documented.,,,,,,Provisional/Provisoire,
05LH005,2007-08-29T21:23:00,-6,Discharge/Débit,,250.643,214.0,,,,,,,,85.5,201.0,,24.0,16.0,Provisional/Provisoire,
05LH005,2007-08-29T21:23:00,-6,Stage/Niveau d'eau,250.643,,,,,,,,,Reference point and method not documented.,,,,,,Provisional/Provisoire,
05LH005,2007-06-13T18:57:00,-6,Discharge/Débit,,250.728,237.0,,,,,,,,87.0,209.0,,21.0,19.0,Final/Finales,
05LH005,2007-06-13T18:57:00,-6,Stage/Niveau d'eau,250.728,,,,,,,,,Reference point and method not documented.,,,,,,Final/Finales,
05LH005,2007-05-02T18:20:00,-6,Discharge/Débit,,250.519,192.0,,,,,,,,85.0,195.0,,17.0,12.0,Final/Finales,
05LH005,2007-05-02T18:20:00,-6,Stage/Niveau d'eau,250.519,,,,,,,,,Reference point and method not documented.,,,,,,Final/Finales,
05LH005,2007-04-19T18:24:00,-6,Discharge/Débit,,250.477,177.0,,,,,,,,84.0,190.0,,17.0,1.0,Final/Finales,
05LH005,2007-04-19T18:24:00,-6,Stage/Niveau d'eau,250.477,,,,,,,,,Reference point and method not documented.,,,,,,Final/Finales,
05LH005,2007-04-12T18:51:00,-6,Discharge/Débit,,250.531,147.0,,,,,,,,77.0,184.0,,4.0,1.0,Final/Finales,
05LH005,2007-04-12T18:51:00,-6,Stage/Niveau d'eau,250.531,,,,,,,,,Reference point and method not documented.,,,,,,Final/Finales,
05LH005,2007-03-27T15:37:00,-6,Discharge/Débit,,250.623,78.1,,,,,,,,79.0,160.0,,4.0,0.5,Final/Finales,
05LH005,2007-03-27T15:37:00,-6,Stage/Niveau d'eau,250.623,,,,,,,,,Reference point and method not documented.,,,,,,Final/Finales,
05LH005,2007-01-23T20:45:00,-6,Discharge/Débit,,250.762,90.6,,,,,,,,81.0,176.0,,-6.0,0.5,Final/Finales,
05LH005,2007-01-23T20:45:00,-6,Stage/Niveau d'eau,250.762,,,,,,,,,Reference point and method not documented.,,,,,,Final/Finales,
05LH005,2006-12-13T20:15:00,-6,Stage/Niveau d'eau,2.966,,,,,,,,,Reference point and method not documented.,,,,,,Provisional/Provisoire,
05LH005,2006-12-13T06:00:00,-6,Discharge/Débit,,2.966,105.0,,,,,,,,88.5,199.0,,-6.0,0.5,Provisional/Provisoire,
05LH005,2006-11-24T19:22:00,-6,Stage/Niveau d'eau,3.15,,,,,,,,,Reference point and method not documented.,,,,,,Final/Finales,
05LH005,2006-11-23T22:24:00,-6,Stage/Niveau d'eau,3.195,,,,,,,,,Reference point and method not documented.,,,,,,Final/Finales,
05LH005,2006-11-14T21:27:00,-6,Stage/Niveau d'eau,2.541,,,,,,,,,Reference point and method not documented.,,,,,,Final/Finales,
05LH005,2006-11-09T16:30:00,-6,Stage/Niveau d'eau,2.273,,,,,,,,,Reference point and method not documented.,,,,,,Final/Finales,
05LH005,2006-10-19T16:16:00,-6,Discharge/Débit,,250.57,203.0,,,,,,,,87.0,201.0,,-1.0,2.0,Provisional/Provisoire,
05LH005,2006-10-19T16:16:00,-6,Stage/Niveau d'eau,250.57,,,,,,,,,Reference point and method not documented.,,,,,,Provisional/Provisoire,
05LH005,2006-08-16T18:09:00,-6,Stage/Niveau d'eau,2.464,,,,,,,,,Reference point and method not documented.,,,,,,Provisional/Provisoire,
05LH005,2006-05-11T20:27:00,-6,Stage/Niveau d'eau,250.577,,,,,,,,,Reference point and method not documented.,,,,,,Final/Finales,
05LH005,2006-05-11T20:27:00,-6,Discharge/Débit,,250.577,204.0,,,,,,,,85.5,197.0,,13.0,12.0,Final/Finales,
05LH005,2006-04-24T19:03:00,-6,Discharge/Débit,,250.431,166.0,,,,,,,,83.0,185.0,,11.0,8.0,Final/Finales,
05LH005,2006-04-24T19:03:00,-6,Stage/Niveau d'eau,250.431,,,,,,,,,Reference point and method not documented.,,,,,,Final/Finales,
05LH005,2006-03-14T16:35:00,-6,Discharge/Débit,,2.468,59.7,,,,,,,,80.0,158.0,,-8.0,0.5,Final/Finales,
05LH005,2006-03-14T16:35:00,-6,Stage/Niveau d'eau,2.468,,,,,,,,,Reference point and method not documented.,,,,,,Final/Finales,
05LH005,2006-01-18T16:46:00,-6,Discharge/Débit,,2.652,66.7,,,,,,,,77.0,146.78,,-13.0,0.5,Final/Finales,
05LH005,2006-01-18T16:46:00,-6,Stage/Niveau d'eau,2.652,,,,,,,,,Reference point and method not documented.,,,,,,Final/Finales,
05LH005,2006-01-17T21:14:00,-6,Stage/Niveau d'eau,2.647,,,,,,,,,Reference point and method not documented.,,,,,,Final/Finales,
05LH005,2005-12-13T20:25:00,-6,Stage/Niveau d'eau,2.852,,,,,,,,,Reference point and method not documented.,,,,,,Final/Finales,
05LH005,2005-10-28T17:31:00,-6,Stage/Niveau d'eau,2.14,,,,,,,,,Reference point and method not documented.,,,,,,Final/Finales,
05LH005,2005-06-15T20:49:00,-6,Stage/Niveau d'eau,250.379,,,,,,,,,Reference point and method not documented.,,,,,,Provisional/Provisoire,
05LH005,2005-06-15T20:49:00,-6,Discharge/Débit,,250.379,161.0,,,,,,,Sources:Manual,80.0,180.07,,24.0,21.0,Provisional/Provisoire,
05LH005,2005-04-13T16:12:00,-6,Discharge/Débit,,250.096,101.0,,,,,,,,77.0,155.06,,8.0,1.0,Final/Finales,
05LH005,2005-04-13T16:12:00,-6,Stage/Niveau d'eau,250.096,,,,,,,,,Reference point and method not documented.,,,,,,Final/Finales,
05LH005,2005-03-23T20:43:00,-6,Stage/Niveau d'eau,1.6,,,,,,,,,Reference point and method not documented.,,,,,,Final/Finales,
05LH005,2005-03-23T20:43:00,-6,Discharge/Débit,,1.6,4.44,,,,,,,,52.0,65.735,,-1.0,0.5,Final/Finales,
05LH005,2005-01-12T17:40:00,-6,Discharge/Débit,,1.978,29.0,,,,,,,,73.0,92.9,0.313,-16.0,0.5,Final/Finales,
05LH005,2005-01-12T17:40:00,-6,Stage/Niveau d'eau,1.978,,,,,,,,,Reference point and method not documented.,,,,,,Final/Finales,
05LH005,2004-11-30T18:50:00,-6,Stage/Niveau d'eau,2.444,,,,,,,,,Reference point and method not documented.,,,,,,Final/Finales,
05LH005,2004-09-30T22:45:00,-6,Stage/Niveau d'eau,1.933,,,,,,,,,Reference point and method not documented.,,,,,,Final/Finales,
05LH005,2004-07-06T17:46:00,-6,Discharge/Débit,,249.896,67.6,,,,,,,,72.0,140.0,,23.0,21.0,Provisional/Provisoire,
05LH005,2004-07-06T17:46:00,-6,Stage/Niveau d'eau,249.896,,,,,,,,,Reference point and method not documented.,,,,,,Provisional/Provisoire,
05LH005,2004-04-22T15:05:00,-6,Discharge/Débit,,249.504,22.7,,,,,,,,66.0,108.0,,3.0,,Final/Finales,
05LH005,2004-04-22T15:05:00,-6,Stage/Niveau d'eau,249.504,,,,,,,,,Reference point and method not documented.,,,,,,Final/Finales,
05LH005,2004-03-31T16:51:00,-6,Discharge/Débit,,,0.175,,,,,,,,23.0,6.49,0.027,6.0,,Final/Finales,
05LH005,2004-01-13T20:20:00,-6,Stage/Niveau d'eau,1.061,,,,,,,,,Reference point and method not documented.,,,,,,Final/Finales,
05LH005,2004-01-13T20:20:00,-6,Discharge/Débit,,1.061,1.19,,,,,,,,32.0,15.0,0.079,-25.0,0.5,Final/Finales,
05LH005,2003-12-10T17:50:00,-6,Stage/Niveau d'eau,1.244,,,,,,,,,Reference point and method not documented.,,,,,,Final/Finales,
05LH005,2003-12-10T17:50:00,-6,Discharge/Débit,,1.244,3.59,,,,,,,,57.0,72.2,0.05,-20.0,0.5,Final/Finales,
05LH005,2003-11-04T18:40:00,-6,Stage/Niveau d'eau,1.404,,,,,,,,,Reference point and method not documented.,,,,,,Final/Finales,
05LH005,2003-09-10T18:23:00,-6,Discharge/Débit,,249.448,20.1,,,,,,,,74.5,47.6,,22.0,,Final/Finales,
05LH005,2003-09-10T18:23:00,-6,Stage/Niveau d'eau,249.448,,,,,,,,,Reference point and method not documented.,,,,,,Final/Finales,
05LH005,2003-08-27T17:30:00,-6,Stage/Niveau d'eau,1.315,,,,,,,,,Reference point and method not documented.,,,,,,Final/Finales,
05LH005,2003-06-10T21:20:00,-6,Stage/Niveau d'eau,1.696,,,,,,,,,Reference point and method not documented.,,,,,,Provisional/Provisoire,
05LH005,2003-05-29T15:00:00,-6,Stage/Niveau d'eau,1.71,,,,,,,,,Reference point and method not documented.,,,,,,Final/Finales,
05LH005,2003-04-30T16:15:00,-6,Discharge/Débit,,249.637,35.1,,,,,,,,70.0,122.0,,8.0,,Final/Finales,
05LH005,2003-04-30T16:15:00,-6,Stage/Niveau d'eau,249.637,,,,,,,,,Reference point and method not documented.,,,,,,Final/Finales,
05LH005,2003-03-26T23:48:00,-6,Discharge/Débit,,249.027,0.05,,,,,,,"Added GSC correction 248.110 m for curve development Sources:Manual ==Mean gage height correction: Observed value=0.917, Correction=248.11 ==",19.0,4.15,0.012,5.0,,Final/Finales,
05LH005,2003-03-26T23:48:00,-6,Stage/Niveau d'eau,0.917,,,,,,,,,Reference point and method not documented.,,,,,,Final/Finales,
05LH005,2003-01-14T20:48:00,-6,Discharge/Débit,,1.187,1.96,,,,,,,,34.5,13.7,0.144,-19.0,,Final/Finales,
05LH005,2003-01-14T20:48:00,-6,Stage/Niveau d'eau,1.187,,,,,,,,,Reference point and method not documented.,,,,,,Final/Finales,
05LH005,2002-12-10T18:42:00,-6,Discharge/Débit,,1.327,2.63,,,,,,,,65.0,81.9,0.032,5.0,,Final/Finales,
05LH005,2002-12-10T18:42:00,-6,Stage/Niveau d'eau,1.327,,,,,,,,,Reference point and method not documented.,,,,,,Final/Finales,
05LH005,2002-10-23T14:35:00,-6,Stage/Niveau d'eau,1.462,,,,,,,,,Reference point and method not documented.,,,,,,Final/Finales,
05LH005,2002-06-12T21:10:00,-6,Stage/Niveau d'eau,1.768,,,,,,,,,Reference point and method not documented.,,,,,,Provisional/Provisoire,
05LH005,2002-05-07T19:25:00,-6,Discharge/Débit,,249.729,47.2,,,,,,,,71.0,128.0,,7.0,,Final/Finales,
05LH005,2002-05-07T19:25:00,-6,Stage/Niveau d'eau,249.729,,,,,,,,,Reference point and method not documented.,,,,,,Final/Finales,
05LH005,2002-04-25T14:10:00,-6,Stage/Niveau d'eau,1.395,,,,,,,,,Reference point and method not documented.,,,,,,Final/Finales,
05LH005,2002-04-12T15:05:00,-6,Stage/Niveau d'eau,1.275,,,,,,,,,Reference point and method not documented.,,,,,,Final/Finales,
05LH005,2002-03-01T15:27:00,-6,Stage/Niveau d'eau,1.304,,,,,,,,,Reference point and method not documented.,,,,,,Final/Finales,
05LH005,2002-03-01T15:27:00,-6,Discharge/Débit,,1.304,3.79,,,,,,,,34.5,20.9,0.181,-20.0,,Final/Finales,
05LH005,2002-01-23T20:30:00,-6,Stage/Niveau d'eau,1.405,,,,,,,,,Reference point and method not documented.,,,,,,Final/Finales,
05LH005,2002-01-09T20:55:00,-6,Discharge/Débit,,1.482,9.36,,,,,,,,64.0,94.7,0.099,2.0,0.0,Final/Finales,
05LH005,2002-01-09T20:55:00,-6,Stage/Niveau d'eau,1.482,,,,,,,,,Reference point and method not documented.,,,,,,Final/Finales,
05LH005,2001-11-28T19:30:00,-6,Stage/Niveau d'eau,2.081,,,,,,,,,Reference point and method not documented.,,,,,,Final/Finales,
05LH005,2001-10-03T17:20:00,-6,Stage/Niveau d'eau,1.696,,,,,,,,,Reference point and method not documented.,,,,,,Final/Finales,
05LH005,2001-06-11T23:21:00,-6,Stage/Niveau d'eau,250.109,,,,,,,,,Reference point and method not documented.,,,,,,Provisional/Provisoire,
05LH005,2001-06-11T23:21:00,-6,Discharge/Débit,,250.109,106.0,,,,,,,,78.0,158.0,,20.0,,Provisional/Provisoire,
05LH005,2001-04-25T15:45:00,-6,Stage/Niveau d'eau,249.685,,,,,,,,,Reference point and method not documented.,,,,,,Final/Finales,
05LH005,2001-04-25T15:45:00,-6,Discharge/Débit,,249.685,40.8,,,,,,,,85.1,120.438,,12.0,1.0,Final/Finales,
05LH005,2001-03-09T15:56:00,-6,Discharge/Débit,,1.365,2.91,,,,,,,,31.0,17.2,0.169,-9.0,0.5,Final/Finales,
05LH005,2001-03-09T15:56:00,-6,Stage/Niveau d'eau,1.365,,,,,,,,,Reference point and method not documented.,,,,,,Final/Finales,
05LH005,2001-01-16T21:34:00,-6,Discharge/Débit,,1.521,7.27,,,,,,,,69.0,94.5,0.077,-17.0,0.5,Final/Finales,
05LH005,2001-01-16T21:34:00,-6,Stage/Niveau d'eau,1.521,,,,,,,,,Reference point and method not documented.,,,,,,Final/Finales,
05LH005,2000-10-19T18:00:00,-6,Stage/Niveau d'eau,1.732,,,,,,,,,Reference point and method not documented.,,,,,,Final/Finales,
05LH005,2000-09-21T15:45:00,-6,Stage/Niveau d'eau,1.808,,,,,,,,,Reference point and method not documented.,,,,,,Final/Finales,
05LH005,2000-07-13T17:20:00,-6,Stage/Niveau d'eau,1.874,,,,,,,,,Reference point and method not documented.,,,,,,Provisional/Provisoire,
05LH005,2000-06-15T19:00:00,-6,Stage/Niveau d'eau,1.903,,,,,,,,,Reference point and method not documented.,,,,,,Final/Finales,
05LH005,2000-04-11T14:25:00,-6,Stage/Niveau d'eau,1.95,,,,,,,,,Reference point and method not documented.,,,,,,Final/Finales,
05LH005,2000-03-30T18:20:00,-6,Stage/Niveau d'eau,1.942,,,,,,,,,Reference point and method not documented.,,,,,,Final/Finales,
05LH005,2000-03-27T21:00:00,-6,Stage/Niveau d'eau,1.956,,,,,,,,,Reference point and method not documented.,,,,,,Final/Finales,
05LH005,2000-03-03T16:19:00,-6,Discharge/Débit,,2.059,26.3,,,,,,,,75.0,102.0,0.257,3.0,0.0,Final/Finales,
05LH005,2000-03-03T16:19:00,-6,Stage/Niveau d'eau,2.059,,,,,,,,,Reference point and method not documented.,,,,,,Final/Finales,
05LH005,2000-01-19T21:05:00,-6,Discharge/Débit,,2.164,32.9,,,,,,,,75.0,97.4,0.337,-25.0,0.0,Final/Finales,
05LH005,2000-01-19T21:05:00,-6,Stage/Niveau d'eau,2.164,,,,,,,,,Reference point and method not documented.,,,,,,Final/Finales,
05LH005,1999-11-04T17:03:30,-6,Discharge/Débit,,249.987,80.9,,,,,,,,76.0,147.0,,1.0,2.0,Final/Finales,
05LH005,1999-11-04T17:03:00,-6,Stage/Niveau d'eau,249.987,,,,,,,,,Reference point and method not documented.,,,,,,Final/Finales,
05LH005,1999-09-30T16:35:00,-6,Stage/Niveau d'eau,2.2,,,,,,,,,Reference point and method not documented.,,,,,,Final/Finales,
05LH005,1999-09-14T17:40:00,-6,Stage/Niveau d'eau,2.071,,,,,,,,,Reference point and method not documented.,,,,,,Provisional/Provisoire,
05LH005,1999-08-04T21:30:00,-6,Stage/Niveau d'eau,2.123,,,,,,,,,Reference point and method not documented.,,,,,,Final/Finales,
05LH005,1999-06-16T00:00:00,-6,Stage/Niveau d'eau,2.202,,,,,,,,,Reference point and method not documented.,,,,,,Final/Finales,
05LH005,1999-06-04T16:30:00,-6,Stage/Niveau d'eau,2.122,,,,,,,,,Reference point and method not documented.,,,,,,Final/Finales,
05LH005,1999-06-01T17:50:00,-6,Stage/Niveau d'eau,2.147,,,,,,,,,Reference point and method not documented.,,,,,,Final/Finales,
05LH005,1999-04-12T15:31:00,-6,Stage/Niveau d'eau,250.085,,,,,,,,,Reference point and method not documented.,,,,,,Final/Finales,
05LH005,1999-04-12T06:00:00,-6,Discharge/Débit,,250.085,98.7,,,,,,,,74.0,155.0,,3.0,,Final/Finales,
05LH005,1999-01-26T20:41:00,-6,Stage/Niveau d'eau,1.947,,,,,,,,,Reference point and method not documented.,,,,,,Final/Finales,
05LH005,1999-01-26T20:41:00,-6,Discharge/Débit,,1.947,19.1,,,,,,,,72.0,86.9,0.22,-6.0,0.5,Final/Finales,
05LH005,1998-12-17T17:25:00,-6,Discharge/Débit,,2.325,54.1,,,,,,,,95.0,119.0,0.457,-8.0,,Final/Finales,
05LH005,1998-12-17T17:25:00,-6,Stage/Niveau d'eau,2.325,,,,,,,,,Reference point and method not documented.,,,,,,Final/Finales,
05LH005,1998-10-30T15:00:00,-6,Stage/Niveau d'eau,2.045,,,,,,,,,Reference point and method not documented.,,,,,,Final/Finales,
05LH005,1998-10-02T15:35:00,-6,Stage/Niveau d'eau,1.987,,,,,,,,,Reference point and method not documented.,,,,,,Final/Finales,
05LH005,1998-07-14T19:50:00,-6,Stage/Niveau d'eau,2.17,,,,,,,,,Reference point and method not documented.,,,,,,Final/Finales,
05LH005,1998-05-26T19:30:00,-6,Stage/Niveau d'eau,250.31,,,,,,,,,Reference point and method not documented.,,,,,,Final/Finales,
05LH005,1998-05-26T19:30:00,-6,Discharge/Débit,,250.31,142.0,,,,,,,,83.0,174.0,,22.0,18.0,Final/Finales,
05LH005,1998-04-21T21:00:00,-6,Stage/Niveau d'eau,2.281,,,,,,,,,Reference point and method not documented.,,,,,,Final/Finales,
05LH005,1998-02-25T22:41:00,-6,Discharge/Débit,,2.809,103.0,,,,,,,,84.0,217.0,0.476,-3.0,0.5,Final/Finales,
05LH005,1998-02-25T22:41:00,-6,Stage/Niveau d'eau,2.809,,,,,,,,,Reference point and method not documented.,,,,,,Final/Finales,
05LH005,1998-01-06T21:35:00,-6,Stage/Niveau d'eau,3.041,,,,,,,,,Reference point and method not documented.,,,,,,Final/Finales,
05LH005,1997-10-28T20:30:00,-6,Stage/Niveau d'eau,2.233,,,,,,,,,Reference point and method not documented.,,,,,,Final/Finales,
05LH005,1997-09-11T17:40:00,-6,Stage/Niveau d'eau,2.241,,,,,,,,,Reference point and method not documented.,,,,,,Final/Finales,
05LH005,1997-07-18T16:50:00,-6,Stage/Niveau d'eau,2.415,,,,,,,,,Reference point and method not documented.,,,,,,Final/Finales,
05LH005,1997-05-13T16:50:00,-6,Stage/Niveau d'eau,2.409,,,,,,,,,Reference point and method not documented.,,,,,,Final/Finales,
05LH005,1997-04-30T17:35:00,-6,Discharge/Débit,,2.37,179.0,,,,,,,,83.0,187.0,0.956,-4.0,,Final/Finales,
05LH005,1997-04-30T17:35:00,-6,Stage/Niveau d'eau,2.37,,,,,,,,,Reference point and method not documented.,,,,,,Final/Finales,
05LH005,1997-04-29T18:30:00,-6,Stage/Niveau d'eau,2.428,,,,,,,,,Reference point and method not documented.,,,,,,Final/Finales,
05LH005,1997-03-19T19:18:00,-6,Discharge/Débit,,2.295,44.7,,,,,,,,74.0,132.0,0.338,-2.0,0.5,Final/Finales,
05LH005,1997-03-19T19:18:00,-6,Stage/Niveau d'eau,2.295,,,,,,,,,Reference point and method not documented.,,,,,,Final/Finales,
05LH005,1997-01-13T19:07:00,-6,Discharge/Débit,,2.435,42.8,,,,,,,,51.0,95.1,0.45,-22.0,0.5,Final/Finales,
05LH005,1997-01-13T19:07:00,-6,Stage/Niveau d'eau,2.435,,,,,,,,,Reference point and method not documented.,,,,,,Final/Finales,
05LH005,1996-07-18T14:30:00,-6,Stage/Niveau d'eau,2.429,,,,,,,,,Reference point and method not documented.,,,,,,Final/Finales,
05LH005,1996-05-23T15:20:00,-6,Discharge/Débit,,2.271,157.0,,,,,,,,80.0,179.0,0.877,12.0,12.0,Final/Finales,
05LH005,1996-05-23T15:20:00,-6,Stage/Niveau d'eau,2.271,,,,,,,,,Reference point and method not documented.,,,,,,Final/Finales,
05LH005,1996-04-02T18:00:00,-6,Discharge/Débit,,1.855,13.9,,,,,,,,71.0,93.1,0.149,-5.0,0.0,Final/Finales,
05LH005,1996-04-02T18:00:00,-6,Stage/Niveau d'eau,1.855,,,,,,,,,Reference point and method not documented.,,,,,,Final/Finales,
05LH005,1996-02-26T21:20:00,-6,Discharge/Débit,,1.908,18.9,,,,,,,,70.0,98.9,0.191,-18.0,0.0,Final/Finales,
05LH005,1996-02-26T21:20:00,-6,Stage/Niveau d'eau,1.908,,,,,,,,,Reference point and method not documented.,,,,,,Final/Finales,
05LH005,1996-01-22T18:55:00,-6,Discharge/Débit,,2.042,36.6,,,,,,,,72.0,116.01,0.315,-27.0,0.0,Final/Finales,
05LH005,1996-01-22T18:53:00,-6,Stage/Niveau d'eau,2.042,,,,,,,,,Reference point and method not documented.,,,,,,Final/Finales,
05LH005,1996-01-22T18:30:00,-6,Stage/Niveau d'eau,2.039,,,,,,,,,Reference point and method not documented.,,,,,,Final/Finales,
05LH005,1996-01-22T18:30:00,-6,Discharge/Débit,,2.039,36.6,,,,,,,,72.0,116.0,0.316,-27.0,0.0,Final/Finales,
05LH005,1995-12-11T18:40:00,-6,Stage/Niveau d'eau,2.093,,,,,,,,,Reference point and method not documented.,,,,,,Final/Finales,
05LH005,1995-12-11T18:40:00,-6,Discharge/Débit,,2.093,45.2,,,,,,,,71.0,114.0,0.396,-28.0,0.0,Final/Finales,
05LH005,1995-12-05T20:20:00,-6,Discharge/Débit,,1.908,44.9,,,,,,,,68.0,133.0,,-20.0,0.0,Final/Finales,
05LH005,1995-12-05T20:20:00,-6,Stage/Niveau d'eau,1.908,,,,,,,,,Reference point and method not documented.,,,,,,Final/Finales,
05LH005,1995-11-03T15:30:00,-6,Stage/Niveau d'eau,1.748,,,,,,,,,Reference point and method not documented.,,,,,,Final/Finales,
05LH005,1995-09-13T19:20:00,-6,Stage/Niveau d'eau,2.121,,,,,,,,,Reference point and method not documented.,,,,,,Final/Finales,
05LH005,1995-07-27T15:10:00,-6,Stage/Niveau d'eau,1.819,,,,,,,,,Reference point and method not documented.,,,,,,Final/Finales,
05LH005,1995-06-22T21:50:00,-6,Discharge/Débit,,250.175,117.0,,,,,,,,79.0,161.0,,25.0,26.0,Final/Finales,
05LH005,1995-06-22T21:50:00,-6,Stage/Niveau d'eau,250.175,,,,,,,,,Reference point and method not documented.,,,,,,Final/Finales,
05LH005,1995-04-26T22:10:00,-6,Discharge/Débit,,1.938,94.4,,,,,,,,76.0,151.0,0.625,1.0,3.0,Final/Finales,
05LH005,1995-04-26T22:10:00,-6,Stage/Niveau d'eau,1.938,,,,,,,,,Reference point and method not documented.,,,,,,Final/Finales,
05LH005,1995-04-10T18:00:00,-6,Discharge/Débit,,1.938,31.8,,,,,,,,70.0,114.0,0.279,2.0,0.0,Final/Finales,
05LH005,1995-04-10T18:00:00,-6,Stage/Niveau d'eau,1.938,,,,,,,,,Reference point and method not documented.,,,,,,Final/Finales,
05LH005,1995-03-06T19:30:00,-6,Discharge/Débit,,1.81,18.3,,,,,,,,69.0,102.0,0.179,-16.0,0.0,Final/Finales,
05LH005,1995-03-06T19:30:00,-6,Stage/Niveau d'eau,1.81,,,,,,,,,Reference point and method not documented.,,,,,,Final/Finales,
05LH005,1995-01-09T19:20:00,-6,Discharge/Débit,,1.845,28.7,,,,,,,,69.0,122.0,0.235,-24.0,0.0,Final/Finales,
05LH005,1995-01-09T19:20:00,-6,Stage/Niveau d'eau,1.845,,,,,,,,,Reference point and method not documented.,,,,,,Final/Finales,
05LH005,1994-12-05T20:20:00,-6,Stage/Niveau d'eau,1.908,,,,,,,,,Reference point and method not documented.,,,,,,Final/Finales,
05LH005,1994-12-05T20:20:00,-6,Discharge/Débit,,1.908,44.9,,,,,,,,68.0,133.0,0.338,-20.0,0.0,Final/Finales,
05LH005,1994-10-24T17:40:00,-6,Stage/Niveau d'eau,1.982,,,,,,,,,Reference point and method not documented.,,,,,,Final/Finales,
05LH005,1994-09-20T17:00:00,-6,Stage/Niveau d'eau,1.901,,,,,,,,,Reference point and method not documented.,,,,,,Final/Finales,
05LH005,1994-09-20T17:00:00,-6,Discharge/Débit,,1.901,87.2,,,,,,,,76.0,148.0,0.589,20.0,17.0,Final/Finales,
05LH005,1994-08-11T15:40:00,-6,Stage/Niveau d'eau,1.946,,,,,,,,,Reference point and method not documented.,,,,,,Final/Finales,
05LH005,1994-08-04T16:30:00,-6,Stage/Niveau d'eau,1.989,,,,,,,,,Reference point and method not documented.,,,,,,Final/Finales,
05LH005,1994-08-04T16:30:00,-6,Discharge/Débit,,1.989,103.0,,,,,,,,76.0,156.0,0.66,21.0,24.0,Final/Finales,
05LH005,1994-06-27T18:00:00,-6,Stage/Niveau d'eau,2.028,,,,,,,,,Reference point and method not documented.,,,,,,Final/Finales,
05LH005,1994-05-25T16:00:00,-6,Stage/Niveau d'eau,2.084,,,,,,,,,Reference point and method not documented.,,,,,,Final/Finales,
05LH005,1994-04-20T22:20:00,-6,Stage/Niveau d'eau,1.877,,,,,,,,,Reference point and method not documented.,,,,,,Final/Finales,
05LH005,1994-03-31T18:40:00,-6,Discharge/Débit,,1.859,9.56,,,,,,,,36.0,26.9,0.355,9.0,0.0,Final/Finales,
05LH005,1994-03-31T18:40:00,-6,Stage/Niveau d'eau,1.859,,,,,,,,,Reference point and method not documented.,,,,,,Final/Finales,
05LH005,1994-03-01T20:10:00,-6,Discharge/Débit,,1.655,3.88,,,,,,,,34.0,18.2,0.213,3.0,0.0,Final/Finales,
05LH005,1994-03-01T20:10:00,-6,Stage/Niveau d'eau,1.655,,,,,,,,,Reference point and method not documented.,,,,,,Final/Finales,
05LH005,1994-01-13T18:30:00,-6,Discharge/Débit,,2.026,23.8,,,,,,,,72.0,92.6,0.257,-28.0,0.0,Final/Finales,
05LH005,1994-01-13T18:30:00,-6,Stage/Niveau d'eau,2.026,,,,,,,,,Reference point and method not documented.,,,,,,Final/Finales,
05LH005,1992-12-12T12:20:00,-6,Stage/Niveau d'eau,1.288,,,,,,,,,Reference point and method not documented.,,,,,,Final/Finales,
05LH005,1992-12-12T12:20:00,-6,Discharge/Débit,,1.288,2.22,,,,,,,,32.0,138.0,0.016,-10.0,0.0,Final/Finales,
05LH005,1992-12-09T12:00:00,-6,Discharge/Débit,,1.598,20.8,,,,,,,,72.0,120.0,0.173,-9.0,0.0,Final/Finales,
05LH005,1992-12-09T12:00:00,-6,Stage/Niveau d'eau,1.598,,,,,,,,,Reference point and method not documented.,,,,,,Final/Finales,
05LH005,1992-11-04T11:00:00,-6,Stage/Niveau d'eau,1.703,,,,,,,,,Reference point and method not documented.,,,,,,Final/Finales,
05LH005,1992-09-22T13:00:00,-6,Stage/Niveau d'eau,1.649,,,,,,,,,Reference point and method not documented.,,,,,,Final/Finales,
05LH005,1992-08-10T12:20:00,-6,Stage/Niveau d'eau,1.694,,,,,,,,,Reference point and method not documented.,,,,,,Final/Finales,
05LH005,1992-07-09T11:30:00,-6,Stage/Niveau d'eau,1.814,,,,,,,,,Reference point and method not documented.,,,,,,Final/Finales,
05LH005,1992-07-09T11:30:00,-6,Discharge/Débit,,1.814,73.5,,,,,,,,73.5,142.0,0.518,19.0,20.0,Final/Finales,
05LH005,1992-06-04T13:40:00,-6,Stage/Niveau d'eau,1.901,,,,,,,,,Reference point and method not documented.,,,,,,Final/Finales,
05LH005,1992-05-06T14:20:00,-6,Discharge/Débit,,1.58,39.9,,,,,,,,69.5,122.0,0.327,30.0,14.0,Final/Finales,
05LH005,1992-05-06T14:20:00,-6,Stage/Niveau d'eau,1.58,,,,,,,,,Reference point and method not documented.,,,,,,Final/Finales,
05LH005,1992-04-08T15:00:00,-6,Discharge/Débit,,1.115,1.44,,,,,,,,23.0,8.95,0.161,4.0,0.0,Final/Finales,
05LH005,1992-04-08T15:00:00,-6,Stage/Niveau d'eau,1.115,,,,,,,,,Reference point and method not documented.,,,,,,Final/Finales,
05LH005,1992-03-05T12:00:00,-6,Discharge/Débit,,249.111,0.282,,,,,,,"Added GSC correction 248.110 m for curve development Sources:Manual ==Mean gage height correction: Observed value=1.001, Correction=248.11 ==",14.0,5.28,0.053,1.0,0.0,Final/Finales,
05LH005,1992-03-05T12:00:00,-6,Stage/Niveau d'eau,1.001,,,,,,,,,Reference point and method not documented.,,,,,,Final/Finales,
05LH005,1992-02-11T14:20:00,-6,Discharge/Débit,,249.031,0.154,,,,,,,"Added GSC correction 248.110 m for curve development Sources:Manual ==Mean gage height correction: Observed value=0.921, Correction=248.11 ==",11.5,4.57,0.034,-20.0,0.0,Final/Finales,
05LH005,1992-02-11T14:20:00,-6,Stage/Niveau d'eau,0.921,,,,,,,,,Reference point and method not documented.,,,,,,Final/Finales,
05LH005,1992-01-07T12:40:00,-6,Discharge/Débit,,1.113,1.35,,,,,,,,21.0,11.2,0.121,-7.0,0.0,Final/Finales,
05LH005,1992-01-07T12:40:00,-6,Stage/Niveau d'eau,1.113,,,,,,,,,Reference point and method not documented.,,,,,,Final/Finales,
05LH005,1991-12-17T12:40:00,-6,Discharge/Débit,,1.113,1.35,,,,,,,,21.0,11.2,0.121,-7.0,0.0,Final/Finales,
05LH005,1991-12-17T12:40:00,-6,Stage/Niveau d'eau,1.113,,,,,,,,,Reference point and method not documented.,,,,,,Final/Finales,
05LH005,1991-12-10T13:30:00,-6,Discharge/Débit,,1.308,3.52,,,,,,,,34.0,23.7,0.149,0.0,0.0,Final/Finales,
05LH005,1991-12-10T13:30:00,-6,Stage/Niveau d'eau,1.308,,,,,,,,,Reference point and method not documented.,,,,,,Final/Finales,
05LH005,1991-11-04T17:10:00,-6,Discharge/Débit,,1.553,18.4,,,,,,,,70.0,116.0,0.159,-10.0,0.0,Final/Finales,
05LH005,1991-11-04T17:10:00,-6,Stage/Niveau d'eau,1.553,,,,,,,,,Reference point and method not documented.,,,,,,Final/Finales,
05LH005,1991-09-23T12:00:00,-6,Stage/Niveau d'eau,1.563,,,,,,,,,Reference point and method not documented.,,,,,,Final/Finales,
05LH005,1991-08-12T13:40:00,-6,Stage/Niveau d'eau,1.705,,,,,,,,,Reference point and method not documented.,,,,,,Final/Finales,
05LH005,1991-07-02T12:00:00,-6,Stage/Niveau d'eau,1.98,,,,,,,,,Reference point and method not documented.,,,,,,Final/Finales,
05LH005,1991-06-03T12:00:00,-6,Stage/Niveau d'eau,1.872,,,,,,,,,Reference point and method not documented.,,,,,,Final/Finales,
05LH005,1991-05-16T12:00:00,-6,Discharge/Débit,,1.902,89.1,,,,,,,,77.0,148.0,0.602,24.0,20.0,Final/Finales,
05LH005,1991-05-16T12:00:00,-6,Stage/Niveau d'eau,1.902,,,,,,,,,Reference point and method not documented.,,,,,,Final/Finales,
05LH005,1991-04-18T11:30:00,-6,Stage/Niveau d'eau,1.642,,,,,,,,,Reference point and method not documented.,,,,,,Final/Finales,
05LH005,1991-04-18T11:30:00,-6,Discharge/Débit,,1.642,47.8,,,,,,,,70.0,129.0,0.371,1.0,1.0,Final/Finales,
05LH005,1991-04-10T11:00:00,-6,Stage/Niveau d'eau,1.439,,,,,,,,,Reference point and method not documented.,,,,,,Final/Finales,
05LH005,1991-03-27T13:40:00,-6,Discharge/Débit,,1.151,0.876,,,,,,,,23.0,8.91,0.098,-5.0,0.0,Final/Finales,
05LH005,1991-03-27T13:40:00,-6,Stage/Niveau d'eau,1.151,,,,,,,,,Reference point and method not documented.,,,,,,Final/Finales,
05LH005,1991-03-05T14:00:00,-6,Stage/Niveau d'eau,0.94,,,,,,,,,Reference point and method not documented.,,,,,,Final/Finales,
05LH005,1991-03-05T14:00:00,-6,Discharge/Débit,,249.05,0.353,,,,,,,"Added GSC correction 248.110 m for curve development Sources:Manual ==Mean gage height correction: Observed value=0.94, Correction=248.11 ==",14.5,7.06,0.05,-7.0,0.0,Final/Finales,
05LH005,1991-02-11T14:10:00,-6,Discharge/Débit,,1.22,1.44,,,,,,,,16.5,9.8,0.147,-8.0,0.0,Final/Finales,
05LH005,1991-02-11T14:10:00,-6,Stage/Niveau d'eau,1.22,,,,,,,,,Reference point and method not documented.,,,,,,Final/Finales,
05LH005,1991-01-07T14:40:00,-6,Stage/Niveau d'eau,1.472,,,,,,,,,Reference point and method not documented.,,,,,,Final/Finales,
05LH005,1991-01-07T14:40:00,-6,Discharge/Débit,,1.472,6.0,,,,,,,,68.0,93.3,0.064,-21.0,0.0,Final/Finales,
05LH005,1990-12-17T20:40:00,-6,Discharge/Débit,,1.472,6.0,,,,,,,,68.0,93.3,0.064,-21.0,0.0,Final/Finales,
05LH005,1990-12-17T20:40:00,-6,Stage/Niveau d'eau,1.472,,,,,,,,,Reference point and method not documented.,,,,,,Final/Finales,
05LH005,1990-12-11T18:30:00,-6,Stage/Niveau d'eau,1.797,,,,,,,,,Reference point and method not documented.,,,,,,Final/Finales,
05LH005,1990-12-11T18:30:00,-6,Discharge/Débit,,1.797,31.1,,,,,,,,74.0,127.0,0.245,-7.0,0.0,Final/Finales,
05LH005,1990-10-29T19:10:00,-6,Stage/Niveau d'eau,1.784,,,,,,,,,Reference point and method not documented.,,,,,,Final/Finales,
05LH005,1990-09-17T19:20:00,-6,Stage/Niveau d'eau,1.783,,,,,,,,,Reference point and method not documented.,,,,,,Final/Finales,
05LH005,1990-09-17T19:20:00,-6,Discharge/Débit,,1.783,65.3,,,,,,,,73.0,140.0,0.466,20.0,15.0,Final/Finales,
05LH005,1990-08-13T18:40:00,-6,Stage/Niveau d'eau,1.935,,,,,,,,,Reference point and method not documented.,,,,,,Final/Finales,
05LH005,1990-07-09T18:30:00,-6,Stage/Niveau d'eau,2.15,,,,,,,,,Reference point and method not documented.,,,,,,Final/Finales,
05LH005,1990-06-11T18:40:00,-6,Stage/Niveau d'eau,2.027,,,,,,,,,Reference point and method not documented.,,,,,,Final/Finales,
05LH005,1990-05-24T16:30:00,-6,Discharge/Débit,,2.056,114.0,,,,,,,,78.0,160.0,0.713,22.0,16.0,Final/Finales,
05LH005,1990-05-24T16:30:00,-6,Stage/Niveau d'eau,2.056,,,,,,,,,Reference point and method not documented.,,,,,,Final/Finales,
05LH005,1990-05-03T16:40:00,-6,Stage/Niveau d'eau,1.693,,,,,,,,,Reference point and method not documented.,,,,,,Final/Finales,
05LH005,1990-05-03T16:40:00,-6,Discharge/Débit,,1.693,54.1,,,,,,,,70.0,132.0,0.41,8.0,0.0,Final/Finales,
05LH005,1990-04-25T14:30:00,-6,Stage/Niveau d'eau,1.628,,,,,,,,,Reference point and method not documented.,,,,,,Final/Finales,
05LH005,1990-04-19T21:30:00,-6,Discharge/Débit,,1.598,10.1,,,,,,,,42.0,36.8,0.274,19.0,0.0,Final/Finales,
05LH005,1990-04-19T21:30:00,-6,Stage/Niveau d'eau,1.598,,,,,,,,,Reference point and method not documented.,,,,,,Final/Finales,
05LH005,1990-04-04T17:30:00,-6,Discharge/Débit,,1.402,1.53,,,,,,,,29.0,18.0,0.085,-5.0,0.0,Final/Finales,
05LH005,1990-04-04T17:30:00,-6,Stage/Niveau d'eau,1.402,,,,,,,,,Reference point and method not documented.,,,,,,Final/Finales,
05LH005,1990-03-05T20:50:00,-6,Discharge/Débit,,249.258,0.529,,,,,,,"Added GSC correction 248.110 m for curve development Sources:Manual ==Mean gage height correction: Observed value=1.148, Correction=248.11 ==",21.0,9.66,0.055,-6.0,0.0,Final/Finales,
05LH005,1990-03-05T20:50:00,-6,Stage/Niveau d'eau,1.148,,,,,,,,,Reference point and method not documented.,,,,,,Final/Finales,
05LH005,1990-02-06T19:50:00,-6,Discharge/Débit,,1.255,1.21,,,,,,,,27.0,14.3,0.085,4.0,0.0,Final/Finales,
05LH005,1990-02-06T19:50:00,-6,Stage/Niveau d'eau,1.255,,,,,,,,,Reference point and method not documented.,,,,,,Final/Finales,
05LH005,1990-01-08T21:50:00,-6,Discharge/Débit,,1.448,1.96,,,,,,,,68.0,71.6,0.027,-8.0,0.0,Final/Finales,
05LH005,1990-01-08T21:50:00,-6,Stage/Niveau d'eau,1.448,,,,,,,,,Reference point and method not documented.,,,,,,Final/Finales,
05LH005,1989-12-04T13:50:00,-6,Stage/Niveau d'eau,1.727,,,,,,,,,Reference point and method not documented.,,,,,,Final/Finales,
05LH005,1989-12-04T13:50:00,-6,Discharge/Débit,,1.727,25.5,,,,,,,,70.0,113.0,0.226,6.0,0.0,Final/Finales,
05LH005,1989-10-30T13:50:00,-6,Stage/Niveau d'eau,1.714,,,,,,,,,Reference point and method not documented.,,,,,,Final/Finales,
05LH005,1989-09-28T10:50:00,-6,Stage/Niveau d'eau,1.741,,,,,,,,,Reference point and method not documented.,,,,,,Final/Finales,
05LH005,1989-09-28T10:50:00,-6,Discharge/Débit,,1.741,60.5,,,,,,,,73.0,136.0,0.445,16.0,11.0,Final/Finales,
05LH005,1989-08-28T11:50:00,-6,Stage/Niveau d'eau,1.664,,,,,,,,,Reference point and method not documented.,,,,,,Final/Finales,
05LH005,1989-07-27T12:20:00,-6,Stage/Niveau d'eau,1.765,,,,,,,,,Reference point and method not documented.,,,,,,Final/Finales,
05LH005,1989-06-19T13:50:00,-6,Stage/Niveau d'eau,1.867,,,,,,,,,Reference point and method not documented.,,,,,,Final/Finales,
05LH005,1989-05-09T12:40:00,-6,Discharge/Débit,,1.919,89.2,,,,,,,,75.0,148.0,0.603,2.0,12.0,Final/Finales,
05LH005,1989-05-09T12:40:00,-6,Stage/Niveau d'eau,1.919,,,,,,,,,Reference point and method not documented.,,,,,,Final/Finales,
05LH005,1989-04-24T14:40:00,-6,Discharge/Débit,,1.83,73.4,,,,,,,,71.5,142.0,0.517,10.0,5.0,Final/Finales,
05LH005,1989-04-24T14:40:00,-6,Stage/Niveau d'eau,1.83,,,,,,,,,Reference point and method not documented.,,,,,,Final/Finales,
05LH005,1989-04-18T10:20:00,-6,Discharge/Débit,,1.868,21.0,,,,,,,,67.0,93.7,0.224,4.0,0.0,Final/Finales,
05LH005,1989-04-18T10:20:00,-6,Stage/Niveau d'eau,1.868,,,,,,,,,Reference point and method not documented.,,,,,,Final/Finales,
05LH005,1989-04-06T16:00:00,-6,Stage/Niveau d'eau,1.732,,,,,,,,,Reference point and method not documented.,,,,,,Final/Finales,
05LH005,1989-04-06T16:00:00,-6,Discharge/Débit,,1.732,7.27,,,,,,,,67.0,78.7,0.092,4.0,0.0,Final/Finales,
05LH005,1989-03-29T17:10:00,-6,Discharge/Débit,,1.671,4.36,,,,,,,,64.0,74.0,0.059,-6.0,0.0,Final/Finales,
05LH005,1989-03-29T17:10:00,-6,Stage/Niveau d'eau,1.671,,,,,,,,,Reference point and method not documented.,,,,,,Final/Finales,
05LH005,1989-02-20T15:10:00,-6,Stage/Niveau d'eau,1.703,,,,,,,,,Reference point and method not documented.,,,,,,Final/Finales,
05LH005,1989-02-20T15:10:00,-6,Discharge/Débit,,1.703,8.45,,,,,,,,67.0,87.4,0.097,-3.0,0.0,Final/Finales,
05LH005,1989-01-23T16:30:00,-6,Stage/Niveau d'eau,1.838,,,,,,,,,Reference point and method not documented.,,,,,,Final/Finales,
05LH005,1989-01-10T12:20:00,-6,Discharge/Débit,,1.909,24.9,,,,,,,,72.0,105.0,0.237,-38.0,0.0,Final/Finales,
05LH005,1989-01-10T12:20:00,-6,Stage/Niveau d'eau,1.909,,,,,,,,,Reference point and method not documented.,,,,,,Final/Finales,
05LH005,1965-04-26T15:50:00,-6,Discharge/Débit,,1.152,6.57,,,,,,,,,,,,,Final/Finales,
05LH005,1965-04-26T15:50:00,-6,Stage/Niveau d'eau,1.152,,,,,,,,,Reference point and method not documented.,,,,,,Final/Finales,
05LH005,1964-07-16T21:58:00,-6,Discharge/Débit,,1.289,15.4,,,,,,,,,,,,,Final/Finales,
05LH005,1964-07-16T21:58:00,-6,Stage/Niveau d'eau,1.289,,,,,,,,,Reference point and method not documented.,,,,,,Final/Finales,
05LH005,1964-06-04T16:18:00,-6,Discharge/Débit,,1.384,23.1,,,,,,,,,,,,,Final/Finales,
05LH005,1964-06-04T16:18:00,-6,Stage/Niveau d'eau,1.384,,,,,,,,,Reference point and method not documented.,,,,,,Final/Finales,
05LH005,1964-05-01T15:42:00,-6,Discharge/Débit,,1.308,16.7,,,,,,,,,,,,,Final/Finales,
05LH005,1964-05-01T15:42:00,-6,Stage/Niveau d'eau,1.308,,,,,,,,,Reference point and method not documented.,,,,,,Final/Finales,
05LH005,1964-04-16T23:18:00,-6,Discharge/Débit,,0.988,0.977,,,,,,,,,,,,,Final/Finales,
05LH005,1964-04-16T23:18:00,-6,Stage/Niveau d'eau,0.988,,,,,,,,,Reference point and method not documented.,,,,,,Final/Finales,
05LH005,1963-11-14T18:13:00,-6,Discharge/Débit,,1.18,7.08,,,,,,,,,,,,,Final/Finales,
05LH005,1963-11-14T18:13:00,-6,Stage/Niveau d'eau,1.18,,,,,,,,,Reference point and method not documented.,,,,,,Final/Finales,
05LH005,1963-09-25T17:08:00,-6,Discharge/Débit,,1.259,12.9,,,,,,,,,,,,,Final/Finales,
05LH005,1963-09-25T17:08:00,-6,Stage/Niveau d'eau,1.259,,,,,,,,,Reference point and method not documented.,,,,,,Final/Finales,
05LH005,1963-08-29T20:18:00,-6,Discharge/Débit,,1.43,25.4,,,,,,,,,,,,,Final/Finales,
05LH005,1963-08-29T20:18:00,-6,Stage/Niveau d'eau,1.43,,,,,,,,,Reference point and method not documented.,,,,,,Final/Finales,
05LH005,1963-07-11T19:00:00,-6,Discharge/Débit,,1.43,26.2,,,,,,,,,,,,,Final/Finales,
05LH005,1963-07-11T19:00:00,-6,Stage/Niveau d'eau,1.43,,,,,,,,,Reference point and method not documented.,,,,,,Final/Finales,
05LH005,1963-05-01T00:40:00,-6,Discharge/Débit,,1.338,17.0,,,,,,,,,,,,,Final/Finales,
05LH005,1963-05-01T00:40:00,-6,Stage/Niveau d'eau,1.338,,,,,,,,,Reference point and method not documented.,,,,,,Final/Finales,
05LH005,1962-09-26T16:15:00,-6,Stage/Niveau d'eau,1.372,,,,,,,,,Reference point and method not documented.,,,,,,Final/Finales,
05LH005,1962-09-26T16:15:00,-6,Discharge/Débit,,1.372,20.7,,,,,,,,,,,,,Final/Finales,
