STATION_NUMBER,date,water_level_m,quality_symbol
03JB004,1991-10-01,47.02999877929688, 
03JB004,1991-11-01,46.630001068115234, 
03JB004,1991-12-01,46.560001373291016, 
03JB004,1992-01-01,46.63999938964844, 
03JB004,1992-03-01,, 
03JB004,1992-04-01,46.09999847412109, 
03JB004,1992-05-01,45.91999816894531, 
03JB004,1992-06-01,45.790000915527344, 
03JB004,1992-07-01,49.5, 
03JB004,1992-08-01,47.630001068115234, 
03JB004,1992-09-01,46.59000015258789, 
03JB004,1992-10-01,47.33000183105469, 
03JB004,1992-11-01,46.81999969482422, 
03JB004,1992-12-01,46.93999862670898, 
03JB004,1993-03-01,, 
03JB004,1993-04-01,46.77999877929688, 
03JB004,1993-05-01,46.540000915527344, 
03JB004,1993-06-01,49.77000045776367, 
03JB004,1993-07-01,47.41999816894531, 
03JB004,2008-07-01,, 
03JB004,2008-08-01,46.46599960327149, 
03JB004,2008-09-01,47.26499938964844, 
03JB004,2008-10-01,47.24599838256836, 
03JB004,2008-11-01,47.14699935913086, 
03JB004,2008-12-01,47.54600143432617, 
03JB004,2009-01-01,47.07899856567383, 
03JB004,2009-02-01,46.62699890136719, 
03JB004,2009-03-01,46.55899810791016, 
03JB004,2009-04-01,46.323001861572266, 
03JB004,2009-05-01,45.95800018310547, 
03JB004,2009-06-01,46.20800018310547, 
03JB004,2009-07-01,47.72999954223633, 
03JB004,2009-08-01,46.92100143432617, 
03JB004,2009-09-01,47.08100128173828, 
03JB004,2009-10-01,46.733001708984375, 
03JB004,2009-11-01,46.62300109863281, 
03JB004,2009-12-01,46.82400131225586, 
03JB004,2010-01-01,47.37699890136719, 
03JB004,2010-02-01,47.13800048828125, 
03JB004,2010-03-01,46.553001403808594, 
03JB004,2010-04-01,46.46599960327149, 
03JB004,2010-05-01,46.01599884033203, 
03JB004,2010-06-01,48.630001068115234, 
03JB004,2010-07-01,47.22700119018555, 
03JB004,2010-08-01,46.650001525878906, 
03JB004,2010-09-01,46.85100173950195, 
03JB004,2010-10-01,46.72600173950195, 
03JB004,2010-11-01,47.07099914550781, 
03JB004,2010-12-01,46.88800048828125, 
03JB004,2011-01-01,47.198001861572266, 
03JB004,2011-02-01,46.71699905395508, 
03JB004,2011-03-01,46.479000091552734, 
03JB004,2011-04-01,46.44100189208984, 
03JB004,2011-05-01,46.11000061035156, 
03JB004,2011-06-01,46.402000427246094, 
03JB004,2011-07-01,46.89699935913086, 
03JB004,2011-08-01,46.435001373291016, 
03JB004,2011-09-01,46.64400100708008, 
03JB004,2011-10-01,47.05199813842773, 
03JB004,2011-11-01,46.7760009765625, 
03JB004,2011-12-01,47.1349983215332, 
03JB004,2012-01-01,46.71200180053711, 
03JB004,2012-02-01,46.6609992980957, 
03JB004,2012-03-01,46.6879997253418, 
03JB004,2012-04-01,46.56999969482422, 
03JB004,2012-05-01,46.45299911499024, 
03JB004,2012-06-01,48.165000915527344, 
03JB004,2012-07-01,47.08599853515625, 
03JB004,2012-08-01,47.25400161743164, 
03JB004,2012-09-01,47.04199981689453, 
03JB004,2012-10-01,46.81600189208984, 
03JB004,2012-11-01,46.709999084472656, 
03JB004,2012-12-01,46.79899978637695, 
03JB004,2013-01-01,46.96099853515625, 
03JB004,2013-02-01,46.60499954223633, 
03JB004,2013-03-01,46.479000091552734, 
03JB004,2013-04-01,46.39400100708008, 
03JB004,2013-05-01,46.38199996948242, 
03JB004,2013-06-01,48.08599853515625, 
03JB004,2013-07-01,46.89699935913086, 
03JB004,2013-08-01,46.75299835205078, 
03JB004,2013-09-01,46.47499847412109, 
03JB004,2013-10-01,46.79899978637695, 
03JB004,1991-10-02,46.9900016784668, 
03JB004,1991-11-02,46.61000061035156, 
03JB004,1991-12-02,46.630001068115234, 
03JB004,1992-01-02,46.66999816894531, 
03JB004,1992-03-02,, 
03JB004,1992-04-02,46.119998931884766, 
03JB004,1992-05-02,45.91999816894531, 
03JB004,1992-06-02,45.83000183105469, 
03JB004,1992-07-02,49.29999923706055, 
03JB004,1992-08-02,47.56999969482422, 
03JB004,1992-09-02,46.560001373291016, 
03JB004,1992-10-02,47.290000915527344, 
03JB004,1992-11-02,46.90999984741211, 
03JB004,1992-12-02,47.0, 
03JB004,1993-03-02,, 
03JB004,1993-04-02,46.77000045776367, 
03JB004,1993-05-02,46.52999877929688, 
03JB004,1993-06-02,49.810001373291016, 
03JB004,1993-07-02,47.369998931884766, 
03JB004,2008-07-02,, 
03JB004,2008-08-02,46.46799850463867, 
03JB004,2008-09-02,47.23699951171875, 
03JB004,2008-10-02,47.20500183105469, 
03JB004,2008-11-02,47.15700149536133, 
03JB004,2008-12-02,47.57899856567383, 
03JB004,2009-01-02,47.137001037597656, 
03JB004,2009-02-02,46.604000091552734, 
03JB004,2009-03-02,46.55699920654297, 
03JB004,2009-04-02,46.292999267578125, 
03JB004,2009-05-02,45.959999084472656, 
03JB004,2009-06-02,46.27899932861328, 
03JB004,2009-07-02,47.67900085449219, 
03JB004,2009-08-02,46.92300033569336, 
03JB004,2009-09-02,47.055999755859375, 
03JB004,2009-10-02,46.6879997253418, 
03JB004,2009-11-02,46.67499923706055, 
03JB004,2009-12-02,46.85300064086914, 
03JB004,2010-01-02,47.46099853515625, 
03JB004,2010-02-02,47.11399841308594, 
03JB004,2010-03-02,46.540000915527344, 
03JB004,2010-04-02,46.45600128173828, 
03JB004,2010-05-02,45.9900016784668, 
03JB004,2010-06-02,48.78400039672852, 
03JB004,2010-07-02,47.19900131225586, 
03JB004,2010-08-02,46.62699890136719, 
03JB004,2010-09-02,46.86000061035156, 
03JB004,2010-10-02,46.73199844360352, 
03JB004,2010-11-02,47.05799865722656, 
03JB004,2010-12-02,46.89400100708008, 
03JB004,2011-01-02,47.30699920654297, 
03JB004,2011-02-02,46.75199890136719, 
03JB004,2011-03-02,46.483001708984375, 
03JB004,2011-04-02,46.4370002746582, 
03JB004,2011-05-02,46.095001220703125, 
03JB004,2011-06-02,46.58000183105469, 
03JB004,2011-07-02,46.84799957275391, 
03JB004,2011-08-02,46.40599822998047, 
03JB004,2011-09-02,46.72800064086914, 
03JB004,2011-10-02,47.00299835205078, 
03JB004,2011-11-02,46.76499938964844, 
03JB004,2011-12-02,47.11899948120117, 
03JB004,2012-01-02,46.65700149536133, 
03JB004,2012-02-02,46.66699981689453, 
03JB004,2012-03-02,46.68399810791016, 
03JB004,2012-04-02,46.55500030517578, 
03JB004,2012-05-02,46.40599822998047, 
03JB004,2012-06-02,48.6619987487793, 
03JB004,2012-07-02,47.05699920654297, 
03JB004,2012-08-02,47.22299957275391, 
03JB004,2012-09-02,47.00400161743164, 
03JB004,2012-10-02,46.80199813842773, 
03JB004,2012-11-02,46.6619987487793, 
03JB004,2012-12-02,46.85300064086914, 
03JB004,2013-01-02,46.992000579833984, 
03JB004,2013-02-02,46.58700180053711, 
03JB004,2013-03-02,46.47600173950195, 
03JB004,2013-04-02,46.39599990844727, 
03JB004,2013-05-02,46.94200134277344, 
03JB004,2013-06-02,47.95800018310547, 
03JB004,2013-07-02,46.87300109863281, 
03JB004,2013-08-02,46.73400115966797, 
03JB004,2013-09-02,46.45800018310547, 
03JB004,2013-10-02,46.810001373291016, 
03JB004,1991-10-03,46.959999084472656, 
03JB004,1991-11-03,46.790000915527344, 
03JB004,1991-12-03,46.75, 
03JB004,1992-01-03,46.63999938964844, 
03JB004,1992-03-03,, 
03JB004,1992-04-03,46.13999938964844, 
03JB004,1992-05-03,45.91999816894531, 
03JB004,1992-06-03,45.81999969482422, 
03JB004,1992-07-03,49.09000015258789, 
03JB004,1992-08-03,47.5, 
03JB004,1992-09-03,46.540000915527344, 
03JB004,1992-10-03,47.27000045776367, 
03JB004,1992-11-03,47.11000061035156, 
03JB004,1992-12-03,46.970001220703125, 
03JB004,1993-03-03,, 
03JB004,1993-04-03,46.7400016784668, 
03JB004,1993-05-03,46.56999969482422, 
03JB004,1993-06-03,49.31999969482422, 
03JB004,1993-07-03,47.34000015258789, 
03JB004,2008-07-03,, 
03JB004,2008-08-03,46.47499847412109, 
03JB004,2008-09-03,47.30099868774414, 
03JB004,2008-10-03,47.16999816894531, 
03JB004,2008-11-03,47.18000030517578, 
03JB004,2008-12-03,47.54800033569336, 
03JB004,2009-01-03,47.185001373291016, 
03JB004,2009-02-03,46.59099960327149, 
03JB004,2009-03-03,46.55099868774414, 
03JB004,2009-04-03,46.27399826049805, 
03JB004,2009-05-03,45.94499969482422, 
03JB004,2009-06-03,46.33000183105469, 
03JB004,2009-07-03,47.70800018310547, 
03JB004,2009-08-03,46.930999755859375, 
03JB004,2009-09-03,47.07500076293945, 
03JB004,2009-10-03,46.67699813842773, 
03JB004,2009-11-03,46.74700164794922, 
03JB004,2009-12-03,46.874000549316406, 
03JB004,2010-01-03,47.41600036621094, 
03JB004,2010-02-03,47.08000183105469, 
03JB004,2010-03-03,46.52799987792969, 
03JB004,2010-04-03,46.44900131225586, 
03JB004,2010-05-03,45.9739990234375, 
03JB004,2010-06-03,48.678001403808594, 
03JB004,2010-07-03,47.17699813842773, 
03JB004,2010-08-03,46.60499954223633, 
03JB004,2010-09-03,, 
03JB004,2010-10-03,46.73099899291992, 
03JB004,2010-11-03,47.04899978637695, 
03JB004,2010-12-03,46.84099960327149, 
03JB004,2011-01-03,47.3120002746582, 
03JB004,2011-02-03,46.7599983215332, 
03JB004,2011-03-03,46.4739990234375, 
03JB004,2011-04-03,46.42900085449219, 
03JB004,2011-05-03,46.084999084472656, 
03JB004,2011-06-03,46.75299835205078, 
03JB004,2011-07-03,46.8120002746582, 
03JB004,2011-08-03,46.36800003051758, 
03JB004,2011-09-03,46.93399810791016, 
03JB004,2011-10-03,46.96900177001953, 
03JB004,2011-11-03,46.73899841308594, 
03JB004,2011-12-03,47.18999862670898, 
03JB004,2012-01-03,46.617000579833984, 
03JB004,2012-02-03,46.67900085449219, 
03JB004,2012-03-03,46.6870002746582, 
03JB004,2012-04-03,46.54899978637695, 
03JB004,2012-05-03,46.39799880981445, 
03JB004,2012-06-03,49.10699844360352, 
03JB004,2012-07-03,47.05400085449219, 
03JB004,2012-08-03,47.178001403808594, 
03JB004,2012-09-03,46.98799896240234, 
03JB004,2012-10-03,46.78200149536133, 
03JB004,2012-11-03,46.67499923706055, 
03JB004,2012-12-03,46.8489990234375, 
03JB004,2013-01-03,46.854000091552734, 
03JB004,2013-02-03,46.58399963378906, 
03JB004,2013-03-03,46.47100067138672, 
03JB004,2013-04-03,46.387001037597656, 
03JB004,2013-05-03,47.26100158691406, 
03JB004,2013-06-03,47.82799911499024, 
03JB004,2013-07-03,46.85100173950195, 
03JB004,2013-08-03,46.73699951171875, 
03JB004,2013-09-03,46.43899917602539, 
03JB004,2013-10-03,46.81800079345703, 
03JB004,1991-10-04,46.93999862670898, 
03JB004,1991-11-04,46.560001373291016, 
03JB004,1991-12-04,46.7599983215332, 
03JB004,1992-01-04,46.619998931884766, 
03JB004,1992-03-04,, 
03JB004,1992-04-04,46.119998931884766, 
03JB004,1992-05-04,45.90999984741211, 
03JB004,1992-06-04,45.790000915527344, 
03JB004,1992-07-04,48.86000061035156, 
03JB004,1992-08-04,47.43999862670898, 
03JB004,1992-09-04,46.540000915527344, 
03JB004,1992-10-04,47.2599983215332, 
03JB004,1992-11-04,46.869998931884766, 
03JB004,1992-12-04,47.0099983215332, 
03JB004,1993-03-04,, 
03JB004,1993-04-04,46.7400016784668, 
03JB004,1993-05-04,46.59999847412109, 
03JB004,1993-06-04,48.880001068115234, 
03JB004,1993-07-04,47.290000915527344, 
03JB004,2008-07-04,, 
03JB004,2008-08-04,46.48199844360352, 
03JB004,2008-09-04,47.97800064086914, 
03JB004,2008-10-04,47.13399887084961, 
03JB004,2008-11-04,47.30500030517578, 
03JB004,2008-12-04,47.62300109863281, 
03JB004,2009-01-04,47.22600173950195, 
03JB004,2009-02-04,46.584999084472656, 
03JB004,2009-03-04,46.54899978637695, 
03JB004,2009-04-04,, 
03JB004,2009-05-04,45.92300033569336, 
03JB004,2009-06-04,46.4640007019043, 
03JB004,2009-07-04,47.70399856567383, 
03JB004,2009-08-04,46.93299865722656, 
03JB004,2009-09-04,47.12699890136719, 
03JB004,2009-10-04,46.678001403808594, 
03JB004,2009-11-04,46.709999084472656, 
03JB004,2009-12-04,46.99399948120117, 
03JB004,2010-01-04,47.41899871826172, 
03JB004,2010-02-04,47.02899932861328, 
03JB004,2010-03-04,46.52899932861328, 
03JB004,2010-04-04,46.45299911499024, 
03JB004,2010-05-04,45.95199966430664, 
03JB004,2010-06-04,48.608001708984375, 
03JB004,2010-07-04,47.13800048828125, 
03JB004,2010-08-04,46.58100128173828, 
03JB004,2010-09-04,46.89400100708008, 
03JB004,2010-10-04,46.73899841308594, 
03JB004,2010-11-04,47.05699920654297, 
03JB004,2010-12-04,46.792999267578125, 
03JB004,2011-01-04,47.22100067138672, 
03JB004,2011-02-04,46.72700119018555, 
03JB004,2011-03-04,46.46099853515625, 
03JB004,2011-04-04,46.42499923706055, 
03JB004,2011-05-04,46.073001861572266, 
03JB004,2011-06-04,46.9739990234375, 
03JB004,2011-07-04,46.77399826049805, 
03JB004,2011-08-04,46.3489990234375, 
03JB004,2011-09-04,47.06900024414063, 
03JB004,2011-10-04,46.95299911499024, 
03JB004,2011-11-04,46.7599983215332, 
03JB004,2011-12-04,47.09199905395508, 
03JB004,2012-01-04,46.59299850463867, 
03JB004,2012-02-04,46.68600082397461, 
03JB004,2012-03-04,46.67399978637695, 
03JB004,2012-04-04,46.55400085449219, 
03JB004,2012-05-04,46.50199890136719, 
03JB004,2012-06-04,, 
03JB004,2012-07-04,47.03499984741211, 
03JB004,2012-08-04,47.13199996948242, 
03JB004,2012-09-04,46.96900177001953, 
03JB004,2012-10-04,46.75199890136719, 
03JB004,2012-11-04,46.6870002746582, 
03JB004,2012-12-04,46.97600173950195, 
03JB004,2013-01-04,46.84199905395508, 
03JB004,2013-02-04,46.56499862670898, 
03JB004,2013-03-04,46.45399856567383, 
03JB004,2013-04-04,46.39699935913086, 
03JB004,2013-05-04,47.39500045776367, 
03JB004,2013-06-04,47.79800033569336, 
03JB004,2013-07-04,46.90499877929688, 
03JB004,2013-08-04,46.76599884033203, 
03JB004,2013-09-04,46.4370002746582, 
03JB004,2013-10-04,46.882999420166016, 
03JB004,1991-10-05,46.95000076293945, 
03JB004,1991-11-05,46.540000915527344, 
03JB004,1991-12-05,46.52000045776367, 
03JB004,1992-01-05,46.59000015258789, 
03JB004,1992-03-05,, 
03JB004,1992-04-05,46.09000015258789, 
03JB004,1992-05-05,45.90999984741211, 
03JB004,1992-06-05,45.79999923706055, 
03JB004,1992-07-05,48.70000076293945, 
03JB004,1992-08-05,47.38999938964844, 
03JB004,1992-09-05,46.540000915527344, 
03JB004,1992-10-05,47.2599983215332, 
03JB004,1992-11-05,47.040000915527344, 
03JB004,1992-12-05,47.040000915527344, 
03JB004,1993-03-05,, 
03JB004,1993-04-05,46.72999954223633, 
03JB004,1993-05-05,46.63999938964844, 
03JB004,1993-06-05,48.58000183105469, 
03JB004,1993-07-05,47.22999954223633, 
03JB004,2008-07-05,, 
03JB004,2008-08-05,46.48199844360352, 
03JB004,2008-09-05,48.0099983215332, 
03JB004,2008-10-05,47.07600021362305, 
03JB004,2008-11-05,47.28099822998047, 
03JB004,2008-12-05,47.5880012512207, 
03JB004,2009-01-05,47.24100112915039, 
03JB004,2009-02-05,46.58300018310547, 
03JB004,2009-03-05,46.54600143432617, 
03JB004,2009-04-05,, 
03JB004,2009-05-05,45.91600036621094, 
03JB004,2009-06-05,46.72100067138672, 
03JB004,2009-07-05,47.65999984741211, 
03JB004,2009-08-05,46.94400024414063, 
03JB004,2009-09-05,47.073001861572266, 
03JB004,2009-10-05,46.680999755859375, 
03JB004,2009-11-05,46.77000045776367, 
03JB004,2009-12-05,47.09700012207031, 
03JB004,2010-01-05,47.44300079345703, 
03JB004,2010-02-05,46.95100021362305, 
03JB004,2010-03-05,46.527000427246094, 
03JB004,2010-04-05,46.46799850463867, 
03JB004,2010-05-05,45.92699813842773, 
03JB004,2010-06-05,48.55199813842773, 
03JB004,2010-07-05,47.08000183105469, 
03JB004,2010-08-05,46.56499862670898, 
03JB004,2010-09-05,46.85499954223633, 
03JB004,2010-10-05,46.77099990844727, 
03JB004,2010-11-05,47.05199813842773, 
03JB004,2010-12-05,46.76100158691406, 
03JB004,2011-01-05,47.18199920654297, 
03JB004,2011-02-05,46.70399856567383, 
03JB004,2011-03-05,46.45899963378906, 
03JB004,2011-04-05,46.41899871826172, 
03JB004,2011-05-05,46.07400131225586, 
03JB004,2011-06-05,47.630001068115234, 
03JB004,2011-07-05,46.78099822998047, 
03JB004,2011-08-05,46.34999847412109, 
03JB004,2011-09-05,47.11899948120117, 
03JB004,2011-10-05,46.91699981689453, 
03JB004,2011-11-05,46.75199890136719, 
03JB004,2011-12-05,47.0359992980957, 
03JB004,2012-01-05,46.60300064086914, 
03JB004,2012-02-05,46.68199920654297, 
03JB004,2012-03-05,46.65900039672852, 
03JB004,2012-04-05,46.55699920654297, 
03JB004,2012-05-05,46.60100173950195, 
03JB004,2012-06-05,, 
03JB004,2012-07-05,46.99399948120117, 
03JB004,2012-08-05,47.09199905395508, 
03JB004,2012-09-05,46.92499923706055, 
03JB004,2012-10-05,46.71900177001953, 
03JB004,2012-11-05,46.766998291015625, 
03JB004,2012-12-05,47.0, 
03JB004,2013-01-05,46.823001861572266, 
03JB004,2013-02-05,46.55400085449219, 
03JB004,2013-03-05,46.44900131225586, 
03JB004,2013-04-05,46.391998291015625, 
03JB004,2013-05-05,47.3650016784668, 
03JB004,2013-06-05,47.68399810791016, 
03JB004,2013-07-05,46.98699951171875, 
03JB004,2013-08-05,46.94400024414063, 
03JB004,2013-09-05,46.45299911499024, 
03JB004,2013-10-05,46.93600082397461, 
03JB004,1991-10-06,46.95000076293945, 
03JB004,1991-11-06,46.54999923706055, 
03JB004,1991-12-06,46.5099983215332, 
03JB004,1992-01-06,46.56999969482422, 
03JB004,1992-03-06,, 
03JB004,1992-04-06,46.16999816894531, 
03JB004,1992-05-06,45.90999984741211, 
03JB004,1992-06-06,45.79999923706055, 
03JB004,1992-07-06,48.540000915527344, 
03JB004,1992-08-06,47.31999969482422, 
03JB004,1992-09-06,46.54999923706055, 
03JB004,1992-10-06,47.22999954223633, 
03JB004,1992-11-06,46.88999938964844, 
03JB004,1992-12-06,46.97999954223633, 
03JB004,1993-03-06,, 
03JB004,1993-04-06,46.75, 
03JB004,1993-05-06,46.650001525878906, 
03JB004,1993-06-06,48.4900016784668, 
03JB004,1993-07-06,47.18999862670898, 
03JB004,2008-07-06,, 
03JB004,2008-08-06,46.47200012207031, 
03JB004,2008-09-06,47.970001220703125, 
03JB004,2008-10-06,47.08000183105469, 
03JB004,2008-11-06,47.4630012512207, 
03JB004,2008-12-06,47.625, 
03JB004,2009-01-06,47.25299835205078, 
03JB004,2009-02-06,46.57500076293945, 
03JB004,2009-03-06,46.53799819946289, 
03JB004,2009-04-06,, 
03JB004,2009-05-06,45.89599990844727, 
03JB004,2009-06-06,46.979000091552734, 
03JB004,2009-07-06,47.59000015258789, 
03JB004,2009-08-06,46.979000091552734, 
03JB004,2009-09-06,47.02099990844727, 
03JB004,2009-10-06,46.68199920654297, 
03JB004,2009-11-06,46.7599983215332, 
03JB004,2009-12-06,47.0989990234375, 
03JB004,2010-01-06,47.369998931884766, 
03JB004,2010-02-06,46.89500045776367, 
03JB004,2010-03-06,46.51800155639648, 
03JB004,2010-04-06,46.48500061035156, 
03JB004,2010-05-06,45.90800094604492, 
03JB004,2010-06-06,48.47299957275391, 
03JB004,2010-07-06,47.01499938964844, 
03JB004,2010-08-06,46.560001373291016, 
03JB004,2010-09-06,46.80099868774414, 
03JB004,2010-10-06,46.78799819946289, 
03JB004,2010-11-06,47.027000427246094, 
03JB004,2010-12-06,46.73799896240234, 
03JB004,2011-01-06,47.141998291015625, 
03JB004,2011-02-06,46.68299865722656, 
03JB004,2011-03-06,46.46599960327149, 
03JB004,2011-04-06,46.40900039672852, 
03JB004,2011-05-06,46.071998596191406, 
03JB004,2011-06-06,48.0, 
03JB004,2011-07-06,46.80699920654297, 
03JB004,2011-08-06,46.3650016784668, 
03JB004,2011-09-06,47.05699920654297, 
03JB004,2011-10-06,46.869998931884766, 
03JB004,2011-11-06,46.67499923706055, 
03JB004,2011-12-06,47.03900146484375, 
03JB004,2012-01-06,46.64500045776367, 
03JB004,2012-02-06,46.67599868774414, 
03JB004,2012-03-06,46.680999755859375, 
03JB004,2012-04-06,46.55799865722656, 
03JB004,2012-05-06,46.63999938964844, 
03JB004,2012-06-06,48.834999084472656, 
03JB004,2012-07-06,46.95800018310547, 
03JB004,2012-08-06,47.07400131225586, 
03JB004,2012-09-06,46.869998931884766, 
03JB004,2012-10-06,46.68899917602539, 
03JB004,2012-11-06,46.75699996948242, 
03JB004,2012-12-06,46.86399841308594, 
03JB004,2013-01-06,46.790000915527344, 
03JB004,2013-02-06,46.54899978637695, 
03JB004,2013-03-06,46.435001373291016, 
03JB004,2013-04-06,46.391998291015625, 
03JB004,2013-05-06,47.14500045776367, 
03JB004,2013-06-06,47.61800003051758, 
03JB004,2013-07-06,47.02199935913086, 
03JB004,2013-08-06,47.11899948120117, 
03JB004,2013-09-06,46.47700119018555, 
03JB004,2013-10-06,46.959999084472656, 
03JB004,1991-10-07,46.90999984741211, 
03JB004,1991-11-07,46.650001525878906, 
03JB004,1991-12-07,46.88999938964844, 
03JB004,1992-01-07,46.560001373291016, 
03JB004,1992-03-07,, 
03JB004,1992-04-07,46.16999816894531, 
03JB004,1992-05-07,45.91999816894531, 
03JB004,1992-06-07,45.91999816894531, 
03JB004,1992-07-07,48.41999816894531, 
03JB004,1992-08-07,47.27000045776367, 
03JB004,1992-09-07,46.540000915527344, 
03JB004,1992-10-07,47.20000076293945, 
03JB004,1992-11-07,46.959999084472656, 
03JB004,1992-12-07,46.959999084472656, 
03JB004,1993-03-07,, 
03JB004,1993-04-07,46.709999084472656, 
03JB004,1993-05-07,46.63999938964844, 
03JB004,1993-06-07,48.36000061035156, 
03JB004,1993-07-07,47.13999938964844, 
03JB004,2008-07-07,, 
03JB004,2008-08-07,46.45899963378906, 
03JB004,2008-09-07,47.84700012207031, 
03JB004,2008-10-07,47.10699844360352, 
03JB004,2008-11-07,47.40800094604492, 
03JB004,2008-12-07,47.63399887084961, 
03JB004,2009-01-07,47.28799819946289, 
03JB004,2009-02-07,46.573001861572266, 
03JB004,2009-03-07,46.52799987792969, 
03JB004,2009-04-07,46.23400115966797, 
03JB004,2009-05-07,45.882999420166016, 
03JB004,2009-06-07,47.30400085449219, 
03JB004,2009-07-07,47.53099822998047, 
03JB004,2009-08-07,47.01599884033203, 
03JB004,2009-09-07,47.05899810791016, 
03JB004,2009-10-07,46.6870002746582, 
03JB004,2009-11-07,46.77199935913086, 
03JB004,2009-12-07,47.14099884033203, 
03JB004,2010-01-07,47.415000915527344, 
03JB004,2010-02-07,46.79800033569336, 
03JB004,2010-03-07,46.50600051879883, 
03JB004,2010-04-07,46.49599838256836, 
03JB004,2010-05-07,45.88999938964844, 
03JB004,2010-06-07,48.47299957275391, 
03JB004,2010-07-07,46.95899963378906, 
03JB004,2010-08-07,46.60599899291992, 
03JB004,2010-09-07,46.76900100708008, 
03JB004,2010-10-07,46.75699996948242, 
03JB004,2010-11-07,46.99300003051758, 
03JB004,2010-12-07,46.73500061035156, 
03JB004,2011-01-07,47.055999755859375, 
03JB004,2011-02-07,46.65700149536133, 
03JB004,2011-03-07,46.4640007019043, 
03JB004,2011-04-07,46.400001525878906, 
03JB004,2011-05-07,46.08599853515625, 
03JB004,2011-06-07,48.05799865722656, 
03JB004,2011-07-07,46.80799865722656, 
03JB004,2011-08-07,46.36899948120117, 
03JB004,2011-09-07,46.98500061035156, 
03JB004,2011-10-07,46.84700012207031, 
03JB004,2011-11-07,46.65499877929688, 
03JB004,2011-12-07,47.0620002746582, 
03JB004,2012-01-07,46.67300033569336, 
03JB004,2012-02-07,46.67900085449219, 
03JB004,2012-03-07,46.69400024414063, 
03JB004,2012-04-07,46.55099868774414, 
03JB004,2012-05-07,46.60100173950195, 
03JB004,2012-06-07,, 
03JB004,2012-07-07,46.95299911499024, 
03JB004,2012-08-07,47.025001525878906, 
03JB004,2012-09-07,46.85900115966797, 
03JB004,2012-10-07,46.685001373291016, 
03JB004,2012-11-07,46.88999938964844, 
03JB004,2012-12-07,46.84099960327149, 
03JB004,2013-01-07,46.8489990234375, 
03JB004,2013-02-07,46.51800155639648, 
03JB004,2013-03-07,46.42399978637695, 
03JB004,2013-04-07,46.38999938964844, 
03JB004,2013-05-07,47.06399917602539, 
03JB004,2013-06-07,47.58100128173828, 
03JB004,2013-07-07,47.005001068115234, 
03JB004,2013-08-07,47.14099884033203, 
03JB004,2013-09-07,46.48600006103516, 
03JB004,2013-10-07,46.97100067138672, 
03JB004,1991-10-08,46.900001525878906, 
03JB004,1991-11-08,46.66999816894531, 
03JB004,1991-12-08,46.75, 
03JB004,1992-01-08,46.52999877929688, 
03JB004,1992-03-08,, 
03JB004,1992-04-08,46.16999816894531, 
03JB004,1992-05-08,45.900001525878906, 
03JB004,1992-06-08,46.08000183105469, 
03JB004,1992-07-08,48.310001373291016, 
03JB004,1992-08-08,47.220001220703125, 
03JB004,1992-09-08,46.52999877929688, 
03JB004,1992-10-08,47.20000076293945, 
03JB004,1992-11-08,46.84000015258789, 
03JB004,1992-12-08,46.970001220703125, 
03JB004,1993-03-08,, 
03JB004,1993-04-08,46.7599983215332, 
03JB004,1993-05-08,46.61000061035156, 
03JB004,1993-06-08,48.2400016784668, 
03JB004,1993-07-08,47.11000061035156, 
03JB004,2008-07-08,, 
03JB004,2008-08-08,46.45100021362305, 
03JB004,2008-09-08,47.72700119018555, 
03JB004,2008-10-08,47.11100006103516, 
03JB004,2008-11-08,47.36800003051758, 
03JB004,2008-12-08,47.41999816894531, 
03JB004,2009-01-08,47.3120002746582, 
03JB004,2009-02-08,46.57500076293945, 
03JB004,2009-03-08,46.53799819946289, 
03JB004,2009-04-08,46.20100021362305, 
03JB004,2009-05-08,45.880001068115234, 
03JB004,2009-06-08,47.47600173950195, 
03JB004,2009-07-08,47.49700164794922, 
03JB004,2009-08-08,47.0890007019043, 
03JB004,2009-09-08,47.07600021362305, 
03JB004,2009-10-08,46.70000076293945, 
03JB004,2009-11-08,46.79899978637695, 
03JB004,2009-12-08,47.17599868774414, 
03JB004,2010-01-08,47.48199844360352, 
03JB004,2010-02-08,46.75699996948242, 
03JB004,2010-03-08,46.499000549316406, 
03JB004,2010-04-08,46.494998931884766, 
03JB004,2010-05-08,45.88199996948242, 
03JB004,2010-06-08,48.417999267578125, 
03JB004,2010-07-08,46.96500015258789, 
03JB004,2010-08-08,46.73699951171875, 
03JB004,2010-09-08,46.79499816894531, 
03JB004,2010-10-08,46.733001708984375, 
03JB004,2010-11-08,46.99100112915039, 
03JB004,2010-12-08,46.75899887084961, 
03JB004,2011-01-08,46.95800018310547, 
03JB004,2011-02-08,46.62200164794922, 
03JB004,2011-03-08,46.45800018310547, 
03JB004,2011-04-08,46.380001068115234, 
03JB004,2011-05-08,46.071998596191406, 
03JB004,2011-06-08,48.22700119018555, 
03JB004,2011-07-08,46.79800033569336, 
03JB004,2011-08-08,46.39400100708008, 
03JB004,2011-09-08,46.97999954223633, 
03JB004,2011-10-08,46.88100051879883, 
03JB004,2011-11-08,46.652000427246094, 
03JB004,2011-12-08,47.09299850463867, 
03JB004,2012-01-08,46.67100143432617, 
03JB004,2012-02-08,46.68299865722656, 
03JB004,2012-03-08,46.6870002746582, 
03JB004,2012-04-08,46.53499984741211, 
03JB004,2012-05-08,46.55400085449219, 
03JB004,2012-06-08,48.4370002746582, 
03JB004,2012-07-08,46.994998931884766, 
03JB004,2012-08-08,47.00600051879883, 
03JB004,2012-09-08,46.867000579833984, 
03JB004,2012-10-08,46.678001403808594, 
03JB004,2012-11-08,47.00899887084961, 
03JB004,2012-12-08,46.7869987487793, 
03JB004,2013-01-08,46.92399978637695, 
03JB004,2013-02-08,46.48600006103516, 
03JB004,2013-03-08,46.42900085449219, 
03JB004,2013-04-08,46.36399841308594, 
03JB004,2013-05-08,47.04600143432617, 
03JB004,2013-06-08,47.57500076293945, 
03JB004,2013-07-08,46.98199844360352, 
03JB004,2013-08-08,47.0989990234375, 
03JB004,2013-09-08,46.492000579833984, 
03JB004,2013-10-08,47.053001403808594, 
03JB004,1991-10-09,46.880001068115234, 
03JB004,1991-11-09,46.59999847412109, 
03JB004,1991-12-09,46.720001220703125, 
03JB004,1992-01-09,46.52999877929688, 
03JB004,1992-03-09,, 
03JB004,1992-04-09,46.13999938964844, 
03JB004,1992-05-09,45.88999938964844, 
03JB004,1992-06-09,46.22999954223633, 
03JB004,1992-07-09,48.220001220703125, 
03JB004,1992-08-09,47.209999084472656, 
03JB004,1992-09-09,46.4900016784668, 
03JB004,1992-10-09,47.209999084472656, 
03JB004,1992-11-09,47.04999923706055, 
03JB004,1992-12-09,46.90999984741211, 
03JB004,1993-03-09,, 
03JB004,1993-04-09,46.79999923706055, 
03JB004,1993-05-09,46.58000183105469, 
03JB004,1993-06-09,48.22999954223633, 
03JB004,1993-07-09,47.11000061035156, 
03JB004,2008-07-09,, 
03JB004,2008-08-09,46.4640007019043, 
03JB004,2008-09-09,47.62799835205078, 
03JB004,2008-10-09,47.0629997253418, 
03JB004,2008-11-09,47.47800064086914, 
03JB004,2008-12-09,47.1619987487793, 
03JB004,2009-01-09,47.36000061035156, 
03JB004,2009-02-09,46.57099914550781, 
03JB004,2009-03-09,46.53300094604492, 
03JB004,2009-04-09,46.180999755859375, 
03JB004,2009-05-09,45.880001068115234, 
03JB004,2009-06-09,47.67300033569336, 
03JB004,2009-07-09,47.459999084472656, 
03JB004,2009-08-09,47.09400177001953, 
03JB004,2009-09-09,47.07099914550781, 
03JB004,2009-10-09,46.74100112915039, 
03JB004,2009-11-09,46.78900146484375, 
03JB004,2009-12-09,47.11000061035156, 
03JB004,2010-01-09,47.15299987792969, 
03JB004,2010-02-09,46.7599983215332, 
03JB004,2010-03-09,46.49399948120117, 
03JB004,2010-04-09,46.483001708984375, 
03JB004,2010-05-09,45.88100051879883, 
03JB004,2010-06-09,48.38800048828125, 
03JB004,2010-07-09,46.96799850463867, 
03JB004,2010-08-09,47.0099983215332, 
03JB004,2010-09-09,46.8380012512207, 
03JB004,2010-10-09,46.749000549316406, 
03JB004,2010-11-09,46.983001708984375, 
03JB004,2010-12-09,46.79399871826172, 
03JB004,2011-01-09,46.89099884033203, 
03JB004,2011-02-09,46.617000579833984, 
03JB004,2011-03-09,46.46099853515625, 
03JB004,2011-04-09,46.37300109863281, 
03JB004,2011-05-09,46.06999969482422, 
03JB004,2011-06-09,48.15700149536133, 
03JB004,2011-07-09,46.78799819946289, 
03JB004,2011-08-09,46.41299819946289, 
03JB004,2011-09-09,47.10900115966797, 
03JB004,2011-10-09,47.042999267578125, 
03JB004,2011-11-09,46.617000579833984, 
03JB004,2011-12-09,47.14699935913086, 
03JB004,2012-01-09,46.67699813842773, 
03JB004,2012-02-09,46.680999755859375, 
03JB004,2012-03-09,46.68199920654297, 
03JB004,2012-04-09,46.52999877929688, 
03JB004,2012-05-09,46.51499938964844, 
03JB004,2012-06-09,, 
03JB004,2012-07-09,47.23400115966797, 
03JB004,2012-08-09,46.97600173950195, 
03JB004,2012-09-09,46.867000579833984, 
03JB004,2012-10-09,46.709999084472656, 
03JB004,2012-11-09,46.98600006103516, 
03JB004,2012-12-09,46.93000030517578, 
03JB004,2013-01-09,46.930999755859375, 
03JB004,2013-02-09,46.46599960327149, 
03JB004,2013-03-09,46.44400024414063, 
03JB004,2013-04-09,46.35499954223633, 
03JB004,2013-05-09,46.930999755859375, 
03JB004,2013-06-09,47.595001220703125, 
03JB004,2013-07-09,46.95700073242188, 
03JB004,2013-08-09,47.047000885009766, 
03JB004,2013-09-09,46.48500061035156, 
03JB004,2013-10-09,47.13100051879883, 
03JB004,1991-10-10,46.900001525878906, 
03JB004,1991-11-10,46.52000045776367, 
03JB004,1991-12-10,46.68000030517578, 
03JB004,1992-01-10,46.5099983215332, 
03JB004,1992-03-10,, 
03JB004,1992-04-10,46.09999847412109, 
03JB004,1992-05-10,45.84999847412109, 
03JB004,1992-06-10,46.56999969482422, 
03JB004,1992-07-10,48.16999816894531, 
03JB004,1992-08-10,47.20000076293945, 
03JB004,1992-09-10,46.52999877929688, 
03JB004,1992-10-10,47.18000030517578, 
03JB004,1992-11-10,47.130001068115234, 
03JB004,1992-12-10,46.95000076293945, 
03JB004,1993-03-10,, 
03JB004,1993-04-10,46.77999877929688, 
03JB004,1993-05-10,46.54999923706055, 
03JB004,1993-06-10,48.209999084472656, 
03JB004,1993-07-10,47.150001525878906, 
03JB004,2008-07-10,, 
03JB004,2008-08-10,46.44599914550781, 
03JB004,2008-09-10,47.54800033569336, 
03JB004,2008-10-10,47.01800155639648, 
03JB004,2008-11-10,47.494998931884766, 
03JB004,2008-12-10,47.17699813842773, 
03JB004,2009-01-10,47.38899993896485, 
03JB004,2009-02-10,46.56600189208984, 
03JB004,2009-03-10,46.525001525878906, 
03JB004,2009-04-10,46.15999984741211, 
03JB004,2009-05-10,45.882999420166016, 
03JB004,2009-06-10,48.05699920654297, 
03JB004,2009-07-10,47.417999267578125, 
03JB004,2009-08-10,47.08300018310547, 
03JB004,2009-09-10,47.03400039672852, 
03JB004,2009-10-10,46.83100128173828, 
03JB004,2009-11-10,46.698001861572266, 
03JB004,2009-12-10,47.12900161743164, 
03JB004,2010-01-10,47.1150016784668, 
03JB004,2010-02-10,46.77199935913086, 
03JB004,2010-03-10,46.47700119018555, 
03JB004,2010-04-10,46.4739990234375, 
03JB004,2010-05-10,45.887001037597656, 
03JB004,2010-06-10,48.4379997253418, 
03JB004,2010-07-10,46.9900016784668, 
03JB004,2010-08-10,47.08700180053711, 
03JB004,2010-09-10,46.85499954223633, 
03JB004,2010-10-10,46.757999420166016, 
03JB004,2010-11-10,46.95299911499024, 
03JB004,2010-12-10,46.983001708984375, 
03JB004,2011-01-10,46.86299896240234, 
03JB004,2011-02-10,46.625, 
03JB004,2011-03-10,46.45899963378906, 
03JB004,2011-04-10,46.37900161743164, 
03JB004,2011-05-10,46.05699920654297, 
03JB004,2011-06-10,48.02099990844727, 
03JB004,2011-07-10,46.77099990844727, 
03JB004,2011-08-10,46.40900039672852, 
03JB004,2011-09-10,47.137001037597656, 
03JB004,2011-10-10,47.167999267578125, 
03JB004,2011-11-10,46.58000183105469, 
03JB004,2011-12-10,47.0359992980957, 
03JB004,2012-01-10,46.65700149536133, 
03JB004,2012-02-10,46.68600082397461, 
03JB004,2012-03-10,46.6879997253418, 
03JB004,2012-04-10,46.52199935913086, 
03JB004,2012-05-10,46.494998931884766, 
03JB004,2012-06-10,48.11000061035156, 
03JB004,2012-07-10,47.46900177001953, 
03JB004,2012-08-10,46.94900131225586, 
03JB004,2012-09-10,46.88399887084961, 
03JB004,2012-10-10,46.72999954223633, 
03JB004,2012-11-10,46.88399887084961, 
03JB004,2012-12-10,46.979000091552734, 
03JB004,2013-01-10,46.95500183105469, 
03JB004,2013-02-10,46.45299911499024, 
03JB004,2013-03-10,46.45800018310547, 
03JB004,2013-04-10,46.345001220703125, 
03JB004,2013-05-10,46.84600067138672, 
03JB004,2013-06-10,47.632999420166016, 
03JB004,2013-07-10,46.9119987487793, 
03JB004,2013-08-10,46.98500061035156, 
03JB004,2013-09-10,46.48099899291992, 
03JB004,2013-10-10,47.17900085449219, 
03JB004,1991-10-11,46.900001525878906, 
03JB004,1991-11-11,46.790000915527344, 
03JB004,1991-12-11,46.709999084472656, 
03JB004,1992-01-11,46.54999923706055, 
03JB004,1992-03-11,, 
03JB004,1992-04-11,46.08000183105469, 
03JB004,1992-05-11,45.84999847412109, 
03JB004,1992-06-11,, 
03JB004,1992-07-11,48.130001068115234, 
03JB004,1992-08-11,47.16999816894531, 
03JB004,1992-09-11,46.4900016784668, 
03JB004,1992-10-11,47.13999938964844, 
03JB004,1992-11-11,46.959999084472656, 
03JB004,1992-12-11,46.97999954223633, 
03JB004,1993-03-11,, 
03JB004,1993-04-11,46.75, 
03JB004,1993-05-11,46.540000915527344, 
03JB004,1993-06-11,48.2400016784668, 
03JB004,1993-07-11,47.06999969482422, 
03JB004,2008-07-11,, 
03JB004,2008-08-11,46.40900039672852, 
03JB004,2008-09-11,47.48099899291992, 
03JB004,2008-10-11,46.98199844360352, 
03JB004,2008-11-11,47.41699981689453, 
03JB004,2008-12-11,47.17100143432617, 
03JB004,2009-01-11,47.42599868774414, 
03JB004,2009-02-11,46.57099914550781, 
03JB004,2009-03-11,46.5359992980957, 
03JB004,2009-04-11,46.13899993896485, 
03JB004,2009-05-11,45.875, 
03JB004,2009-06-11,48.77799987792969, 
03JB004,2009-07-11,47.37900161743164, 
03JB004,2009-08-11,47.08599853515625, 
03JB004,2009-09-11,46.992000579833984, 
03JB004,2009-10-11,46.88999938964844, 
03JB004,2009-11-11,46.680999755859375, 
03JB004,2009-12-11,47.30899810791016, 
03JB004,2010-01-11,47.1259994506836, 
03JB004,2010-02-11,46.78099822998047, 
03JB004,2010-03-11,46.48500061035156, 
03JB004,2010-04-11,46.4640007019043, 
03JB004,2010-05-11,45.88199996948242, 
03JB004,2010-06-11,48.391998291015625, 
03JB004,2010-07-11,47.01399993896485, 
03JB004,2010-08-11,47.084999084472656, 
03JB004,2010-09-11,46.854000091552734, 
03JB004,2010-10-11,46.78499984741211, 
03JB004,2010-11-11,46.92599868774414, 
03JB004,2010-12-11,47.14300155639648, 
03JB004,2011-01-11,46.90800094604492, 
03JB004,2011-02-11,46.60200119018555, 
03JB004,2011-03-11,46.45899963378906, 
03JB004,2011-04-11,46.374000549316406, 
03JB004,2011-05-11,46.0629997253418, 
03JB004,2011-06-11,48.130001068115234, 
03JB004,2011-07-11,46.74700164794922, 
03JB004,2011-08-11,46.38399887084961, 
03JB004,2011-09-11,47.14899826049805, 
03JB004,2011-10-11,47.21900177001953, 
03JB004,2011-11-11,46.571998596191406, 
03JB004,2011-12-11,47.1349983215332, 
03JB004,2012-01-11,46.652000427246094, 
03JB004,2012-02-11,46.68199920654297, 
03JB004,2012-03-11,46.6870002746582, 
03JB004,2012-04-11,46.51900100708008, 
03JB004,2012-05-11,46.46500015258789, 
03JB004,2012-06-11,48.005001068115234, 
03JB004,2012-07-11,47.512001037597656, 
03JB004,2012-08-11,46.91400146484375, 
03JB004,2012-09-11,46.89099884033203, 
03JB004,2012-10-11,46.81499862670898, 
03JB004,2012-11-11,46.81100082397461, 
03JB004,2012-12-11,46.959999084472656, 
03JB004,2013-01-11,47.04399871826172, 
03JB004,2013-02-11,46.45700073242188, 
03JB004,2013-03-11,46.46699905395508, 
03JB004,2013-04-11,46.334999084472656, 
03JB004,2013-05-11,46.74300003051758, 
03JB004,2013-06-11,47.63999938964844, 
03JB004,2013-07-11,46.875, 
03JB004,2013-08-11,46.94100189208984, 
03JB004,2013-09-11,46.46699905395508, 
03JB004,2013-10-11,47.14099884033203, 
03JB004,1991-10-12,46.86000061035156, 
03JB004,1991-11-12,46.75, 
03JB004,1991-12-12,46.59999847412109, 
03JB004,1992-01-12,46.56999969482422, 
03JB004,1992-03-12,, 
03JB004,1992-04-12,46.04999923706055, 
03JB004,1992-05-12,45.84999847412109, 
03JB004,1992-06-12,, 
03JB004,1992-07-12,48.02999877929688, 
03JB004,1992-08-12,47.09999847412109, 
03JB004,1992-09-12,46.619998931884766, 
03JB004,1992-10-12,47.119998931884766, 
03JB004,1992-11-12,46.93999862670898, 
03JB004,1992-12-12,46.869998931884766, 
03JB004,1993-03-12,, 
03JB004,1993-04-12,46.72999954223633, 
03JB004,1993-05-12,46.5099983215332, 
03JB004,1993-06-12,48.20000076293945, 
03JB004,1993-07-12,47.0099983215332, 
03JB004,2008-07-12,, 
03JB004,2008-08-12,46.39099884033203, 
03JB004,2008-09-12,47.417999267578125, 
03JB004,2008-10-12,46.96900177001953, 
03JB004,2008-11-12,47.49399948120117, 
03JB004,2008-12-12,47.05400085449219, 
03JB004,2009-01-12,47.48199844360352, 
03JB004,2009-02-12,46.56800079345703, 
03JB004,2009-03-12,46.54899978637695, 
03JB004,2009-04-12,46.10900115966797, 
03JB004,2009-05-12,45.87099838256836, 
03JB004,2009-06-12,49.23799896240234, 
03JB004,2009-07-12,47.36600112915039, 
03JB004,2009-08-12,47.07899856567383, 
03JB004,2009-09-12,46.96500015258789, 
03JB004,2009-10-12,46.917999267578125, 
03JB004,2009-11-12,46.73699951171875, 
03JB004,2009-12-12,47.21900177001953, 
03JB004,2010-01-12,47.13899993896485, 
03JB004,2010-02-12,46.775001525878906, 
03JB004,2010-03-12,46.494998931884766, 
03JB004,2010-04-12,46.43999862670898, 
03JB004,2010-05-12,45.87799835205078, 
03JB004,2010-06-12,48.25199890136719, 
03JB004,2010-07-12,47.03099822998047, 
03JB004,2010-08-12,47.06700134277344, 
03JB004,2010-09-12,46.83300018310547, 
03JB004,2010-10-12,46.80899810791016, 
03JB004,2010-11-12,46.89799880981445, 
03JB004,2010-12-12,47.073001861572266, 
03JB004,2011-01-12,46.89500045776367, 
03JB004,2011-02-12,46.61399841308594, 
03JB004,2011-03-12,46.46500015258789, 
03JB004,2011-04-12,46.34400177001953, 
03JB004,2011-05-12,46.09400177001953, 
03JB004,2011-06-12,48.00400161743164, 
03JB004,2011-07-12,46.71900177001953, 
03JB004,2011-08-12,46.35599899291992, 
03JB004,2011-09-12,47.21900177001953, 
03JB004,2011-10-12,47.23899841308594, 
03JB004,2011-11-12,46.55899810791016, 
03JB004,2011-12-12,47.21699905395508, 
03JB004,2012-01-12,46.63100051879883, 
03JB004,2012-02-12,46.67599868774414, 
03JB004,2012-03-12,46.69400024414063, 
03JB004,2012-04-12,46.499000549316406, 
03JB004,2012-05-12,46.459999084472656, 
03JB004,2012-06-12,47.99300003051758, 
03JB004,2012-07-12,47.47100067138672, 
03JB004,2012-08-12,46.88399887084961, 
03JB004,2012-09-12,46.89500045776367, 
03JB004,2012-10-12,46.89099884033203, 
03JB004,2012-11-12,46.90299987792969, 
03JB004,2012-12-12,46.902000427246094, 
03JB004,2013-01-12,47.06100082397461, 
03JB004,2013-02-12,46.45299911499024, 
03JB004,2013-03-12,46.46799850463867, 
03JB004,2013-04-12,46.33100128173828, 
03JB004,2013-05-12,46.67599868774414, 
03JB004,2013-06-12,47.63199996948242, 
03JB004,2013-07-12,46.83200073242188, 
03JB004,2013-08-12,46.89400100708008, 
03JB004,2013-09-12,46.46500015258789, 
03JB004,2013-10-12,47.07799911499024, 
03JB004,1991-10-13,46.83000183105469, 
03JB004,1991-11-13,46.66999816894531, 
03JB004,1991-12-13,46.63999938964844, 
03JB004,1992-01-13,46.54999923706055, 
03JB004,1992-03-13,, 
03JB004,1992-04-13,46.04999923706055, 
03JB004,1992-05-13,45.86000061035156, 
03JB004,1992-06-13,, 
03JB004,1992-07-13,47.959999084472656, 
03JB004,1992-08-13,47.040000915527344, 
03JB004,1992-09-13,46.59999847412109, 
03JB004,1992-10-13,47.09999847412109, 
03JB004,1992-11-13,46.93000030517578, 
03JB004,1992-12-13,46.84999847412109, 
03JB004,1993-03-13,, 
03JB004,1993-04-13,46.68000030517578, 
03JB004,1993-05-13,46.5, 
03JB004,1993-06-13,48.11000061035156, 
03JB004,1993-07-13,46.97999954223633, 
03JB004,2008-07-13,, 
03JB004,2008-08-13,46.37799835205078, 
03JB004,2008-09-13,47.40599822998047, 
03JB004,2008-10-13,46.96699905395508, 
03JB004,2008-11-13,47.64300155639648, 
03JB004,2008-12-13,46.97800064086914, 
03JB004,2009-01-13,47.48799896240234, 
03JB004,2009-02-13,46.5620002746582, 
03JB004,2009-03-13,46.54600143432617, 
03JB004,2009-04-13,46.08000183105469, 
03JB004,2009-05-13,45.867000579833984, 
03JB004,2009-06-13,49.415000915527344, 
03JB004,2009-07-13,47.48500061035156, 
03JB004,2009-08-13,47.11399841308594, 
03JB004,2009-09-13,46.92499923706055, 
03JB004,2009-10-13,46.930999755859375, 
03JB004,2009-11-13,46.74599838256836, 
03JB004,2009-12-13,47.06399917602539, 
03JB004,2010-01-13,47.16600036621094, 
03JB004,2010-02-13,46.766998291015625, 
03JB004,2010-03-13,46.4900016784668, 
03JB004,2010-04-13,46.41299819946289, 
03JB004,2010-05-13,45.87699890136719, 
03JB004,2010-06-13,48.09400177001953, 
03JB004,2010-07-13,47.06499862670898, 
03JB004,2010-08-13,47.0359992980957, 
03JB004,2010-09-13,46.82099914550781, 
03JB004,2010-10-13,46.82400131225586, 
03JB004,2010-11-13,46.882999420166016, 
03JB004,2010-12-13,47.130001068115234, 
03JB004,2011-01-13,46.85900115966797, 
03JB004,2011-02-13,46.64300155639648, 
03JB004,2011-03-13,46.45600128173828, 
03JB004,2011-04-13,46.31999969482422, 
03JB004,2011-05-13,46.137001037597656, 
03JB004,2011-06-13,47.90700149536133, 
03JB004,2011-07-13,46.68399810791016, 
03JB004,2011-08-13,46.37900161743164, 
03JB004,2011-09-13,47.23600006103516, 
03JB004,2011-10-13,47.297000885009766, 
03JB004,2011-11-13,46.59999847412109, 
03JB004,2011-12-13,47.22800064086914, 
03JB004,2012-01-13,46.630001068115234, 
03JB004,2012-02-13,46.64799880981445, 
03JB004,2012-03-13,46.69300079345703, 
03JB004,2012-04-13,46.46200180053711, 
03JB004,2012-05-13,46.625, 
03JB004,2012-06-13,47.91400146484375, 
03JB004,2012-07-13,47.40299987792969, 
03JB004,2012-08-13,46.83700180053711, 
03JB004,2012-09-13,46.874000549316406, 
03JB004,2012-10-13,46.91600036621094, 
03JB004,2012-11-13,46.80799865722656, 
03JB004,2012-12-13,46.983001708984375, 
03JB004,2013-01-13,46.96699905395508, 
03JB004,2013-02-13,46.44200134277344, 
03JB004,2013-03-13,46.44400024414063, 
03JB004,2013-04-13,46.32699966430664, 
03JB004,2013-05-13,46.61299896240234, 
03JB004,2013-06-13,47.604000091552734, 
03JB004,2013-07-13,46.81800079345703, 
03JB004,2013-08-13,46.84000015258789, 
03JB004,2013-09-13,46.45000076293945, 
03JB004,2013-10-13,47.02799987792969, 
03JB004,1991-10-14,46.810001373291016, 
03JB004,1991-11-14,46.630001068115234, 
03JB004,1991-12-14,46.70000076293945, 
03JB004,1992-01-14,46.54999923706055, 
03JB004,1992-03-14,, 
03JB004,1992-04-14,46.04999923706055, 
03JB004,1992-05-14,45.84999847412109, 
03JB004,1992-06-14,48.08000183105469, 
03JB004,1992-07-14,47.900001525878906, 
03JB004,1992-08-14,47.02999877929688, 
03JB004,1992-09-14,46.54999923706055, 
03JB004,1992-10-14,47.09999847412109, 
03JB004,1992-11-14,46.959999084472656, 
03JB004,1992-12-14,46.790000915527344, 
03JB004,1993-03-14,, 
03JB004,1993-04-14,46.68000030517578, 
03JB004,1993-05-14,46.5, 
03JB004,1993-06-14,48.06999969482422, 
03JB004,1993-07-14,46.959999084472656, 
03JB004,2008-07-14,, 
03JB004,2008-08-14,46.367000579833984, 
03JB004,2008-09-14,47.512001037597656, 
03JB004,2008-10-14,46.99100112915039, 
03JB004,2008-11-14,47.70100021362305, 
03JB004,2008-12-14,47.00299835205078, 
03JB004,2009-01-14,47.45399856567383, 
03JB004,2009-02-14,46.54999923706055, 
03JB004,2009-03-14,46.50199890136719, 
03JB004,2009-04-14,46.05799865722656, 
03JB004,2009-05-14,45.87099838256836, 
03JB004,2009-06-14,49.3489990234375, 
03JB004,2009-07-14,47.57400131225586, 
03JB004,2009-08-14,47.10200119018555, 
03JB004,2009-09-14,46.875, 
03JB004,2009-10-14,46.93199920654297, 
03JB004,2009-11-14,46.73099899291992, 
03JB004,2009-12-14,47.02199935913086, 
03JB004,2010-01-14,47.17100143432617, 
03JB004,2010-02-14,46.75199890136719, 
03JB004,2010-03-14,46.48899841308594, 
03JB004,2010-04-14,46.39500045776367, 
03JB004,2010-05-14,45.8849983215332, 
03JB004,2010-06-14,47.97100067138672, 
03JB004,2010-07-14,47.055999755859375, 
03JB004,2010-08-14,47.0, 
03JB004,2010-09-14,46.81399917602539, 
03JB004,2010-10-14,46.83000183105469, 
03JB004,2010-11-14,46.874000549316406, 
03JB004,2010-12-14,47.14500045776367, 
03JB004,2011-01-14,46.87900161743164, 
03JB004,2011-02-14,46.65299987792969, 
03JB004,2011-03-14,46.45199966430664, 
03JB004,2011-04-14,46.33200073242188, 
03JB004,2011-05-14,46.17399978637695, 
03JB004,2011-06-14,48.04499816894531, 
03JB004,2011-07-14,46.65900039672852, 
03JB004,2011-08-14,46.38999938964844, 
03JB004,2011-09-14,47.28099822998047, 
03JB004,2011-10-14,47.30400085449219, 
03JB004,2011-11-14,46.665000915527344, 
03JB004,2011-12-14,47.042999267578125, 
03JB004,2012-01-14,46.62699890136719, 
03JB004,2012-02-14,46.6259994506836, 
03JB004,2012-03-14,46.65900039672852, 
03JB004,2012-04-14,46.46500015258789, 
03JB004,2012-05-14,47.06399917602539, 
03JB004,2012-06-14,47.82600021362305, 
03JB004,2012-07-14,47.33700180053711, 
03JB004,2012-08-14,46.790000915527344, 
03JB004,2012-09-14,46.84099960327149, 
03JB004,2012-10-14,46.89300155639648, 
03JB004,2012-11-14,46.85599899291992, 
03JB004,2012-12-14,46.98099899291992, 
03JB004,2013-01-14,46.99599838256836, 
03JB004,2013-02-14,46.44100189208984, 
03JB004,2013-03-14,46.43600082397461, 
03JB004,2013-04-14,46.31999969482422, 
03JB004,2013-05-14,46.553001403808594, 
03JB004,2013-06-14,47.555999755859375, 
03JB004,2013-07-14,46.79800033569336, 
03JB004,2013-08-14,46.79399871826172, 
03JB004,2013-09-14,46.430999755859375, 
03JB004,2013-10-14,46.994998931884766, 
03JB004,1991-10-15,46.790000915527344, 
03JB004,1991-11-15,46.77999877929688, 
03JB004,1991-12-15,46.63999938964844, 
03JB004,1992-01-15,46.54999923706055, 
03JB004,1992-03-15,, 
03JB004,1992-04-15,46.04999923706055, 
03JB004,1992-05-15,45.86000061035156, 
03JB004,1992-06-15,48.11000061035156, 
03JB004,1992-07-15,47.84000015258789, 
03JB004,1992-08-15,47.02000045776367, 
03JB004,1992-09-15,46.52999877929688, 
03JB004,1992-10-15,47.119998931884766, 
03JB004,1992-11-15,47.0, 
03JB004,1992-12-15,46.880001068115234, 
03JB004,1993-03-15,, 
03JB004,1993-04-15,46.68000030517578, 
03JB004,1993-05-15,46.47999954223633, 
03JB004,1993-06-15,48.02999877929688, 
03JB004,1993-07-15,46.959999084472656, 
03JB004,2008-07-15,, 
03JB004,2008-08-15,46.354000091552734, 
03JB004,2008-09-15,47.5, 
03JB004,2008-10-15,47.22100067138672, 
03JB004,2008-11-15,47.23600006103516, 
03JB004,2008-12-15,47.08300018310547, 
03JB004,2009-01-15,47.40800094604492, 
03JB004,2009-02-15,46.54499816894531, 
03JB004,2009-03-15,46.50699996948242, 
03JB004,2009-04-15,46.060001373291016, 
03JB004,2009-05-15,45.887001037597656, 
03JB004,2009-06-15,49.28400039672852, 
03JB004,2009-07-15,47.57799911499024, 
03JB004,2009-08-15,47.09199905395508, 
03JB004,2009-09-15,46.83599853515625, 
03JB004,2009-10-15,46.91299819946289, 
03JB004,2009-11-15,46.71099853515625, 
03JB004,2009-12-15,47.0620002746582, 
03JB004,2010-01-15,47.1150016784668, 
03JB004,2010-02-15,46.729000091552734, 
03JB004,2010-03-15,46.5, 
03JB004,2010-04-15,46.37900161743164, 
03JB004,2010-05-15,45.900001525878906, 
03JB004,2010-06-15,47.82799911499024, 
03JB004,2010-07-15,47.053001403808594, 
03JB004,2010-08-15,46.959999084472656, 
03JB004,2010-09-15,46.80899810791016, 
03JB004,2010-10-15,46.82699966430664, 
03JB004,2010-11-15,46.83200073242188, 
03JB004,2010-12-15,46.92900085449219, 
03JB004,2011-01-15,46.915000915527344, 
03JB004,2011-02-15,46.641998291015625, 
03JB004,2011-03-15,46.45000076293945, 
03JB004,2011-04-15,46.32099914550781, 
03JB004,2011-05-15,46.18000030517578, 
03JB004,2011-06-15,47.91400146484375, 
03JB004,2011-07-15,46.64699935913086, 
03JB004,2011-08-15,46.40299987792969, 
03JB004,2011-09-15,47.28799819946289, 
03JB004,2011-10-15,47.2859992980957, 
03JB004,2011-11-15,46.61399841308594, 
03JB004,2011-12-15,46.922000885009766, 
03JB004,2012-01-15,46.61299896240234, 
03JB004,2012-02-15,46.6150016784668, 
03JB004,2012-03-15,46.667999267578125, 
03JB004,2012-04-15,46.48400115966797, 
03JB004,2012-05-15,47.39400100708008, 
03JB004,2012-06-15,47.74100112915039, 
03JB004,2012-07-15,47.30699920654297, 
03JB004,2012-08-15,46.757999420166016, 
03JB004,2012-09-15,46.83000183105469, 
03JB004,2012-10-15,46.87900161743164, 
03JB004,2012-11-15,46.95399856567383, 
03JB004,2012-12-15,47.05099868774414, 
03JB004,2013-01-15,47.07600021362305, 
03JB004,2013-02-15,46.44100189208984, 
03JB004,2013-03-15,46.43199920654297, 
03JB004,2013-04-15,, 
03JB004,2013-05-15,46.51300048828125, 
03JB004,2013-06-15,47.53099822998047, 
03JB004,2013-07-15,46.75299835205078, 
03JB004,2013-08-15,46.76100158691406, 
03JB004,2013-09-15,46.44300079345703, 
03JB004,2013-10-15,46.96799850463867, 
03JB004,1991-10-16,46.7599983215332, 
03JB004,1991-11-16,46.63999938964844, 
03JB004,1991-12-16,46.77000045776367, 
03JB004,1992-01-16,46.54999923706055, 
03JB004,1992-03-16,, 
03JB004,1992-04-16,46.040000915527344, 
03JB004,1992-05-16,45.84999847412109, 
03JB004,1992-06-16,48.11000061035156, 
03JB004,1992-07-16,47.77000045776367, 
03JB004,1992-08-16,47.0, 
03JB004,1992-09-16,46.56999969482422, 
03JB004,1992-10-16,47.119998931884766, 
03JB004,1992-11-16,47.27000045776367, 
03JB004,1992-12-16,46.810001373291016, 
03JB004,1993-03-16,, 
03JB004,1993-04-16,46.66999816894531, 
03JB004,1993-05-16,46.61000061035156, 
03JB004,1993-06-16,48.08000183105469, 
03JB004,1993-07-16,46.959999084472656, 
03JB004,2008-07-16,, 
03JB004,2008-08-16,46.34999847412109, 
03JB004,2008-09-16,47.46200180053711, 
03JB004,2008-10-16,47.358001708984375, 
03JB004,2008-11-16,47.11199951171875, 
03JB004,2008-12-16,47.172000885009766, 
03JB004,2009-01-16,47.38399887084961, 
03JB004,2009-02-16,46.553001403808594, 
03JB004,2009-03-16,46.48199844360352, 
03JB004,2009-04-16,46.06800079345703, 
03JB004,2009-05-16,45.88399887084961, 
03JB004,2009-06-16,49.24599838256836, 
03JB004,2009-07-16,47.5359992980957, 
03JB004,2009-08-16,47.08000183105469, 
03JB004,2009-09-16,46.797000885009766, 
03JB004,2009-10-16,46.89300155639648, 
03JB004,2009-11-16,46.72100067138672, 
03JB004,2009-12-16,47.10300064086914, 
03JB004,2010-01-16,47.14899826049805, 
03JB004,2010-02-16,46.69300079345703, 
03JB004,2010-03-16,46.50199890136719, 
03JB004,2010-04-16,46.36800003051758, 
03JB004,2010-05-16,45.93000030517578, 
03JB004,2010-06-16,47.70800018310547, 
03JB004,2010-07-16,47.00699996948242, 
03JB004,2010-08-16,46.94499969482422, 
03JB004,2010-09-16,46.80199813842773, 
03JB004,2010-10-16,46.83700180053711, 
03JB004,2010-11-16,46.85300064086914, 
03JB004,2010-12-16,46.874000549316406, 
03JB004,2011-01-16,46.983001708984375, 
03JB004,2011-02-16,46.60300064086914, 
03JB004,2011-03-16,46.4640007019043, 
03JB004,2011-04-16,46.297000885009766, 
03JB004,2011-05-16,46.165000915527344, 
03JB004,2011-06-16,47.73799896240234, 
03JB004,2011-07-16,46.65399932861328, 
03JB004,2011-08-16,46.43299865722656, 
03JB004,2011-09-16,47.26100158691406, 
03JB004,2011-10-16,47.30400085449219, 
03JB004,2011-11-16,46.59299850463867, 
03JB004,2011-12-16,46.88800048828125, 
03JB004,2012-01-16,46.61000061035156, 
03JB004,2012-02-16,46.6150016784668, 
03JB004,2012-03-16,46.6879997253418, 
03JB004,2012-04-16,46.47999954223633, 
03JB004,2012-05-16,47.6619987487793, 
03JB004,2012-06-16,47.665000915527344, 
03JB004,2012-07-16,47.29199981689453, 
03JB004,2012-08-16,46.72999954223633, 
03JB004,2012-09-16,46.790000915527344, 
03JB004,2012-10-16,46.8489990234375, 
03JB004,2012-11-16,46.86000061035156, 
03JB004,2012-12-16,47.11299896240234, 
03JB004,2013-01-16,47.12099838256836, 
03JB004,2013-02-16,46.446998596191406, 
03JB004,2013-03-16,46.42499923706055, 
03JB004,2013-04-16,, 
03JB004,2013-05-16,46.48899841308594, 
03JB004,2013-06-16,47.47999954223633, 
03JB004,2013-07-16,46.71900177001953, 
03JB004,2013-08-16,46.729000091552734, 
03JB004,2013-09-16,46.48799896240234, 
03JB004,2013-10-16,46.95500183105469, 
03JB004,1991-10-17,46.7599983215332, 
03JB004,1991-11-17,46.68999862670898, 
03JB004,1991-12-17,46.75, 
03JB004,1992-01-17,46.540000915527344, 
03JB004,1992-03-17,, 
03JB004,1992-04-17,46.0099983215332, 
03JB004,1992-05-17,45.84000015258789, 
03JB004,1992-06-17,47.84000015258789, 
03JB004,1992-07-17,47.72999954223633, 
03JB004,1992-08-17,46.97999954223633, 
03JB004,1992-09-17,46.619998931884766, 
03JB004,1992-10-17,47.09999847412109, 
03JB004,1992-11-17,47.18000030517578, 
03JB004,1992-12-17,46.869998931884766, 
03JB004,1993-03-17,, 
03JB004,1993-04-17,46.66999816894531, 
03JB004,1993-05-17,46.7599983215332, 
03JB004,1993-06-17,48.02000045776367, 
03JB004,1993-07-17,46.95000076293945, 
03JB004,2008-07-17,, 
03JB004,2008-08-17,46.37300109863281, 
03JB004,2008-09-17,, 
03JB004,2008-10-17,47.38399887084961, 
03JB004,2008-11-17,47.06399917602539, 
03JB004,2008-12-17,47.19200134277344, 
03JB004,2009-01-17,47.32600021362305, 
03JB004,2009-02-17,46.55799865722656, 
03JB004,2009-03-17,46.448001861572266, 
03JB004,2009-04-17,46.07799911499024, 
03JB004,2009-05-17,45.89599990844727, 
03JB004,2009-06-17,49.108001708984375, 
03JB004,2009-07-17,47.47499847412109, 
03JB004,2009-08-17,47.04999923706055, 
03JB004,2009-09-17,46.77899932861328, 
03JB004,2009-10-17,46.87200164794922, 
03JB004,2009-11-17,46.72100067138672, 
03JB004,2009-12-17,47.38399887084961, 
03JB004,2010-01-17,47.2599983215332, 
03JB004,2010-02-17,46.66299819946289, 
03JB004,2010-03-17,46.48199844360352, 
03JB004,2010-04-17,46.35100173950195, 
03JB004,2010-05-17,45.98799896240234, 
03JB004,2010-06-17,47.64099884033203, 
03JB004,2010-07-17,46.9379997253418, 
03JB004,2010-08-17,46.94200134277344, 
03JB004,2010-09-17,46.79899978637695, 
03JB004,2010-10-17,46.82899856567383, 
03JB004,2010-11-17,46.92499923706055, 
03JB004,2010-12-17,46.87300109863281, 
03JB004,2011-01-17,47.01900100708008, 
03JB004,2011-02-17,46.56600189208984, 
03JB004,2011-03-17,46.459999084472656, 
03JB004,2011-04-17,46.27899932861328, 
03JB004,2011-05-17,46.14599990844727, 
03JB004,2011-06-17,47.6259994506836, 
03JB004,2011-07-17,46.632999420166016, 
03JB004,2011-08-17,46.43899917602539, 
03JB004,2011-09-17,47.21699905395508, 
03JB004,2011-10-17,47.27899932861328, 
03JB004,2011-11-17,46.58300018310547, 
03JB004,2011-12-17,46.85300064086914, 
03JB004,2012-01-17,46.6259994506836, 
03JB004,2012-02-17,46.632999420166016, 
03JB004,2012-03-17,46.67300033569336, 
03JB004,2012-04-17,46.46500015258789, 
03JB004,2012-05-17,47.71500015258789, 
03JB004,2012-06-17,47.62300109863281, 
03JB004,2012-07-17,47.323001861572266, 
03JB004,2012-08-17,46.71200180053711, 
03JB004,2012-09-17,46.75, 
03JB004,2012-10-17,46.8120002746582, 
03JB004,2012-11-17,46.792999267578125, 
03JB004,2012-12-17,46.99599838256836, 
03JB004,2013-01-17,47.0890007019043, 
03JB004,2013-02-17,46.45600128173828, 
03JB004,2013-03-17,46.42499923706055, 
03JB004,2013-04-17,46.30699920654297, 
03JB004,2013-05-17,46.46900177001953, 
03JB004,2013-06-17,47.422000885009766, 
03JB004,2013-07-17,46.70000076293945, 
03JB004,2013-08-17,46.680999755859375, 
03JB004,2013-09-17,46.53499984741211, 
03JB004,2013-10-17,46.92399978637695, 
03JB004,1991-10-18,46.77000045776367, 
03JB004,1991-11-18,46.790000915527344, 
03JB004,1991-12-18,46.83000183105469, 
03JB004,1992-01-18,46.5099983215332, 
03JB004,1992-03-18,, 
03JB004,1992-04-18,45.9900016784668, 
03JB004,1992-05-18,45.810001373291016, 
03JB004,1992-06-18,47.66999816894531, 
03JB004,1992-07-18,47.68999862670898, 
03JB004,1992-08-18,46.97999954223633, 
03JB004,1992-09-18,46.68000030517578, 
03JB004,1992-10-18,47.060001373291016, 
03JB004,1992-11-18,47.11000061035156, 
03JB004,1992-12-18,46.70000076293945, 
03JB004,1993-03-18,, 
03JB004,1993-04-18,46.65999984741211, 
03JB004,1993-05-18,47.0, 
03JB004,1993-06-18,47.97999954223633, 
03JB004,1993-07-18,46.93000030517578, 
03JB004,2008-07-18,, 
03JB004,2008-08-18,46.39599990844727, 
03JB004,2008-09-18,, 
03JB004,2008-10-18,47.33700180053711, 
03JB004,2008-11-18,47.00400161743164, 
03JB004,2008-12-18,47.196998596191406, 
03JB004,2009-01-18,47.28400039672852, 
03JB004,2009-02-18,46.56100082397461, 
03JB004,2009-03-18,46.428001403808594, 
03JB004,2009-04-18,46.09000015258789, 
03JB004,2009-05-18,45.90700149536133, 
03JB004,2009-06-18,, 
03JB004,2009-07-18,47.38399887084961, 
03JB004,2009-08-18,46.992000579833984, 
03JB004,2009-09-18,46.89500045776367, 
03JB004,2009-10-18,46.858001708984375, 
03JB004,2009-11-18,46.70299911499024, 
03JB004,2009-12-18,47.23500061035156, 
03JB004,2010-01-18,47.29999923706055, 
03JB004,2010-02-18,46.64899826049805, 
03JB004,2010-03-18,46.47100067138672, 
03JB004,2010-04-18,46.32099914550781, 
03JB004,2010-05-18,46.06999969482422, 
03JB004,2010-06-18,47.57799911499024, 
03JB004,2010-07-18,46.874000549316406, 
03JB004,2010-08-18,46.93299865722656, 
03JB004,2010-09-18,46.79399871826172, 
03JB004,2010-10-18,46.83599853515625, 
03JB004,2010-11-18,46.95000076293945, 
03JB004,2010-12-18,46.775001525878906, 
03JB004,2011-01-18,47.02099990844727, 
03JB004,2011-02-18,46.54800033569336, 
03JB004,2011-03-18,46.45500183105469, 
03JB004,2011-04-18,46.26300048828125, 
03JB004,2011-05-18,46.13100051879883, 
03JB004,2011-06-18,47.54499816894531, 
03JB004,2011-07-18,46.61899948120117, 
03JB004,2011-08-18,46.4379997253418, 
03JB004,2011-09-18,47.17699813842773, 
03JB004,2011-10-18,47.242000579833984, 
03JB004,2011-11-18,46.6609992980957, 
03JB004,2011-12-18,46.83100128173828, 
03JB004,2012-01-18,46.59099960327149, 
03JB004,2012-02-18,46.63899993896485, 
03JB004,2012-03-18,46.64300155639648, 
03JB004,2012-04-18,, 
03JB004,2012-05-18,47.59299850463867, 
03JB004,2012-06-18,47.584999084472656, 
03JB004,2012-07-18,47.39799880981445, 
03JB004,2012-08-18,46.69900131225586, 
03JB004,2012-09-18,46.71799850463867, 
03JB004,2012-10-18,46.797000885009766, 
03JB004,2012-11-18,46.91699981689453, 
03JB004,2012-12-18,46.92699813842773, 
03JB004,2013-01-18,47.04499816894531, 
03JB004,2013-02-18,46.4630012512207, 
03JB004,2013-03-18,46.43299865722656, 
03JB004,2013-04-18,46.29800033569336, 
03JB004,2013-05-18,46.48099899291992, 
03JB004,2013-06-18,47.37300109863281, 
03JB004,2013-07-18,46.68399810791016, 
03JB004,2013-08-18,46.64500045776367, 
03JB004,2013-09-18,46.57699966430664, 
03JB004,2013-10-18,46.880001068115234, 
03JB004,1991-10-19,46.810001373291016, 
03JB004,1991-11-19,46.720001220703125, 
03JB004,1991-12-19,46.84999847412109, 
03JB004,1992-01-19,46.5, 
03JB004,1992-03-19,, 
03JB004,1992-04-19,45.9900016784668, 
03JB004,1992-05-19,45.81999969482422, 
03JB004,1992-06-19,47.75, 
03JB004,1992-07-19,47.66999816894531, 
03JB004,1992-08-19,46.90999984741211, 
03JB004,1992-09-19,46.75, 
03JB004,1992-10-19,46.97999954223633, 
03JB004,1992-11-19,47.400001525878906, 
03JB004,1992-12-19,46.68999862670898, 
03JB004,1993-03-19,, 
03JB004,1993-04-19,46.65999984741211, 
03JB004,1993-05-19,47.16999816894531, 
03JB004,1993-06-19,47.970001220703125, 
03JB004,1993-07-19,46.900001525878906, 
03JB004,2008-07-19,, 
03JB004,2008-08-19,46.38800048828125, 
03JB004,2008-09-19,47.51100158691406, 
03JB004,2008-10-19,47.32699966430664, 
03JB004,2008-11-19,47.0009994506836, 
03JB004,2008-12-19,47.25199890136719, 
03JB004,2009-01-19,47.18999862670898, 
03JB004,2009-02-19,46.56700134277344, 
03JB004,2009-03-19,46.43299865722656, 
03JB004,2009-04-19,46.08700180053711, 
03JB004,2009-05-19,45.88899993896485, 
03JB004,2009-06-19,48.66600036621094, 
03JB004,2009-07-19,47.3390007019043, 
03JB004,2009-08-19,46.9370002746582, 
03JB004,2009-09-19,46.94100189208984, 
03JB004,2009-10-19,46.83599853515625, 
03JB004,2009-11-19,46.85100173950195, 
03JB004,2009-12-19,47.20399856567383, 
03JB004,2010-01-19,47.29999923706055, 
03JB004,2010-02-19,46.61899948120117, 
03JB004,2010-03-19,46.48500061035156, 
03JB004,2010-04-19,46.290000915527344, 
03JB004,2010-05-19,46.14500045776367, 
03JB004,2010-06-19,47.57600021362305, 
03JB004,2010-07-19,46.81100082397461, 
03JB004,2010-08-19,46.9379997253418, 
03JB004,2010-09-19,46.797000885009766, 
03JB004,2010-10-19,46.88800048828125, 
03JB004,2010-11-19,46.90399932861328, 
03JB004,2010-12-19,46.7509994506836, 
03JB004,2011-01-19,46.90700149536133, 
03JB004,2011-02-19,46.51599884033203, 
03JB004,2011-03-19,46.45100021362305, 
03JB004,2011-04-19,46.249000549316406, 
03JB004,2011-05-19,46.0989990234375, 
03JB004,2011-06-19,47.48799896240234, 
03JB004,2011-07-19,46.624000549316406, 
03JB004,2011-08-19,46.43299865722656, 
03JB004,2011-09-19,47.13600158691406, 
03JB004,2011-10-19,47.22499847412109, 
03JB004,2011-11-19,46.71500015258789, 
03JB004,2011-12-19,46.821998596191406, 
03JB004,2012-01-19,46.60499954223633, 
03JB004,2012-02-19,46.63100051879883, 
03JB004,2012-03-19,46.64699935913086, 
03JB004,2012-04-19,46.41600036621094, 
03JB004,2012-05-19,47.43600082397461, 
03JB004,2012-06-19,47.53900146484375, 
03JB004,2012-07-19,47.42100143432617, 
03JB004,2012-08-19,46.66999816894531, 
03JB004,2012-09-19,46.70899963378906, 
03JB004,2012-10-19,46.77399826049805, 
03JB004,2012-11-19,47.01300048828125, 
03JB004,2012-12-19,47.11800003051758, 
03JB004,2013-01-19,47.01499938964844, 
03JB004,2013-02-19,46.47999954223633, 
03JB004,2013-03-19,46.42900085449219, 
03JB004,2013-04-19,46.29199981689453, 
03JB004,2013-05-19,46.65299987792969, 
03JB004,2013-06-19,47.33100128173828, 
03JB004,2013-07-19,46.70899963378906, 
03JB004,2013-08-19,46.619998931884766, 
03JB004,2013-09-19,46.58399963378906, 
03JB004,2013-10-19,46.845001220703125, 
03JB004,1991-10-20,46.810001373291016, 
03JB004,1991-11-20,46.7400016784668, 
03JB004,1991-12-20,46.7599983215332, 
03JB004,1992-01-20,46.47999954223633, 
03JB004,1992-03-20,, 
03JB004,1992-04-20,45.97999954223633, 
03JB004,1992-05-20,45.810001373291016, 
03JB004,1992-06-20,48.18000030517578, 
03JB004,1992-07-20,47.66999816894531, 
03JB004,1992-08-20,46.900001525878906, 
03JB004,1992-09-20,46.91999816894531, 
03JB004,1992-10-20,46.959999084472656, 
03JB004,1992-11-20,47.310001373291016, 
03JB004,1992-12-20,46.59999847412109, 
03JB004,1993-03-20,, 
03JB004,1993-04-20,46.59999847412109, 
03JB004,1993-05-20,47.22999954223633, 
03JB004,1993-06-20,47.91999816894531, 
03JB004,1993-07-20,, 
03JB004,2008-07-20,, 
03JB004,2008-08-20,46.369998931884766, 
03JB004,2008-09-20,47.553001403808594, 
03JB004,2008-10-20,47.3489990234375, 
03JB004,2008-11-20,47.0, 
03JB004,2008-12-20,47.35300064086914, 
03JB004,2009-01-20,47.11000061035156, 
03JB004,2009-02-20,46.56100082397461, 
03JB004,2009-03-20,46.41600036621094, 
03JB004,2009-04-20,46.07500076293945, 
03JB004,2009-05-20,45.88899993896485, 
03JB004,2009-06-20,, 
03JB004,2009-07-20,47.354000091552734, 
03JB004,2009-08-20,46.98400115966797, 
03JB004,2009-09-20,46.93299865722656, 
03JB004,2009-10-20,46.81700134277344, 
03JB004,2009-11-20,46.98400115966797, 
03JB004,2009-12-20,47.16899871826172, 
03JB004,2010-01-20,47.25400161743164, 
03JB004,2010-02-20,46.60900115966797, 
03JB004,2010-03-20,46.483001708984375, 
03JB004,2010-04-20,46.27299880981445, 
03JB004,2010-05-20,46.20100021362305, 
03JB004,2010-06-20,47.62699890136719, 
03JB004,2010-07-20,46.79899978637695, 
03JB004,2010-08-20,46.93999862670898, 
03JB004,2010-09-20,46.790000915527344, 
03JB004,2010-10-20,46.96099853515625, 
03JB004,2010-11-20,46.81600189208984, 
03JB004,2010-12-20,46.71099853515625, 
03JB004,2011-01-20,46.87300109863281, 
03JB004,2011-02-20,46.50600051879883, 
03JB004,2011-03-20,46.44900131225586, 
03JB004,2011-04-20,46.22200012207031, 
03JB004,2011-05-20,46.07699966430664, 
03JB004,2011-06-20,47.428001403808594, 
03JB004,2011-07-20,46.65299987792969, 
03JB004,2011-08-20,46.42300033569336, 
03JB004,2011-09-20,47.16299819946289, 
03JB004,2011-10-20,47.19200134277344, 
03JB004,2011-11-20,46.77799987792969, 
03JB004,2011-12-20,46.85300064086914, 
03JB004,2012-01-20,46.617000579833984, 
03JB004,2012-02-20,46.630001068115234, 
03JB004,2012-03-20,46.67399978637695, 
03JB004,2012-04-20,46.40299987792969, 
03JB004,2012-05-20,47.30400085449219, 
03JB004,2012-06-20,47.51900100708008, 
03JB004,2012-07-20,47.37699890136719, 
03JB004,2012-08-20,46.6619987487793, 
03JB004,2012-09-20,46.77999877929688, 
03JB004,2012-10-20,46.75199890136719, 
03JB004,2012-11-20,47.03900146484375, 
03JB004,2012-12-20,46.95700073242188, 
03JB004,2013-01-20,47.01800155639648, 
03JB004,2013-02-20,46.48799896240234, 
03JB004,2013-03-20,46.417999267578125, 
03JB004,2013-04-20,46.27799987792969, 
03JB004,2013-05-20,47.13800048828125, 
03JB004,2013-06-20,47.30199813842773, 
03JB004,2013-07-20,46.72200012207031, 
03JB004,2013-08-20,46.5890007019043, 
03JB004,2013-09-20,46.57600021362305, 
03JB004,2013-10-20,46.81700134277344, 
03JB004,1991-10-21,46.77999877929688, 
03JB004,1991-11-21,46.540000915527344, 
03JB004,1991-12-21,46.790000915527344, 
03JB004,1992-01-21,46.45000076293945, 
03JB004,1992-03-21,, 
03JB004,1992-04-21,45.97999954223633, 
03JB004,1992-05-21,45.790000915527344, 
03JB004,1992-06-21,48.43000030517578, 
03JB004,1992-07-21,47.68000030517578, 
03JB004,1992-08-21,46.84000015258789, 
03JB004,1992-09-21,46.9900016784668, 
03JB004,1992-10-21,46.95000076293945, 
03JB004,1992-11-21,47.369998931884766, 
03JB004,1992-12-21,46.58000183105469, 
03JB004,1993-03-21,, 
03JB004,1993-04-21,46.58000183105469, 
03JB004,1993-05-21,47.31999969482422, 
03JB004,1993-06-21,47.88999938964844, 
03JB004,1993-07-21,, 
03JB004,2008-07-21,, 
03JB004,2008-08-21,46.35200119018555, 
03JB004,2008-09-21,47.58599853515625, 
03JB004,2008-10-21,47.32099914550781, 
03JB004,2008-11-21,47.04600143432617, 
03JB004,2008-12-21,47.46900177001953, 
03JB004,2009-01-21,47.03400039672852, 
03JB004,2009-02-21,46.55400085449219, 
03JB004,2009-03-21,46.39599990844727, 
03JB004,2009-04-21,46.05500030517578, 
03JB004,2009-05-21,45.89500045776367, 
03JB004,2009-06-21,, 
03JB004,2009-07-21,47.37099838256836, 
03JB004,2009-08-21,47.060001373291016, 
03JB004,2009-09-21,46.948001861572266, 
03JB004,2009-10-21,46.78499984741211, 
03JB004,2009-11-21,46.98099899291992, 
03JB004,2009-12-21,47.00600051879883, 
03JB004,2010-01-21,47.178001403808594, 
03JB004,2010-02-21,46.61000061035156, 
03JB004,2010-03-21,46.47100067138672, 
03JB004,2010-04-21,46.25400161743164, 
03JB004,2010-05-21,46.2400016784668, 
03JB004,2010-06-21,47.60599899291992, 
03JB004,2010-07-21,46.797000885009766, 
03JB004,2010-08-21,46.92399978637695, 
03JB004,2010-09-21,46.80899810791016, 
03JB004,2010-10-21,47.0369987487793, 
03JB004,2010-11-21,46.915000915527344, 
03JB004,2010-12-21,46.81900024414063, 
03JB004,2011-01-21,46.88800048828125, 
03JB004,2011-02-21,46.512001037597656, 
03JB004,2011-03-21,46.459999084472656, 
03JB004,2011-04-21,46.21200180053711, 
03JB004,2011-05-21,46.0620002746582, 
03JB004,2011-06-21,47.369998931884766, 
03JB004,2011-07-21,46.67100143432617, 
03JB004,2011-08-21,46.40800094604492, 
03JB004,2011-09-21,47.34199905395508, 
03JB004,2011-10-21,47.14699935913086, 
03JB004,2011-11-21,46.77899932861328, 
03JB004,2011-12-21,46.834999084472656, 
03JB004,2012-01-21,46.61800003051758, 
03JB004,2012-02-21,46.64599990844727, 
03JB004,2012-03-21,46.685001373291016, 
03JB004,2012-04-21,46.38800048828125, 
03JB004,2012-05-21,47.23099899291992, 
03JB004,2012-06-21,47.48099899291992, 
03JB004,2012-07-21,47.32400131225586, 
03JB004,2012-08-21,46.652000427246094, 
03JB004,2012-09-21,46.821998596191406, 
03JB004,2012-10-21,46.74399948120117, 
03JB004,2012-11-21,47.02099990844727, 
03JB004,2012-12-21,46.91699981689453, 
03JB004,2013-01-21,47.03799819946289, 
03JB004,2013-02-21,46.4900016784668, 
03JB004,2013-03-21,46.41400146484375, 
03JB004,2013-04-21,46.277000427246094, 
03JB004,2013-05-21,47.48099899291992, 
03JB004,2013-06-21,47.30899810791016, 
03JB004,2013-07-21,46.71599960327149, 
03JB004,2013-08-21,46.57899856567383, 
03JB004,2013-09-21,46.57699966430664, 
03JB004,2013-10-21,, 
03JB004,1991-10-22,46.77000045776367, 
03JB004,1991-11-22,46.45000076293945, 
03JB004,1991-12-22,46.81999969482422, 
03JB004,1992-01-22,46.43999862670898, 
03JB004,1992-03-22,, 
03JB004,1992-04-22,45.970001220703125, 
03JB004,1992-05-22,45.77999877929688, 
03JB004,1992-06-22,48.61000061035156, 
03JB004,1992-07-22,47.79999923706055, 
03JB004,1992-08-22,46.81999969482422, 
03JB004,1992-09-22,47.15999984741211, 
03JB004,1992-10-22,46.93000030517578, 
03JB004,1992-11-22,47.36000061035156, 
03JB004,1992-12-22,46.70000076293945, 
03JB004,1993-03-22,, 
03JB004,1993-04-22,46.5099983215332, 
03JB004,1993-05-22,47.63999938964844, 
03JB004,1993-06-22,47.810001373291016, 
03JB004,1993-07-22,, 
03JB004,2008-07-22,, 
03JB004,2008-08-22,46.37099838256836, 
03JB004,2008-09-22,47.62699890136719, 
03JB004,2008-10-22,47.27799987792969, 
03JB004,2008-11-22,47.13399887084961, 
03JB004,2008-12-22,47.36399841308594, 
03JB004,2009-01-22,46.97600173950195, 
03JB004,2009-02-22,46.54199981689453, 
03JB004,2009-03-22,46.38199996948242, 
03JB004,2009-04-22,46.03900146484375, 
03JB004,2009-05-22,45.87300109863281, 
03JB004,2009-06-22,48.229000091552734, 
03JB004,2009-07-22,47.34999847412109, 
03JB004,2009-08-22,47.13800048828125, 
03JB004,2009-09-22,46.95600128173828, 
03JB004,2009-10-22,46.74800109863281, 
03JB004,2009-11-22,46.959999084472656, 
03JB004,2009-12-22,46.92499923706055, 
03JB004,2010-01-22,47.22299957275391, 
03JB004,2010-02-22,46.56600189208984, 
03JB004,2010-03-22,46.46099853515625, 
03JB004,2010-04-22,46.23099899291992, 
03JB004,2010-05-22,46.24599838256836, 
03JB004,2010-06-22,47.547000885009766, 
03JB004,2010-07-22,46.78499984741211, 
03JB004,2010-08-22,46.902000427246094, 
03JB004,2010-09-22,46.792999267578125, 
03JB004,2010-10-22,47.06999969482422, 
03JB004,2010-11-22,47.09999847412109, 
03JB004,2010-12-22,46.98899841308594, 
03JB004,2011-01-22,46.92100143432617, 
03JB004,2011-02-22,46.499000549316406, 
03JB004,2011-03-22,46.46699905395508, 
03JB004,2011-04-22,46.20500183105469, 
03JB004,2011-05-22,46.05500030517578, 
03JB004,2011-06-22,47.31800079345703, 
03JB004,2011-07-22,46.637001037597656, 
03JB004,2011-08-22,46.4010009765625, 
03JB004,2011-09-22,47.40599822998047, 
03JB004,2011-10-22,47.10100173950195, 
03JB004,2011-11-22,46.76300048828125, 
03JB004,2011-12-22,46.85499954223633, 
03JB004,2012-01-22,46.6150016784668, 
03JB004,2012-02-22,46.6609992980957, 
03JB004,2012-03-22,46.68899917602539, 
03JB004,2012-04-22,46.375, 
03JB004,2012-05-22,47.334999084472656, 
03JB004,2012-06-22,47.45700073242188, 
03JB004,2012-07-22,47.27000045776367, 
03JB004,2012-08-22,46.6609992980957, 
03JB004,2012-09-22,46.8650016784668, 
03JB004,2012-10-22,46.72700119018555, 
03JB004,2012-11-22,46.80199813842773, 
03JB004,2012-12-22,46.87099838256836, 
03JB004,2013-01-22,47.03900146484375, 
03JB004,2013-02-22,46.48600006103516, 
03JB004,2013-03-22,46.41400146484375, 
03JB004,2013-04-22,46.26900100708008, 
03JB004,2013-05-22,, 
03JB004,2013-06-22,47.31900024414063, 
03JB004,2013-07-22,46.76100158691406, 
03JB004,2013-08-22,46.57899856567383, 
03JB004,2013-09-22,46.63100051879883, 
03JB004,2013-10-22,, 
03JB004,1991-10-23,46.7400016784668, 
03JB004,1991-11-23,46.47999954223633, 
03JB004,1991-12-23,46.77000045776367, 
03JB004,1992-01-23,46.41999816894531, 
03JB004,1992-03-23,, 
03JB004,1992-04-23,45.959999084472656, 
03JB004,1992-05-23,45.75, 
03JB004,1992-06-23,48.400001525878906, 
03JB004,1992-07-23,47.81999969482422, 
03JB004,1992-08-23,46.81999969482422, 
03JB004,1992-09-23,47.20000076293945, 
03JB004,1992-10-23,46.959999084472656, 
03JB004,1992-11-23,46.97999954223633, 
03JB004,1992-12-23,46.720001220703125, 
03JB004,1993-03-23,, 
03JB004,1993-04-23,46.459999084472656, 
03JB004,1993-05-23,47.5, 
03JB004,1993-06-23,47.77999877929688, 
03JB004,1993-07-23,, 
03JB004,2008-07-23,, 
03JB004,2008-08-23,46.417999267578125, 
03JB004,2008-09-23,47.56700134277344, 
03JB004,2008-10-23,47.26100158691406, 
03JB004,2008-11-23,47.167999267578125, 
03JB004,2008-12-23,47.25699996948242, 
03JB004,2009-01-23,46.93000030517578, 
03JB004,2009-02-23,46.53099822998047, 
03JB004,2009-03-23,46.38100051879883, 
03JB004,2009-04-23,46.02000045776367, 
03JB004,2009-05-23,45.869998931884766, 
03JB004,2009-06-23,48.19300079345703, 
03JB004,2009-07-23,47.303001403808594, 
03JB004,2009-08-23,47.39899826049805, 
03JB004,2009-09-23,46.95800018310547, 
03JB004,2009-10-23,46.71599960327149, 
03JB004,2009-11-23,46.87099838256836, 
03JB004,2009-12-23,46.97200012207031, 
03JB004,2010-01-23,47.23600006103516, 
03JB004,2010-02-23,46.58000183105469, 
03JB004,2010-03-23,46.46500015258789, 
03JB004,2010-04-23,46.20800018310547, 
03JB004,2010-05-23,46.25199890136719, 
03JB004,2010-06-23,47.45800018310547, 
03JB004,2010-07-23,46.7599983215332, 
03JB004,2010-08-23,46.875, 
03JB004,2010-09-23,46.77299880981445, 
03JB004,2010-10-23,47.04600143432617, 
03JB004,2010-11-23,47.31900024414063, 
03JB004,2010-12-23,47.277000427246094, 
03JB004,2011-01-23,46.96599960327149, 
03JB004,2011-02-23,46.48899841308594, 
03JB004,2011-03-23,46.470001220703125, 
03JB004,2011-04-23,46.1870002746582, 
03JB004,2011-05-23,46.047000885009766, 
03JB004,2011-06-23,47.25600051879883, 
03JB004,2011-07-23,46.5880012512207, 
03JB004,2011-08-23,46.47100067138672, 
03JB004,2011-09-23,47.39300155639648, 
03JB004,2011-10-23,47.06100082397461, 
03JB004,2011-11-23,46.66999816894531, 
03JB004,2011-12-23,46.88100051879883, 
03JB004,2012-01-23,46.619998931884766, 
03JB004,2012-02-23,46.6609992980957, 
03JB004,2012-03-23,46.6870002746582, 
03JB004,2012-04-23,46.3489990234375, 
03JB004,2012-05-23,, 
03JB004,2012-06-23,47.415000915527344, 
03JB004,2012-07-23,47.21500015258789, 
03JB004,2012-08-23,46.68299865722656, 
03JB004,2012-09-23,46.882999420166016, 
03JB004,2012-10-23,46.64300155639648, 
03JB004,2012-11-23,46.89599990844727, 
03JB004,2012-12-23,46.79999923706055, 
03JB004,2013-01-23,46.98500061035156, 
03JB004,2013-02-23,46.47700119018555, 
03JB004,2013-03-23,46.40499877929688, 
03JB004,2013-04-23,46.25699996948242, 
03JB004,2013-05-23,47.47600173950195, 
03JB004,2013-06-23,47.29600143432617, 
03JB004,2013-07-23,46.84400177001953, 
03JB004,2013-08-23,46.5890007019043, 
03JB004,2013-09-23,46.65900039672852, 
03JB004,2013-10-23,, 
03JB004,1991-10-24,46.7599983215332, 
03JB004,1991-11-24,46.47999954223633, 
03JB004,1991-12-24,46.70000076293945, 
03JB004,1992-01-24,46.43000030517578, 
03JB004,1992-03-24,46.18999862670898, 
03JB004,1992-04-24,45.95000076293945, 
03JB004,1992-05-24,45.72999954223633, 
03JB004,1992-06-24,48.43000030517578, 
03JB004,1992-07-24,47.79999923706055, 
03JB004,1992-08-24,46.869998931884766, 
03JB004,1992-09-24,47.220001220703125, 
03JB004,1992-10-24,46.970001220703125, 
03JB004,1992-11-24,47.11000061035156, 
03JB004,1992-12-24,46.720001220703125, 
03JB004,1993-03-24,46.66999816894531, 
03JB004,1993-04-24,46.400001525878906, 
03JB004,1993-05-24,47.630001068115234, 
03JB004,1993-06-24,47.72999954223633, 
03JB004,1993-07-24,, 
03JB004,2008-07-24,, 
03JB004,2008-08-24,47.2509994506836, 
03JB004,2008-09-24,47.51599884033203, 
03JB004,2008-10-24,47.29199981689453, 
03JB004,2008-11-24,47.1870002746582, 
03JB004,2008-12-24,47.27899932861328, 
03JB004,2009-01-24,46.8650016784668, 
03JB004,2009-02-24,46.55799865722656, 
03JB004,2009-03-24,46.36899948120117, 
03JB004,2009-04-24,46.00899887084961, 
03JB004,2009-05-24,45.86299896240234, 
03JB004,2009-06-24,48.15900039672852, 
03JB004,2009-07-24,47.24700164794922, 
03JB004,2009-08-24,47.49300003051758, 
03JB004,2009-09-24,46.93999862670898, 
03JB004,2009-10-24,46.70000076293945, 
03JB004,2009-11-24,46.73500061035156, 
03JB004,2009-12-24,47.047000885009766, 
03JB004,2010-01-24,47.229000091552734, 
03JB004,2010-02-24,46.58700180053711, 
03JB004,2010-03-24,46.45800018310547, 
03JB004,2010-04-24,46.18399810791016, 
03JB004,2010-05-24,46.27399826049805, 
03JB004,2010-06-24,47.41400146484375, 
03JB004,2010-07-24,46.74100112915039, 
03JB004,2010-08-24,46.85900115966797, 
03JB004,2010-09-24,46.75400161743164, 
03JB004,2010-10-24,47.03400039672852, 
03JB004,2010-11-24,47.43600082397461, 
03JB004,2010-12-24,47.35200119018555, 
03JB004,2011-01-24,47.073001861572266, 
03JB004,2011-02-24,46.49800109863281, 
03JB004,2011-03-24,46.45399856567383, 
03JB004,2011-04-24,46.17599868774414, 
03JB004,2011-05-24,46.040000915527344, 
03JB004,2011-06-24,47.20000076293945, 
03JB004,2011-07-24,46.553001403808594, 
03JB004,2011-08-24,46.52799987792969, 
03JB004,2011-09-24,47.374000549316406, 
03JB004,2011-10-24,47.02799987792969, 
03JB004,2011-11-24,46.57500076293945, 
03JB004,2011-12-24,46.90599822998047, 
03JB004,2012-01-24,46.617000579833984, 
03JB004,2012-02-24,46.68199920654297, 
03JB004,2012-03-24,46.667999267578125, 
03JB004,2012-04-24,46.33399963378906, 
03JB004,2012-05-24,47.32600021362305, 
03JB004,2012-06-24,47.4119987487793, 
03JB004,2012-07-24,47.1879997253418, 
03JB004,2012-08-24,46.69100189208984, 
03JB004,2012-09-24,46.9370002746582, 
03JB004,2012-10-24,46.64899826049805, 
03JB004,2012-11-24,46.992000579833984, 
03JB004,2012-12-24,46.79100036621094, 
03JB004,2013-01-24,46.85499954223633, 
03JB004,2013-02-24,46.47200012207031, 
03JB004,2013-03-24,46.402000427246094, 
03JB004,2013-04-24,46.26399993896485, 
03JB004,2013-05-24,, 
03JB004,2013-06-24,47.23400115966797, 
03JB004,2013-07-24,46.875, 
03JB004,2013-08-24,46.60100173950195, 
03JB004,2013-09-24,46.68600082397461, 
03JB004,2013-10-24,, 
03JB004,1991-10-25,46.72999954223633, 
03JB004,1991-11-25,46.47999954223633, 
03JB004,1991-12-25,46.7400016784668, 
03JB004,1992-01-25,46.41999816894531, 
03JB004,1992-03-25,46.18000030517578, 
03JB004,1992-04-25,45.95000076293945, 
03JB004,1992-05-25,45.72999954223633, 
03JB004,1992-06-25,48.56999969482422, 
03JB004,1992-07-25,47.79999923706055, 
03JB004,1992-08-25,46.84999847412109, 
03JB004,1992-09-25,47.27999877929688, 
03JB004,1992-10-25,46.95000076293945, 
03JB004,1992-11-25,47.09999847412109, 
03JB004,1992-12-25,46.459999084472656, 
03JB004,1993-03-25,46.66999816894531, 
03JB004,1993-04-25,46.369998931884766, 
03JB004,1993-05-25,48.060001373291016, 
03JB004,1993-06-25,47.66999816894531, 
03JB004,1993-07-25,, 
03JB004,2008-07-25,, 
03JB004,2008-08-25,47.78799819946289, 
03JB004,2008-09-25,47.4739990234375, 
03JB004,2008-10-25,47.2869987487793, 
03JB004,2008-11-25,47.20800018310547, 
03JB004,2008-12-25,47.25, 
03JB004,2009-01-25,46.84299850463867, 
03JB004,2009-02-25,46.5620002746582, 
03JB004,2009-03-25,46.36000061035156, 
03JB004,2009-04-25,46.00600051879883, 
03JB004,2009-05-25,45.85699844360352, 
03JB004,2009-06-25,48.15700149536133, 
03JB004,2009-07-25,47.18999862670898, 
03JB004,2009-08-25,47.48199844360352, 
03JB004,2009-09-25,46.89899826049805, 
03JB004,2009-10-25,46.69599914550781, 
03JB004,2009-11-25,46.87099838256836, 
03JB004,2009-12-25,47.12799835205078, 
03JB004,2010-01-25,47.2130012512207, 
03JB004,2010-02-25,46.59299850463867, 
03JB004,2010-03-25,46.46599960327149, 
03JB004,2010-04-25,46.15900039672852, 
03JB004,2010-05-25,46.34199905395508, 
03JB004,2010-06-25,47.38199996948242, 
03JB004,2010-07-25,46.71900177001953, 
03JB004,2010-08-25,46.85499954223633, 
03JB004,2010-09-25,46.76800155639648, 
03JB004,2010-10-25,47.02399826049805, 
03JB004,2010-11-25,47.16600036621094, 
03JB004,2010-12-25,47.36000061035156, 
03JB004,2011-01-25,47.03300094604492, 
03JB004,2011-02-25,46.5009994506836, 
03JB004,2011-03-25,46.45600128173828, 
03JB004,2011-04-25,46.18299865722656, 
03JB004,2011-05-25,46.02999877929688, 
03JB004,2011-06-25,47.14099884033203, 
03JB004,2011-07-25,46.53400039672852, 
03JB004,2011-08-25,46.560001373291016, 
03JB004,2011-09-25,47.354000091552734, 
03JB004,2011-10-25,46.992000579833984, 
03JB004,2011-11-25,46.76399993896485, 
03JB004,2011-12-25,46.917999267578125, 
03JB004,2012-01-25,46.62799835205078, 
03JB004,2012-02-25,46.67900085449219, 
03JB004,2012-03-25,46.65700149536133, 
03JB004,2012-04-25,46.34799957275391, 
03JB004,2012-05-25,47.41899871826172, 
03JB004,2012-06-25,47.3650016784668, 
03JB004,2012-07-25,47.21500015258789, 
03JB004,2012-08-25,46.67100143432617, 
03JB004,2012-09-25,46.928001403808594, 
03JB004,2012-10-25,46.83000183105469, 
03JB004,2012-11-25,46.96900177001953, 
03JB004,2012-12-25,46.672000885009766, 
03JB004,2013-01-25,46.79499816894531, 
03JB004,2013-02-25,46.470001220703125, 
03JB004,2013-03-25,46.40599822998047, 
03JB004,2013-04-25,46.26300048828125, 
03JB004,2013-05-25,47.32500076293945, 
03JB004,2013-06-25,47.15800094604492, 
03JB004,2013-07-25,46.85100173950195, 
03JB004,2013-08-25,46.58100128173828, 
03JB004,2013-09-25,46.70299911499024, 
03JB004,2013-10-25,, 
03JB004,1991-10-26,46.70000076293945, 
03JB004,1991-11-26,46.5099983215332, 
03JB004,1991-12-26,46.720001220703125, 
03JB004,1992-01-26,46.40999984741211, 
03JB004,1992-03-26,46.16999816894531, 
03JB004,1992-04-26,45.93999862670898, 
03JB004,1992-05-26,45.72999954223633, 
03JB004,1992-06-26,48.88999938964844, 
03JB004,1992-07-26,48.22999954223633, 
03JB004,1992-08-26,46.810001373291016, 
03JB004,1992-09-26,47.34000015258789, 
03JB004,1992-10-26,46.88999938964844, 
03JB004,1992-11-26,46.9900016784668, 
03JB004,1992-12-26,46.310001373291016, 
03JB004,1993-03-26,46.66999816894531, 
03JB004,1993-04-26,46.36000061035156, 
03JB004,1993-05-26,48.380001068115234, 
03JB004,1993-06-26,47.61000061035156, 
03JB004,1993-07-26,, 
03JB004,2008-07-26,, 
03JB004,2008-08-26,47.72100067138672, 
03JB004,2008-09-26,47.45000076293945, 
03JB004,2008-10-26,47.28400039672852, 
03JB004,2008-11-26,47.16600036621094, 
03JB004,2008-12-26,47.31800079345703, 
03JB004,2009-01-26,46.8489990234375, 
03JB004,2009-02-26,46.56399917602539, 
03JB004,2009-03-26,46.375, 
03JB004,2009-04-26,45.98699951171875, 
03JB004,2009-05-26,45.86199951171875, 
03JB004,2009-06-26,48.09799957275391, 
03JB004,2009-07-26,47.1259994506836, 
03JB004,2009-08-26,47.417999267578125, 
03JB004,2009-09-26,46.875, 
03JB004,2009-10-26,46.74100112915039, 
03JB004,2009-11-26,46.87300109863281, 
03JB004,2009-12-26,47.15499877929688, 
03JB004,2010-01-26,47.17900085449219, 
03JB004,2010-02-26,46.571998596191406, 
03JB004,2010-03-26,46.47200012207031, 
03JB004,2010-04-26,46.132999420166016, 
03JB004,2010-05-26,46.540000915527344, 
03JB004,2010-06-26,47.39799880981445, 
03JB004,2010-07-26,46.69499969482422, 
03JB004,2010-08-26,46.85900115966797, 
03JB004,2010-09-26,46.75699996948242, 
03JB004,2010-10-26,47.00199890136719, 
03JB004,2010-11-26,47.016998291015625, 
03JB004,2010-12-26,47.32699966430664, 
03JB004,2011-01-26,46.902000427246094, 
03JB004,2011-02-26,46.516998291015625, 
03JB004,2011-03-26,46.45299911499024, 
03JB004,2011-04-26,46.19400024414063, 
03JB004,2011-05-26,46.02199935913086, 
03JB004,2011-06-26,47.08700180053711, 
03JB004,2011-07-26,46.525001525878906, 
03JB004,2011-08-26,46.560001373291016, 
03JB004,2011-09-26,47.34799957275391, 
03JB004,2011-10-26,46.935001373291016, 
03JB004,2011-11-26,46.94200134277344, 
03JB004,2011-12-26,47.005001068115234, 
03JB004,2012-01-26,46.625, 
03JB004,2012-02-26,46.66600036621094, 
03JB004,2012-03-26,46.66699981689453, 
03JB004,2012-04-26,46.37699890136719, 
03JB004,2012-05-26,47.58300018310547, 
03JB004,2012-06-26,47.31999969482422, 
03JB004,2012-07-26,47.33200073242188, 
03JB004,2012-08-26,46.64699935913086, 
03JB004,2012-09-26,46.95000076293945, 
03JB004,2012-10-26,46.917999267578125, 
03JB004,2012-11-26,46.8650016784668, 
03JB004,2012-12-26,46.66400146484375, 
03JB004,2013-01-26,46.76399993896485, 
03JB004,2013-02-26,46.470001220703125, 
03JB004,2013-03-26,46.40900039672852, 
03JB004,2013-04-26,46.2599983215332, 
03JB004,2013-05-26,47.24800109863281, 
03JB004,2013-06-26,47.09299850463867, 
03JB004,2013-07-26,46.81999969482422, 
03JB004,2013-08-26,46.55699920654297, 
03JB004,2013-09-26,46.70199966430664, 
03JB004,2013-10-26,, 
03JB004,1991-10-27,46.68999862670898, 
03JB004,1991-11-27,46.43999862670898, 
03JB004,1991-12-27,46.709999084472656, 
03JB004,1992-01-27,46.41999816894531, 
03JB004,1992-03-27,46.13999938964844, 
03JB004,1992-04-27,45.93999862670898, 
03JB004,1992-05-27,45.70000076293945, 
03JB004,1992-06-27,49.220001220703125, 
03JB004,1992-07-27,48.2400016784668, 
03JB004,1992-08-27,46.790000915527344, 
03JB004,1992-09-27,47.36000061035156, 
03JB004,1992-10-27,46.86000061035156, 
03JB004,1992-11-27,46.900001525878906, 
03JB004,1992-12-27,46.2400016784668, 
03JB004,1993-03-27,46.7400016784668, 
03JB004,1993-04-27,46.369998931884766, 
03JB004,1993-05-27,48.869998931884766, 
03JB004,1993-06-27,47.540000915527344, 
03JB004,1993-07-27,, 
03JB004,2008-07-27,46.49100112915039, 
03JB004,2008-08-27,47.59000015258789, 
03JB004,2008-09-27,47.44900131225586, 
03JB004,2008-10-27,47.323001861572266, 
03JB004,2008-11-27,47.24599838256836, 
03JB004,2008-12-27,47.30099868774414, 
03JB004,2009-01-27,46.79999923706055, 
03JB004,2009-02-27,46.56499862670898, 
03JB004,2009-03-27,46.375, 
03JB004,2009-04-27,45.99100112915039, 
03JB004,2009-05-27,45.845001220703125, 
03JB004,2009-06-27,48.02299880981445, 
03JB004,2009-07-27,47.06900024414063, 
03JB004,2009-08-27,47.33300018310547, 
03JB004,2009-09-27,46.8759994506836, 
03JB004,2009-10-27,46.73400115966797, 
03JB004,2009-11-27,46.80099868774414, 
03JB004,2009-12-27,47.22200012207031, 
03JB004,2010-01-27,47.21099853515625, 
03JB004,2010-02-27,46.54100036621094, 
03JB004,2010-03-27,46.46900177001953, 
03JB004,2010-04-27,46.10499954223633, 
03JB004,2010-05-27,46.948001861572266, 
03JB004,2010-06-27,47.42399978637695, 
03JB004,2010-07-27,46.64899826049805, 
03JB004,2010-08-27,46.86399841308594, 
03JB004,2010-09-27,46.74100112915039, 
03JB004,2010-10-27,46.948001861572266, 
03JB004,2010-11-27,46.93600082397461, 
03JB004,2010-12-27,47.27799987792969, 
03JB004,2011-01-27,46.85900115966797, 
03JB004,2011-02-27,46.494998931884766, 
03JB004,2011-03-27,46.45299911499024, 
03JB004,2011-04-27,46.17399978637695, 
03JB004,2011-05-27,46.02399826049805, 
03JB004,2011-06-27,47.03200149536133, 
03JB004,2011-07-27,46.51900100708008, 
03JB004,2011-08-27,46.60499954223633, 
03JB004,2011-09-27,47.28799819946289, 
03JB004,2011-10-27,46.87799835205078, 
03JB004,2011-11-27,47.027000427246094, 
03JB004,2011-12-27,47.07799911499024, 
03JB004,2012-01-27,46.62900161743164, 
03JB004,2012-02-27,46.665000915527344, 
03JB004,2012-03-27,46.65999984741211, 
03JB004,2012-04-27,46.35900115966797, 
03JB004,2012-05-27,47.67300033569336, 
03JB004,2012-06-27,47.28099822998047, 
03JB004,2012-07-27,47.415000915527344, 
03JB004,2012-08-27,46.64400100708008, 
03JB004,2012-09-27,46.92100143432617, 
03JB004,2012-10-27,46.71099853515625, 
03JB004,2012-11-27,46.948001861572266, 
03JB004,2012-12-27,46.70299911499024, 
03JB004,2013-01-27,46.74800109863281, 
03JB004,2013-02-27,46.47299957275391, 
03JB004,2013-03-27,46.40599822998047, 
03JB004,2013-04-27,46.25600051879883, 
03JB004,2013-05-27,47.18299865722656, 
03JB004,2013-06-27,47.04600143432617, 
03JB004,2013-07-27,46.805999755859375, 
03JB004,2013-08-27,46.52799987792969, 
03JB004,2013-09-27,46.696998596191406, 
03JB004,2013-10-27,, 
03JB004,1991-10-28,46.650001525878906, 
03JB004,1991-11-28,46.470001220703125, 
03JB004,1991-12-28,46.720001220703125, 
03JB004,1992-01-28,46.41999816894531, 
03JB004,1992-03-28,46.119998931884766, 
03JB004,1992-04-28,45.95000076293945, 
03JB004,1992-05-28,45.70000076293945, 
03JB004,1992-06-28,49.400001525878906, 
03JB004,1992-07-28,48.11000061035156, 
03JB004,1992-08-28,46.77000045776367, 
03JB004,1992-09-28,47.36000061035156, 
03JB004,1992-10-28,46.84999847412109, 
03JB004,1992-11-28,46.880001068115234, 
03JB004,1992-12-28,, 
03JB004,1993-03-28,46.77999877929688, 
03JB004,1993-04-28,46.43000030517578, 
03JB004,1993-05-28,49.5099983215332, 
03JB004,1993-06-28,47.45000076293945, 
03JB004,1993-07-28,, 
03JB004,2008-07-28,46.48199844360352, 
03JB004,2008-08-28,47.49599838256836, 
03JB004,2008-09-28,47.42499923706055, 
03JB004,2008-10-28,47.31399917602539, 
03JB004,2008-11-28,47.374000549316406, 
03JB004,2008-12-28,47.152000427246094, 
03JB004,2009-01-28,46.75299835205078, 
03JB004,2009-02-28,46.560001373291016, 
03JB004,2009-03-28,46.387001037597656, 
03JB004,2009-04-28,45.97499847412109, 
03JB004,2009-05-28,45.85699844360352, 
03JB004,2009-06-28,47.95299911499024, 
03JB004,2009-07-28,47.02799987792969, 
03JB004,2009-08-28,47.26599884033203, 
03JB004,2009-09-28,46.869998931884766, 
03JB004,2009-10-28,46.680999755859375, 
03JB004,2009-11-28,46.823001861572266, 
03JB004,2009-12-28,47.20000076293945, 
03JB004,2010-01-28,47.209999084472656, 
03JB004,2010-02-28,46.527000427246094, 
03JB004,2010-03-28,46.46500015258789, 
03JB004,2010-04-28,46.07699966430664, 
03JB004,2010-05-28,47.89899826049805, 
03JB004,2010-06-28,47.42499923706055, 
03JB004,2010-07-28,46.65700149536133, 
03JB004,2010-08-28,46.8759994506836, 
03JB004,2010-09-28,46.76900100708008, 
03JB004,2010-10-28,46.96099853515625, 
03JB004,2010-11-28,46.900001525878906, 
03JB004,2010-12-28,47.32799911499024, 
03JB004,2011-01-28,46.82899856567383, 
03JB004,2011-02-28,46.47800064086914, 
03JB004,2011-03-28,46.45500183105469, 
03JB004,2011-04-28,46.14599990844727, 
03JB004,2011-05-28,46.05099868774414, 
03JB004,2011-06-28,46.983001708984375, 
03JB004,2011-07-28,46.505001068115234, 
03JB004,2011-08-28,46.65999984741211, 
03JB004,2011-09-28,47.20500183105469, 
03JB004,2011-10-28,46.84999847412109, 
03JB004,2011-11-28,46.98500061035156, 
03JB004,2011-12-28,46.98600006103516, 
03JB004,2012-01-28,46.641998291015625, 
03JB004,2012-02-28,46.66400146484375, 
03JB004,2012-03-28,46.63199996948242, 
03JB004,2012-04-28,46.34400177001953, 
03JB004,2012-05-28,47.68000030517578, 
03JB004,2012-06-28,47.23600006103516, 
03JB004,2012-07-28,47.38600158691406, 
03JB004,2012-08-28,46.84999847412109, 
03JB004,2012-09-28,46.887001037597656, 
03JB004,2012-10-28,46.63600158691406, 
03JB004,2012-11-28,46.98899841308594, 
03JB004,2012-12-28,46.76100158691406, 
03JB004,2013-01-28,46.73400115966797, 
03JB004,2013-02-28,46.47600173950195, 
03JB004,2013-03-28,46.40299987792969, 
03JB004,2013-04-28,46.27000045776367, 
03JB004,2013-05-28,47.16299819946289, 
03JB004,2013-06-28,47.00699996948242, 
03JB004,2013-07-28,46.78799819946289, 
03JB004,2013-08-28,, 
03JB004,2013-09-28,46.70899963378906, 
03JB004,2013-10-28,, 
03JB004,1991-10-29,46.709999084472656, 
03JB004,1991-11-29,46.59000015258789, 
03JB004,1991-12-29,46.709999084472656, 
03JB004,1992-01-29,46.43000030517578, 
03JB004,1992-03-29,46.13999938964844, 
03JB004,1992-04-29,45.93999862670898, 
03JB004,1992-05-29,45.68999862670898, 
03JB004,1992-06-29,49.77000045776367, 
03JB004,1992-07-29,47.970001220703125, 
03JB004,1992-08-29,46.72999954223633, 
03JB004,1992-09-29,47.34999847412109, 
03JB004,1992-10-29,46.81999969482422, 
03JB004,1992-11-29,46.93000030517578, 
03JB004,1992-12-29,, 
03JB004,1993-03-29,46.79999923706055, 
03JB004,1993-04-29,46.470001220703125, 
03JB004,1993-05-29,49.4900016784668, 
03JB004,1993-06-29,47.45000076293945, 
03JB004,1993-07-29,, 
03JB004,2008-07-29,46.48699951171875, 
03JB004,2008-08-29,47.41299819946289, 
03JB004,2008-09-29,47.36199951171875, 
03JB004,2008-10-29,47.30099868774414, 
03JB004,2008-11-29,47.39699935913086, 
03JB004,2008-12-29,47.10599899291992, 
03JB004,2009-01-29,46.72700119018555, 
03JB004,2009-03-29,46.36399841308594, 
03JB004,2009-04-29,45.97100067138672, 
03JB004,2009-05-29,45.90399932861328, 
03JB004,2009-06-29,47.887001037597656, 
03JB004,2009-07-29,46.979000091552734, 
03JB004,2009-08-29,47.22600173950195, 
03JB004,2009-09-29,46.805999755859375, 
03JB004,2009-10-29,46.6879997253418, 
03JB004,2009-11-29,46.80699920654297, 
03JB004,2009-12-29,47.29100036621094, 
03JB004,2010-01-29,47.21500015258789, 
03JB004,2010-03-29,46.45199966430664, 
03JB004,2010-04-29,46.055999755859375, 
03JB004,2010-05-29,49.0359992980957, 
03JB004,2010-06-29,47.35300064086914, 
03JB004,2010-07-29,46.66699981689453, 
03JB004,2010-08-29,46.88199996948242, 
03JB004,2010-09-29,46.77099990844727, 
03JB004,2010-10-29,46.97800064086914, 
03JB004,2010-11-29,46.81800079345703, 
03JB004,2010-12-29,47.334999084472656, 
03JB004,2011-01-29,46.80500030517578, 
03JB004,2011-03-29,46.46500015258789, 
03JB004,2011-04-29,46.11800003051758, 
03JB004,2011-05-29,46.20399856567383, 
03JB004,2011-06-29,46.95800018310547, 
03JB004,2011-07-29,46.47800064086914, 
03JB004,2011-08-29,46.678001403808594, 
03JB004,2011-09-29,47.14500045776367, 
03JB004,2011-10-29,46.84999847412109, 
03JB004,2011-11-29,47.08000183105469, 
03JB004,2011-12-29,46.89300155639648, 
03JB004,2012-01-29,46.64799880981445, 
03JB004,2012-02-29,46.67699813842773, 
03JB004,2012-03-29,46.61000061035156, 
03JB004,2012-04-29,46.40800094604492, 
03JB004,2012-05-29,47.59099960327149, 
03JB004,2012-06-29,47.18299865722656, 
03JB004,2012-07-29,47.3849983215332, 
03JB004,2012-08-29,47.06999969482422, 
03JB004,2012-09-29,46.86199951171875, 
03JB004,2012-10-29,46.64300155639648, 
03JB004,2012-11-29,46.91400146484375, 
03JB004,2012-12-29,46.823001861572266, 
03JB004,2013-01-29,46.70100021362305, 
03JB004,2013-03-29,46.39799880981445, 
03JB004,2013-04-29,46.28799819946289, 
03JB004,2013-05-29,47.39300155639648, 
03JB004,2013-06-29,46.96900177001953, 
03JB004,2013-07-29,46.76300048828125, 
03JB004,2013-08-29,46.48699951171875, 
03JB004,2013-09-29,46.75199890136719, 
03JB004,2013-10-29,, 
03JB004,1991-10-30,46.59000015258789, 
03JB004,1991-11-30,46.59999847412109, 
03JB004,1991-12-30,46.630001068115234, 
03JB004,1992-01-30,46.43000030517578, 
03JB004,1992-03-30,46.130001068115234, 
03JB004,1992-04-30,45.91999816894531, 
03JB004,1992-05-30,45.70000076293945, 
03JB004,1992-06-30,49.61000061035156, 
03JB004,1992-07-30,47.84000015258789, 
03JB004,1992-08-30,46.68000030517578, 
03JB004,1992-09-30,47.34999847412109, 
03JB004,1992-10-30,46.810001373291016, 
03JB004,1992-11-30,46.88999938964844, 
03JB004,1992-12-30,, 
03JB004,1993-03-30,46.77999877929688, 
03JB004,1993-04-30,46.5, 
03JB004,1993-05-30,49.43999862670898, 
03JB004,1993-06-30,47.43000030517578, 
03JB004,1993-07-30,, 
03JB004,2008-07-30,46.48600006103516, 
03JB004,2008-08-30,47.35599899291992, 
03JB004,2008-09-30,47.29999923706055, 
03JB004,2008-10-30,47.25600051879883, 
03JB004,2008-11-30,47.48500061035156, 
03JB004,2008-12-30,47.084999084472656, 
03JB004,2009-01-30,46.66600036621094, 
03JB004,2009-03-30,46.34600067138672, 
03JB004,2009-04-30,45.96200180053711, 
03JB004,2009-05-30,46.00600051879883, 
03JB004,2009-06-30,47.81499862670898, 
03JB004,2009-07-30,46.95000076293945, 
03JB004,2009-08-30,47.17599868774414, 
03JB004,2009-09-30,46.77099990844727, 
03JB004,2009-10-30,46.74800109863281, 
03JB004,2009-11-30,46.80199813842773, 
03JB004,2009-12-30,47.36800003051758, 
03JB004,2010-01-30,47.21900177001953, 
03JB004,2010-03-30,46.45399856567383, 
03JB004,2010-04-30,46.03799819946289, 
03JB004,2010-05-30,48.8849983215332, 
03JB004,2010-06-30,47.2760009765625, 
03JB004,2010-07-30,46.65700149536133, 
03JB004,2010-08-30,46.887001037597656, 
03JB004,2010-09-30,46.73500061035156, 
03JB004,2010-10-30,47.01900100708008, 
03JB004,2010-11-30,46.84199905395508, 
03JB004,2010-12-30,47.28799819946289, 
03JB004,2011-01-30,46.76399993896485, 
03JB004,2011-03-30,46.45899963378906, 
03JB004,2011-04-30,46.11399841308594, 
03JB004,2011-05-30,46.33100128173828, 
03JB004,2011-06-30,46.93199920654297, 
03JB004,2011-07-30,46.4630012512207, 
03JB004,2011-08-30,46.680999755859375, 
03JB004,2011-09-30,47.09600067138672, 
03JB004,2011-10-30,46.81900024414063, 
03JB004,2011-11-30,47.11899948120117, 
03JB004,2011-12-30,46.869998931884766, 
03JB004,2012-01-30,46.64899826049805, 
03JB004,2012-03-30,46.59799957275391, 
03JB004,2012-04-30,46.48600006103516, 
03JB004,2012-05-30,47.63100051879883, 
03JB004,2012-06-30,47.1349983215332, 
03JB004,2012-07-30,47.35599899291992, 
03JB004,2012-08-30,47.1259994506836, 
03JB004,2012-09-30,46.83100128173828, 
03JB004,2012-10-30,46.63600158691406, 
03JB004,2012-11-30,46.73099899291992, 
03JB004,2012-12-30,46.91999816894531, 
03JB004,2013-01-30,46.66899871826172, 
03JB004,2013-03-30,46.391998291015625, 
03JB004,2013-04-30,46.26900100708008, 
03JB004,2013-05-30,47.7130012512207, 
03JB004,2013-06-30,46.928001403808594, 
03JB004,2013-07-30,46.76100158691406, 
03JB004,2013-08-30,46.48500061035156, 
03JB004,2013-09-30,46.78499984741211, 
03JB004,2013-10-30,, 
03JB004,1991-10-31,46.65999984741211, 
03JB004,1991-12-31,46.66999816894531, 
03JB004,1992-01-31,, 
03JB004,1992-03-31,46.11000061035156, 
03JB004,1992-05-31,45.7599983215332, 
03JB004,1992-07-31,47.720001220703125, 
03JB004,1992-08-31,46.63999938964844, 
03JB004,1992-10-31,46.77999877929688, 
03JB004,1992-12-31,, 
03JB004,1993-03-31,46.77999877929688, 
03JB004,1993-05-31,49.70000076293945, 
03JB004,1993-07-31,, 
03JB004,2008-07-31,46.47999954223633, 
03JB004,2008-08-31,47.303001403808594, 
03JB004,2008-10-31,47.17599868774414, 
03JB004,2008-12-31,47.06499862670898, 
03JB004,2009-01-31,46.6510009765625, 
03JB004,2009-03-31,46.33399963378906, 
03JB004,2009-05-31,46.11100006103516, 
03JB004,2009-07-31,46.93199920654297, 
03JB004,2009-08-31,47.12900161743164, 
03JB004,2009-10-31,46.69499969482422, 
03JB004,2009-12-31,47.38800048828125, 
03JB004,2010-01-31,47.15599822998047, 
03JB004,2010-03-31,46.459999084472656, 
03JB004,2010-05-31,48.74399948120117, 
03JB004,2010-07-31,46.63899993896485, 
03JB004,2010-08-31,46.87799835205078, 
03JB004,2010-10-31,47.06600189208984, 
03JB004,2010-12-31,47.22499847412109, 
03JB004,2011-01-31,46.7400016784668, 
03JB004,2011-03-31,46.44900131225586, 
03JB004,2011-05-31,46.36399841308594, 
03JB004,2011-07-31,46.446998596191406, 
03JB004,2011-08-31,, 
03JB004,2011-10-31,46.79800033569336, 
03JB004,2011-12-31,46.810001373291016, 
03JB004,2012-01-31,46.652000427246094, 
03JB004,2012-03-31,46.584999084472656, 
03JB004,2012-05-31,47.73500061035156, 
03JB004,2012-07-31,47.29899978637695, 
03JB004,2012-08-31,47.0359992980957, 
03JB004,2012-10-31,46.6619987487793, 
03JB004,2012-12-31,46.9119987487793, 
03JB004,2013-01-31,46.632999420166016, 
03JB004,2013-03-31,46.387001037597656, 
03JB004,2013-05-31,47.983001708984375, 
03JB004,2013-07-31,46.75899887084961, 
03JB004,2013-08-31,46.479000091552734, 
03JB004,2013-10-31,, 
