date,STATION_NUMBER,flow_cms,quality_symbol
1999-04-01,10OB001,,
1999-05-01,10OB001,0.0,B
1999-06-01,10OB001,12.300000190734863,B
1999-07-01,10OB001,88.30000305175781,
1999-08-01,10OB001,44.900001525878906,
1999-09-01,10OB001,17.600000381469727,
1999-10-01,10OB001,43.70000076293945,B
2000-01-01,10OB001,0.0,B
2000-02-01,10OB001,0.0,B
2000-03-01,10OB001,0.0,B
2000-04-01,10OB001,0.0,B
2000-05-01,10OB001,0.0,B
2000-06-01,10OB001,0.05900000035762787,B
2000-07-01,10OB001,590.0,E
2000-08-01,10OB001,57.70000076293945,
2000-09-01,10OB001,151.0,
2001-06-01,10OB001,,
2001-07-01,10OB001,376.0,
2001-08-01,10OB001,32.20000076293945,
2001-09-01,10OB001,31.399999618530277,
2002-06-01,10OB001,5.0,B
2002-07-01,10OB001,211.0,
2002-08-01,10OB001,26.399999618530277,
2002-09-01,10OB001,37.900001525878906,
2003-06-01,10OB001,,
2003-07-01,10OB001,340.0,
2003-08-01,10OB001,27.299999237060547,
2003-09-01,10OB001,31.5,
2003-10-01,10OB001,23.100000381469727,
2004-05-01,10OB001,,
2004-06-01,10OB001,0.0,B
2004-07-01,10OB001,307.0,
2004-08-01,10OB001,30.200000762939453,
2004-09-01,10OB001,16.600000381469727,
2005-05-01,10OB001,,
2005-06-01,10OB001,1310.0,E
2005-07-01,10OB001,66.0999984741211,
2005-08-01,10OB001,22.0,
2006-06-01,10OB001,,
2006-07-01,10OB001,110.0,
2006-08-01,10OB001,21.5,
2006-09-01,10OB001,29.100000381469727,
2006-10-01,10OB001,36.09999847412109,
2007-06-01,10OB001,19.299999237060547,B
2007-07-01,10OB001,149.0,
2007-08-01,10OB001,26.399999618530277,
2007-09-01,10OB001,13.300000190734863,
2008-05-01,10OB001,,
2008-06-01,10OB001,351.0,
2008-07-01,10OB001,121.0,
2008-08-01,10OB001,60.400001525878906,
2008-09-01,10OB001,71.69999694824219,
2008-10-01,10OB001,8.90999984741211,B
2010-06-01,10OB001,,
2010-07-01,10OB001,123.0,
2010-08-01,10OB001,62.79999923706055,A
2010-09-01,10OB001,174.0,A
2011-06-01,10OB001,,
2011-07-01,10OB001,216.0,
2011-08-01,10OB001,35.0,
2011-09-01,10OB001,473.0,
2011-10-01,10OB001,64.0,
2012-05-01,10OB001,,
2012-06-01,10OB001,2370.0,E
2012-07-01,10OB001,59.400001525878906,
2012-08-01,10OB001,20.399999618530277,
2012-09-01,10OB001,44.5,A
2012-10-01,10OB001,61.59999847412109,
2013-01-01,10OB001,0.004999999888241291,
2013-02-01,10OB001,0.0,A
2013-06-01,10OB001,,
2013-07-01,10OB001,120.0,
2013-08-01,10OB001,58.59999847412109,
2013-09-01,10OB001,27.399999618530277,
2013-10-01,10OB001,66.0999984741211,
2014-01-01,10OB001,0.1469999998807907,
2014-02-01,10OB001,0.0,
2014-03-01,10OB001,0.0,
2014-06-01,10OB001,,
2014-08-01,10OB001,,
2014-09-01,10OB001,,
2014-10-01,10OB001,13.399999618530272,
2015-01-01,10OB001,0.0860000029206276,
2015-02-01,10OB001,0.44200000166893005,
2015-06-01,10OB001,,
2015-07-01,10OB001,154.0,
2015-08-01,10OB001,101.0,
2015-09-01,10OB001,152.0,
2016-06-01,10OB001,,
2016-07-01,10OB001,58.59999847412109,
2016-08-01,10OB001,77.30000305175781,
2016-09-01,10OB001,50.5,
2017-06-01,10OB001,,
2017-07-01,10OB001,92.9000015258789,
2017-08-01,10OB001,26.200000762939453,
2017-09-01,10OB001,,
2017-10-01,10OB001,228.0,
2018-06-01,10OB001,,
2018-07-01,10OB001,211.0,
2018-08-01,10OB001,86.9000015258789,
2018-09-01,10OB001,113.0,A
1999-04-02,10OB001,0.0,B
1999-05-02,10OB001,0.0,B
1999-06-02,10OB001,27.0,B
1999-07-02,10OB001,74.9000015258789,
1999-08-02,10OB001,39.70000076293945,
1999-09-02,10OB001,18.0,
1999-10-02,10OB001,,
2000-01-02,10OB001,0.0,B
2000-02-02,10OB001,0.0,B
2000-03-02,10OB001,0.0,B
2000-04-02,10OB001,0.0,B
2000-05-02,10OB001,0.0,B
2000-06-02,10OB001,0.14000000059604645,B
2000-07-02,10OB001,766.0,E
2000-08-02,10OB001,53.5,
2000-09-02,10OB001,139.0,
2001-06-02,10OB001,,
2001-07-02,10OB001,337.0,
2001-08-02,10OB001,31.100000381469727,
2001-09-02,10OB001,30.5,
2002-06-02,10OB001,12.0,B
2002-07-02,10OB001,209.0,
2002-08-02,10OB001,25.700000762939453,
2002-09-02,10OB001,36.900001525878906,
2003-06-02,10OB001,,
2003-07-02,10OB001,336.0,
2003-08-02,10OB001,26.5,
2003-09-02,10OB001,29.700000762939453,
2003-10-02,10OB001,27.100000381469727,
2004-05-02,10OB001,,
2004-06-02,10OB001,0.0,B
2004-07-02,10OB001,247.0,
2004-08-02,10OB001,29.100000381469727,
2004-09-02,10OB001,16.399999618530273,
2005-05-02,10OB001,,
2005-06-02,10OB001,1200.0,E
2005-07-02,10OB001,69.0,
2005-08-02,10OB001,21.299999237060547,
2006-06-02,10OB001,935.0,A
2006-07-02,10OB001,96.1999969482422,A
2006-08-02,10OB001,20.100000381469727,
2006-09-02,10OB001,27.600000381469727,
2006-10-02,10OB001,28.299999237060547,B
2007-06-02,10OB001,146.0,B
2007-07-02,10OB001,132.0,
2007-08-02,10OB001,25.5,
2007-09-02,10OB001,12.800000190734863,
2008-05-02,10OB001,,
2008-06-02,10OB001,315.0,
2008-07-02,10OB001,115.0,
2008-08-02,10OB001,51.29999923706055,
2008-09-02,10OB001,72.0,
2008-10-02,10OB001,10.600000381469728,B
2010-06-02,10OB001,1500.0,A
2010-07-02,10OB001,113.0,E
2010-08-02,10OB001,65.0,A
2010-09-02,10OB001,171.0,A
2011-06-02,10OB001,,
2011-07-02,10OB001,208.0,
2011-08-02,10OB001,33.29999923706055,
2011-09-02,10OB001,393.0,
2011-10-02,10OB001,63.900001525878906,
2012-05-02,10OB001,,
2012-06-02,10OB001,2170.0,E
2012-07-02,10OB001,54.5,
2012-08-02,10OB001,18.899999618530277,
2012-09-02,10OB001,48.0,
2012-10-02,10OB001,55.0,
2013-01-02,10OB001,0.0,
2013-02-02,10OB001,0.0,A
2013-06-02,10OB001,,
2013-07-02,10OB001,122.0,
2013-08-02,10OB001,48.900001525878906,
2013-09-02,10OB001,26.100000381469727,
2013-10-02,10OB001,61.400001525878906,
2014-01-02,10OB001,0.24799999594688416,A
2014-02-02,10OB001,0.0,
2014-03-02,10OB001,0.0,
2014-06-02,10OB001,,
2014-08-02,10OB001,,
2014-09-02,10OB001,,
2014-10-02,10OB001,13.300000190734863,B
2015-01-02,10OB001,0.4930000007152557,A
2015-02-02,10OB001,0.5040000081062317,
2015-06-02,10OB001,,
2015-07-02,10OB001,133.0,
2015-08-02,10OB001,159.0,
2015-09-02,10OB001,157.0,
2016-06-02,10OB001,,
2016-07-02,10OB001,54.70000076293945,
2016-08-02,10OB001,68.19999694824219,
2016-09-02,10OB001,52.400001525878906,
2017-06-02,10OB001,,
2017-07-02,10OB001,95.0,
2017-08-02,10OB001,25.200000762939453,
2017-09-02,10OB001,,
2017-10-02,10OB001,202.0,
2018-06-02,10OB001,,
2018-07-02,10OB001,196.0,
2018-08-02,10OB001,95.8000030517578,
2018-09-02,10OB001,,
1999-04-03,10OB001,0.0,B
1999-05-03,10OB001,0.0,B
1999-06-03,10OB001,54.0,B
1999-07-03,10OB001,68.4000015258789,
1999-08-03,10OB001,36.59999847412109,
1999-09-03,10OB001,20.0,
1999-10-03,10OB001,,
2000-01-03,10OB001,0.0,B
2000-02-03,10OB001,0.0,B
2000-03-03,10OB001,0.0,B
2000-04-03,10OB001,0.0,B
2000-05-03,10OB001,0.0,B
2000-06-03,10OB001,0.4000000059604645,B
2000-07-03,10OB001,700.0,E
2000-08-03,10OB001,50.70000076293945,
2000-09-03,10OB001,123.0,
2001-06-03,10OB001,,
2001-07-03,10OB001,287.0,
2001-08-03,10OB001,29.399999618530277,
2001-09-03,10OB001,29.899999618530277,
2002-06-03,10OB001,24.0,B
2002-07-03,10OB001,201.0,
2002-08-03,10OB001,24.899999618530277,
2002-09-03,10OB001,37.400001525878906,
2003-06-03,10OB001,,
2003-07-03,10OB001,318.0,
2003-08-03,10OB001,25.0,
2003-09-03,10OB001,28.100000381469727,
2003-10-03,10OB001,44.20000076293945,
2004-05-03,10OB001,,
2004-06-03,10OB001,0.006000000052154064,B
2004-07-03,10OB001,205.0,
2004-08-03,10OB001,30.0,
2004-09-03,10OB001,16.0,
2005-05-03,10OB001,,
2005-06-03,10OB001,1170.0,E
2005-07-03,10OB001,65.0999984741211,
2005-08-03,10OB001,21.200000762939453,
2006-06-03,10OB001,1140.0,
2006-07-03,10OB001,86.80000305175781,
2006-08-03,10OB001,19.299999237060547,
2006-09-03,10OB001,26.5,
2006-10-03,10OB001,24.299999237060547,B
2007-06-03,10OB001,380.0,B
2007-07-03,10OB001,121.0,A
2007-08-03,10OB001,24.100000381469727,
2007-09-03,10OB001,13.0,
2008-05-03,10OB001,,
2008-06-03,10OB001,372.0,
2008-07-03,10OB001,103.0,
2008-08-03,10OB001,46.0,
2008-09-03,10OB001,65.19999694824219,
2008-10-03,10OB001,11.699999809265137,
2010-06-03,10OB001,1640.0,E
2010-07-03,10OB001,101.0,A
2010-08-03,10OB001,70.80000305175781,A
2010-09-03,10OB001,169.0,E
2011-06-03,10OB001,,
2011-07-03,10OB001,206.0,
2011-08-03,10OB001,31.799999237060547,
2011-09-03,10OB001,333.0,
2011-10-03,10OB001,59.59999847412109,
2012-05-03,10OB001,,
2012-06-03,10OB001,1960.0,E
2012-07-03,10OB001,49.400001525878906,
2012-08-03,10OB001,17.700000762939453,
2012-09-03,10OB001,45.5,
2012-10-03,10OB001,44.5,
2013-01-03,10OB001,0.008999999612569809,
2013-02-03,10OB001,0.0,
2013-06-03,10OB001,,
2013-07-03,10OB001,114.0,
2013-08-03,10OB001,39.20000076293945,
2013-09-03,10OB001,23.399999618530277,
2013-10-03,10OB001,55.79999923706055,
2014-01-03,10OB001,0.4699999988079071,
2014-02-03,10OB001,0.0,
2014-03-03,10OB001,0.0,
2014-06-03,10OB001,490.0,A
2014-08-03,10OB001,,
2014-09-03,10OB001,29.0,A
2014-10-03,10OB001,12.399999618530272,B
2015-01-03,10OB001,2.900000095367432,
2015-02-03,10OB001,0.12800000607967377,
2015-06-03,10OB001,292.0,A
2015-07-03,10OB001,120.0,
2015-08-03,10OB001,188.0,
2015-09-03,10OB001,159.0,
2016-06-03,10OB001,,
2016-07-03,10OB001,52.79999923706055,
2016-08-03,10OB001,54.900001525878906,
2016-09-03,10OB001,56.09999847412109,
2017-06-03,10OB001,,
2017-07-03,10OB001,88.69999694824219,
2017-08-03,10OB001,23.700000762939453,
2017-09-03,10OB001,,
2017-10-03,10OB001,168.0,B
2018-06-03,10OB001,,
2018-07-03,10OB001,187.0,
2018-08-03,10OB001,99.4000015258789,
2018-09-03,10OB001,99.0999984741211,A
1999-04-04,10OB001,0.0,B
1999-05-04,10OB001,0.0,B
1999-06-04,10OB001,105.0,B
1999-07-04,10OB001,60.900001525878906,
1999-08-04,10OB001,34.099998474121094,
1999-09-04,10OB001,23.200000762939453,
1999-10-04,10OB001,,
2000-01-04,10OB001,0.0,B
2000-02-04,10OB001,0.0,B
2000-03-04,10OB001,0.0,B
2000-04-04,10OB001,0.0,B
2000-05-04,10OB001,0.0,B
2000-06-04,10OB001,1.100000023841858,B
2000-07-04,10OB001,632.0,E
2000-08-04,10OB001,49.400001525878906,
2000-09-04,10OB001,111.0,
2001-06-04,10OB001,,
2001-07-04,10OB001,256.0,
2001-08-04,10OB001,26.799999237060547,
2001-09-04,10OB001,29.899999618530277,
2002-06-04,10OB001,40.0,B
2002-07-04,10OB001,200.0,
2002-08-04,10OB001,25.399999618530277,
2002-09-04,10OB001,39.20000076293945,
2003-06-04,10OB001,,
2003-07-04,10OB001,264.0,
2003-08-04,10OB001,23.799999237060547,
2003-09-04,10OB001,26.700000762939453,
2003-10-04,10OB001,99.4000015258789,
2004-05-04,10OB001,,
2004-06-04,10OB001,1.5,B
2004-07-04,10OB001,188.0,
2004-08-04,10OB001,29.899999618530277,
2004-09-04,10OB001,16.299999237060547,
2005-05-04,10OB001,,
2005-06-04,10OB001,1130.0,E
2005-07-04,10OB001,57.5,
2005-08-04,10OB001,22.5,
2006-06-04,10OB001,1440.0,
2006-07-04,10OB001,86.4000015258789,
2006-08-04,10OB001,18.600000381469727,
2006-09-04,10OB001,26.0,
2006-10-04,10OB001,20.799999237060547,B
2007-06-04,10OB001,815.0,B
2007-07-04,10OB001,110.0,
2007-08-04,10OB001,22.600000381469727,
2007-09-04,10OB001,13.100000381469728,
2008-05-04,10OB001,,
2008-06-04,10OB001,435.0,
2008-07-04,10OB001,93.5,
2008-08-04,10OB001,42.29999923706055,
2008-09-04,10OB001,64.5999984741211,A
2008-10-04,10OB001,17.399999618530273,
2010-06-04,10OB001,1560.0,E
2010-07-04,10OB001,94.6999969482422,
2010-08-04,10OB001,86.30000305175781,E
2010-09-04,10OB001,166.0,A
2011-06-04,10OB001,,
2011-07-04,10OB001,198.0,
2011-08-04,10OB001,30.600000381469727,
2011-09-04,10OB001,289.0,
2011-10-04,10OB001,60.900001525878906,
2012-05-04,10OB001,,
2012-06-04,10OB001,1740.0,A
2012-07-04,10OB001,45.59999847412109,
2012-08-04,10OB001,15.300000190734863,
2012-09-04,10OB001,45.20000076293945,
2012-10-04,10OB001,37.400001525878906,
2013-01-04,10OB001,1.940000057220459,
2013-02-04,10OB001,0.0,
2013-06-04,10OB001,,
2013-07-04,10OB001,151.0,
2013-08-04,10OB001,32.29999923706055,
2013-09-04,10OB001,25.299999237060547,
2013-10-04,10OB001,48.0,
2014-01-04,10OB001,0.0,A
2014-02-04,10OB001,0.0020000000949949026,
2014-03-04,10OB001,0.0,
2014-06-04,10OB001,,
2014-08-04,10OB001,,
2014-09-04,10OB001,32.0,
2014-10-04,10OB001,11.399999618530272,B
2015-01-04,10OB001,2.7799999713897705,
2015-02-04,10OB001,0.40299999713897705,
2015-06-04,10OB001,311.0,
2015-07-04,10OB001,106.0,
2015-08-04,10OB001,338.0,
2015-09-04,10OB001,170.0,
2016-06-04,10OB001,,
2016-07-04,10OB001,53.29999923706055,
2016-08-04,10OB001,50.79999923706055,
2016-09-04,10OB001,74.5,
2017-06-04,10OB001,,
2017-07-04,10OB001,83.19999694824219,
2017-08-04,10OB001,23.100000381469727,
2017-09-04,10OB001,,
2017-10-04,10OB001,140.0,B
2018-06-04,10OB001,,
2018-07-04,10OB001,189.0,
2018-08-04,10OB001,102.0,
2018-09-04,10OB001,,
1999-04-05,10OB001,0.0,B
1999-05-05,10OB001,0.0,B
1999-06-05,10OB001,240.0,B
1999-07-05,10OB001,57.59999847412109,
1999-08-05,10OB001,30.600000381469727,
1999-09-05,10OB001,23.600000381469727,
1999-10-05,10OB001,,
2000-01-05,10OB001,0.0,B
2000-02-05,10OB001,0.0,B
2000-03-05,10OB001,0.0,B
2000-04-05,10OB001,0.0,B
2000-05-05,10OB001,0.0,B
2000-06-05,10OB001,3.5999999046325684,B
2000-07-05,10OB001,520.0,E
2000-08-05,10OB001,45.900001525878906,
2000-09-05,10OB001,102.0,
2001-06-05,10OB001,,
2001-07-05,10OB001,246.0,
2001-08-05,10OB001,24.799999237060547,
2001-09-05,10OB001,29.700000762939453,
2002-06-05,10OB001,147.0,B
2002-07-05,10OB001,181.0,
2002-08-05,10OB001,31.200000762939453,
2002-09-05,10OB001,38.400001525878906,
2003-06-05,10OB001,60.0,B
2003-07-05,10OB001,205.0,
2003-08-05,10OB001,27.100000381469727,
2003-09-05,10OB001,28.0,
2003-10-05,10OB001,84.0,
2004-05-05,10OB001,,
2004-06-05,10OB001,25.0,B
2004-07-05,10OB001,176.0,
2004-08-05,10OB001,27.700000762939453,
2004-09-05,10OB001,15.600000381469728,
2005-05-05,10OB001,,
2005-06-05,10OB001,967.0,E
2005-07-05,10OB001,55.29999923706055,
2005-08-05,10OB001,23.0,
2006-06-05,10OB001,1460.0,
2006-07-05,10OB001,79.4000015258789,
2006-08-05,10OB001,18.0,
2006-09-05,10OB001,25.399999618530277,
2006-10-05,10OB001,,
2007-06-05,10OB001,1520.0,E
2007-07-05,10OB001,94.5999984741211,
2007-08-05,10OB001,21.899999618530277,
2007-09-05,10OB001,12.800000190734863,
2008-05-05,10OB001,,
2008-06-05,10OB001,551.0,
2008-07-05,10OB001,81.5999984741211,
2008-08-05,10OB001,71.5999984741211,
2008-09-05,10OB001,62.5,
2008-10-05,10OB001,17.399999618530273,
2010-06-05,10OB001,1210.0,
2010-07-05,10OB001,91.5,
2010-08-05,10OB001,98.5999984741211,A
2010-09-05,10OB001,164.0,A
2011-06-05,10OB001,,
2011-07-05,10OB001,189.0,
2011-08-05,10OB001,28.700000762939453,
2011-09-05,10OB001,262.0,
2011-10-05,10OB001,59.59999847412109,
2012-05-05,10OB001,,
2012-06-05,10OB001,1370.0,
2012-07-05,10OB001,42.0,
2012-08-05,10OB001,13.5,
2012-09-05,10OB001,43.900001525878906,
2012-10-05,10OB001,31.899999618530277,A
2013-01-05,10OB001,2.5199999809265137,
2013-02-05,10OB001,0.0,
2013-06-05,10OB001,,
2013-07-05,10OB001,165.0,
2013-08-05,10OB001,27.299999237060547,
2013-09-05,10OB001,46.20000076293945,
2013-10-05,10OB001,42.79999923706055,
2014-01-05,10OB001,0.0,
2014-02-05,10OB001,0.16899999976158142,
2014-03-05,10OB001,0.0,
2014-06-05,10OB001,,
2014-08-05,10OB001,,
2014-09-05,10OB001,35.70000076293945,
2014-10-05,10OB001,10.5,B
2015-01-05,10OB001,6.309999942779541,A
2015-02-05,10OB001,0.4779999852180481,A
2015-06-05,10OB001,526.0,E
2015-07-05,10OB001,95.3000030517578,
2015-08-05,10OB001,252.0,
2015-09-05,10OB001,165.0,
2016-06-05,10OB001,,
2016-07-05,10OB001,53.70000076293945,
2016-08-05,10OB001,58.59999847412109,
2016-09-05,10OB001,85.0999984741211,
2017-06-05,10OB001,569.0,A
2017-07-05,10OB001,77.80000305175781,
2017-08-05,10OB001,25.600000381469727,
2017-09-05,10OB001,,
2017-10-05,10OB001,124.0,B
2018-06-05,10OB001,,
2018-07-05,10OB001,210.0,
2018-08-05,10OB001,101.0,
2018-09-05,10OB001,,
1999-04-06,10OB001,0.0,B
1999-05-06,10OB001,0.0,B
1999-06-06,10OB001,600.0,B
1999-07-06,10OB001,52.70000076293945,
1999-08-06,10OB001,27.200000762939453,
1999-09-06,10OB001,30.100000381469727,A
1999-10-06,10OB001,,
2000-01-06,10OB001,0.0,B
2000-02-06,10OB001,0.0,B
2000-03-06,10OB001,0.0,B
2000-04-06,10OB001,0.0,B
2000-05-06,10OB001,0.0,B
2000-06-06,10OB001,10.0,B
2000-07-06,10OB001,403.0,E
2000-08-06,10OB001,47.79999923706055,
2000-09-06,10OB001,100.0,
2001-06-06,10OB001,,
2001-07-06,10OB001,228.0,
2001-08-06,10OB001,22.0,
2001-09-06,10OB001,29.600000381469727,
2002-06-06,10OB001,598.0,B
2002-07-06,10OB001,180.0,
2002-08-06,10OB001,52.5,
2002-09-06,10OB001,36.0,
2003-06-06,10OB001,300.0,B
2003-07-06,10OB001,168.0,
2003-08-06,10OB001,25.600000381469727,
2003-09-06,10OB001,28.200000762939453,
2003-10-06,10OB001,49.09999847412109,
2004-05-06,10OB001,,
2004-06-06,10OB001,40.0,B
2004-07-06,10OB001,162.0,
2004-08-06,10OB001,26.399999618530277,
2004-09-06,10OB001,15.800000190734863,
2005-05-06,10OB001,,
2005-06-06,10OB001,854.0,E
2005-07-06,10OB001,54.09999847412109,
2005-08-06,10OB001,25.600000381469727,
2006-06-06,10OB001,1370.0,
2006-07-06,10OB001,69.69999694824219,
2006-08-06,10OB001,17.799999237060547,
2006-09-06,10OB001,24.700000762939453,
2006-10-06,10OB001,,
2007-06-06,10OB001,1600.0,E
2007-07-06,10OB001,83.0999984741211,
2007-08-06,10OB001,20.5,
2007-09-06,10OB001,12.800000190734863,
2008-05-06,10OB001,,
2008-06-06,10OB001,558.0,
2008-07-06,10OB001,70.19999694824219,
2008-08-06,10OB001,129.0,
2008-09-06,10OB001,59.900001525878906,
2008-10-06,10OB001,23.299999237060547,
2010-06-06,10OB001,842.0,
2010-07-06,10OB001,86.80000305175781,A
2010-08-06,10OB001,85.4000015258789,A
2010-09-06,10OB001,167.0,A
2011-06-06,10OB001,,
2011-07-06,10OB001,185.0,
2011-08-06,10OB001,27.700000762939453,
2011-09-06,10OB001,285.0,
2011-10-06,10OB001,55.79999923706055,
2012-05-06,10OB001,,
2012-06-06,10OB001,1040.0,A
2012-07-06,10OB001,39.29999923706055,
2012-08-06,10OB001,15.199999809265137,
2012-09-06,10OB001,41.79999923706055,
2012-10-06,10OB001,27.299999237060547,
2013-01-06,10OB001,0.6150000095367432,A
2013-02-06,10OB001,0.0,
2013-06-06,10OB001,,
2013-07-06,10OB001,118.0,
2013-08-06,10OB001,23.299999237060547,
2013-09-06,10OB001,68.9000015258789,
2013-10-06,10OB001,40.59999847412109,
2014-01-06,10OB001,0.0,
2014-02-06,10OB001,0.0,
2014-03-06,10OB001,0.0,
2014-06-06,10OB001,,
2014-08-06,10OB001,,
2014-09-06,10OB001,32.0,
2014-10-06,10OB001,9.65999984741211,B
2015-01-06,10OB001,8.699999809265137,A
2015-02-06,10OB001,,
2015-06-06,10OB001,762.0,E
2015-07-06,10OB001,93.5999984741211,
2015-08-06,10OB001,178.0,
2015-09-06,10OB001,161.0,
2016-06-06,10OB001,,
2016-07-06,10OB001,50.20000076293945,
2016-08-06,10OB001,62.5,
2016-09-06,10OB001,96.1999969482422,
2017-06-06,10OB001,503.0,
2017-07-06,10OB001,73.5,
2017-08-06,10OB001,27.200000762939453,
2017-09-06,10OB001,,
2017-10-06,10OB001,111.0,B
2018-06-06,10OB001,,
2018-07-06,10OB001,273.0,
2018-08-06,10OB001,101.0,
2018-09-06,10OB001,105.0,A
1999-04-07,10OB001,0.0,B
1999-05-07,10OB001,0.0,B
1999-06-07,10OB001,1120.0,E
1999-07-07,10OB001,53.29999923706055,
1999-08-07,10OB001,24.299999237060547,
1999-09-07,10OB001,45.400001525878906,A
1999-10-07,10OB001,,
2000-01-07,10OB001,0.0,B
2000-02-07,10OB001,0.0,B
2000-03-07,10OB001,0.0,B
2000-04-07,10OB001,0.0,B
2000-05-07,10OB001,0.0,B
2000-06-07,10OB001,30.0,B
2000-07-07,10OB001,320.0,E
2000-08-07,10OB001,507.0,E
2000-09-07,10OB001,96.1999969482422,
2001-06-07,10OB001,,
2001-07-07,10OB001,189.0,
2001-08-07,10OB001,20.299999237060547,
2001-09-07,10OB001,29.200000762939453,
2002-06-07,10OB001,1230.0,B
2002-07-07,10OB001,159.0,
2002-08-07,10OB001,95.1999969482422,
2002-09-07,10OB001,32.900001525878906,
2003-06-07,10OB001,1400.0,E
2003-07-07,10OB001,149.0,
2003-08-07,10OB001,25.0,
2003-09-07,10OB001,27.600000381469727,
2003-10-07,10OB001,29.399999618530277,
2004-05-07,10OB001,,
2004-06-07,10OB001,80.0,B
2004-07-07,10OB001,149.0,
2004-08-07,10OB001,23.600000381469727,
2004-09-07,10OB001,15.800000190734863,
2005-05-07,10OB001,,
2005-06-07,10OB001,851.0,E
2005-07-07,10OB001,53.0,
2005-08-07,10OB001,29.600000381469727,
2006-06-07,10OB001,1120.0,
2006-07-07,10OB001,67.0999984741211,
2006-08-07,10OB001,17.600000381469727,
2006-09-07,10OB001,24.0,A
2006-10-07,10OB001,,
2007-06-07,10OB001,1530.0,E
2007-07-07,10OB001,73.80000305175781,
2007-08-07,10OB001,19.299999237060547,
2007-09-07,10OB001,13.0,A
2008-05-07,10OB001,,
2008-06-07,10OB001,504.0,
2008-07-07,10OB001,61.0,
2008-08-07,10OB001,98.0999984741211,
2008-09-07,10OB001,54.29999923706055,
2008-10-07,10OB001,17.5,
2010-06-07,10OB001,610.0,A
2010-07-07,10OB001,83.5999984741211,
2010-08-07,10OB001,79.30000305175781,A
2010-09-07,10OB001,173.0,A
2011-06-07,10OB001,,
2011-07-07,10OB001,167.0,
2011-08-07,10OB001,26.5,
2011-09-07,10OB001,279.0,
2011-10-07,10OB001,54.0,
2012-05-07,10OB001,,
2012-06-07,10OB001,891.0,A
2012-07-07,10OB001,36.5,
2012-08-07,10OB001,15.0,
2012-09-07,10OB001,41.20000076293945,
2012-10-07,10OB001,26.700000762939453,
2013-01-07,10OB001,0.0,A
2013-02-07,10OB001,0.0,
2013-06-07,10OB001,,
2013-07-07,10OB001,94.3000030517578,
2013-08-07,10OB001,20.799999237060547,
2013-09-07,10OB001,73.0999984741211,
2013-10-07,10OB001,37.29999923706055,
2014-01-07,10OB001,0.0,
2014-02-07,10OB001,0.0,
2014-03-07,10OB001,0.0,
2014-06-07,10OB001,,
2014-08-07,10OB001,,
2014-09-07,10OB001,30.5,
2014-10-07,10OB001,8.84000015258789,B
2015-01-07,10OB001,1.2000000476837158,
2015-02-07,10OB001,,
2015-06-07,10OB001,911.0,E
2015-07-07,10OB001,92.5999984741211,
2015-08-07,10OB001,145.0,
2015-09-07,10OB001,163.0,
2016-06-07,10OB001,,
2016-07-07,10OB001,57.0,
2016-08-07,10OB001,57.5,
2016-09-07,10OB001,92.0999984741211,
2017-06-07,10OB001,459.0,
2017-07-07,10OB001,72.9000015258789,
2017-08-07,10OB001,27.700000762939453,
2017-09-07,10OB001,,
2017-10-07,10OB001,103.0,B
2018-06-07,10OB001,,
2018-07-07,10OB001,298.0,
2018-08-07,10OB001,105.0,
2018-09-07,10OB001,,
1999-04-08,10OB001,0.0,B
1999-05-08,10OB001,0.0,B
1999-06-08,10OB001,1030.0,E
1999-07-08,10OB001,95.5,
1999-08-08,10OB001,22.299999237060547,
1999-09-08,10OB001,47.20000076293945,
1999-10-08,10OB001,,
2000-01-08,10OB001,0.0,B
2000-02-08,10OB001,0.0,B
2000-03-08,10OB001,0.0,B
2000-04-08,10OB001,0.0,B
2000-05-08,10OB001,0.0,B
2000-06-08,10OB001,80.0,B
2000-07-08,10OB001,264.0,E
2000-08-08,10OB001,1710.0,E
2000-09-08,10OB001,87.5999984741211,
2001-06-08,10OB001,,
2001-07-08,10OB001,155.0,
2001-08-08,10OB001,22.700000762939453,
2001-09-08,10OB001,30.600000381469727,
2002-06-08,10OB001,2100.0,B
2002-07-08,10OB001,148.0,
2002-08-08,10OB001,105.0,
2002-09-08,10OB001,31.5,
2003-06-08,10OB001,2500.0,E
2003-07-08,10OB001,143.0,
2003-08-08,10OB001,24.299999237060547,
2003-09-08,10OB001,29.600000381469727,
2003-10-08,10OB001,26.899999618530277,
2004-05-08,10OB001,,
2004-06-08,10OB001,180.0,B
2004-07-08,10OB001,144.0,
2004-08-08,10OB001,21.299999237060547,
2004-09-08,10OB001,15.800000190734863,
2005-05-08,10OB001,,
2005-06-08,10OB001,898.0,E
2005-07-08,10OB001,50.400001525878906,
2005-08-08,10OB001,34.099998474121094,
2006-06-08,10OB001,1230.0,
2006-07-08,10OB001,60.09999847412109,
2006-08-08,10OB001,18.0,
2006-09-08,10OB001,23.0,A
2006-10-08,10OB001,,
2007-06-08,10OB001,1450.0,
2007-07-08,10OB001,67.0999984741211,
2007-08-08,10OB001,17.899999618530273,
2007-09-08,10OB001,13.300000190734863,
2008-05-08,10OB001,,
2008-06-08,10OB001,498.0,
2008-07-08,10OB001,55.900001525878906,
2008-08-08,10OB001,81.9000015258789,
2008-09-08,10OB001,50.5,
2008-10-08,10OB001,,
2010-06-08,10OB001,510.0,A
2010-07-08,10OB001,78.30000305175781,A
2010-08-08,10OB001,75.4000015258789,A
2010-09-08,10OB001,166.0,A
2011-06-08,10OB001,,
2011-07-08,10OB001,146.0,
2011-08-08,10OB001,26.200000762939453,
2011-09-08,10OB001,322.0,
2011-10-08,10OB001,53.29999923706055,B
2012-05-08,10OB001,,
2012-06-08,10OB001,779.0,
2012-07-08,10OB001,34.20000076293945,
2012-08-08,10OB001,15.100000381469728,
2012-09-08,10OB001,44.59999847412109,
2012-10-08,10OB001,25.899999618530277,
2013-01-08,10OB001,0.0,
2013-02-08,10OB001,0.12300000339746477,
2013-06-08,10OB001,,
2013-07-08,10OB001,83.19999694824219,
2013-08-08,10OB001,18.799999237060547,
2013-09-08,10OB001,66.19999694824219,
2013-10-08,10OB001,31.200000762939453,
2014-01-08,10OB001,0.0,
2014-02-08,10OB001,0.0,
2014-03-08,10OB001,0.0,
2014-06-08,10OB001,,
2014-08-08,10OB001,,
2014-09-08,10OB001,36.09999847412109,
2014-10-08,10OB001,8.050000190734863,B
2015-01-08,10OB001,0.3129999935626984,
2015-02-08,10OB001,,
2015-06-08,10OB001,988.0,E
2015-07-08,10OB001,87.5,
2015-08-08,10OB001,173.0,
2015-09-08,10OB001,203.0,
2016-06-08,10OB001,,
2016-07-08,10OB001,50.20000076293945,
2016-08-08,10OB001,49.5,
2016-09-08,10OB001,81.69999694824219,
2017-06-08,10OB001,471.0,
2017-07-08,10OB001,71.4000015258789,
2017-08-08,10OB001,26.700000762939453,
2017-09-08,10OB001,,
2017-10-08,10OB001,,
2018-06-08,10OB001,,
2018-07-08,10OB001,267.0,
2018-08-08,10OB001,106.0,
2018-09-08,10OB001,,
1999-04-09,10OB001,0.0,B
1999-05-09,10OB001,0.0,B
1999-06-09,10OB001,934.0,E
1999-07-09,10OB001,141.0,
1999-08-09,10OB001,20.700000762939453,
1999-09-09,10OB001,42.0,
1999-10-09,10OB001,,
2000-01-09,10OB001,0.0,B
2000-02-09,10OB001,0.0,B
2000-03-09,10OB001,0.0,B
2000-04-09,10OB001,0.0,B
2000-05-09,10OB001,0.0,B
2000-06-09,10OB001,255.0,B
2000-07-09,10OB001,212.0,E
2000-08-09,10OB001,1480.0,E
2000-09-09,10OB001,82.80000305175781,
2001-06-09,10OB001,,
2001-07-09,10OB001,129.0,
2001-08-09,10OB001,33.79999923706055,
2001-09-09,10OB001,33.5,
2002-06-09,10OB001,3400.0,E
2002-07-09,10OB001,136.0,
2002-08-09,10OB001,88.69999694824219,
2002-09-09,10OB001,30.299999237060547,
2003-06-09,10OB001,2050.0,E
2003-07-09,10OB001,131.0,
2003-08-09,10OB001,23.600000381469727,
2003-09-09,10OB001,101.0,
2003-10-09,10OB001,29.600000381469727,
2004-05-09,10OB001,,
2004-06-09,10OB001,330.0,B
2004-07-09,10OB001,139.0,
2004-08-09,10OB001,19.600000381469727,
2004-09-09,10OB001,19.200000762939453,
2005-05-09,10OB001,,
2005-06-09,10OB001,849.0,E
2005-07-09,10OB001,51.79999923706055,
2005-08-09,10OB001,37.0,
2006-06-09,10OB001,1710.0,E
2006-07-09,10OB001,54.79999923706055,
2006-08-09,10OB001,18.899999618530277,A
2006-09-09,10OB001,22.600000381469727,A
2006-10-09,10OB001,,
2007-06-09,10OB001,1270.0,
2007-07-09,10OB001,61.20000076293945,
2007-08-09,10OB001,18.399999618530277,
2007-09-09,10OB001,13.300000190734863,
2008-05-09,10OB001,,
2008-06-09,10OB001,540.0,
2008-07-09,10OB001,52.59999847412109,
2008-08-09,10OB001,68.0999984741211,
2008-09-09,10OB001,51.20000076293945,
2008-10-09,10OB001,,
2010-06-09,10OB001,468.0,A
2010-07-09,10OB001,75.4000015258789,
2010-08-09,10OB001,74.5,E
2010-09-09,10OB001,153.0,A
2011-06-09,10OB001,,
2011-07-09,10OB001,128.0,
2011-08-09,10OB001,26.299999237060547,
2011-09-09,10OB001,343.0,
2011-10-09,10OB001,26.0,B
2012-05-09,10OB001,,
2012-06-09,10OB001,649.0,A
2012-07-09,10OB001,33.0,
2012-08-09,10OB001,15.0,
2012-09-09,10OB001,47.0,
2012-10-09,10OB001,21.100000381469727,
2013-01-09,10OB001,0.0,
2013-02-09,10OB001,0.11900000274181366,A
2013-06-09,10OB001,,
2013-07-09,10OB001,72.19999694824219,
2013-08-09,10OB001,17.5,
2013-09-09,10OB001,59.09999847412109,
2013-10-09,10OB001,25.799999237060547,
2014-01-09,10OB001,0.0,
2014-02-09,10OB001,0.0,
2014-03-09,10OB001,0.0,
2014-06-09,10OB001,,
2014-08-09,10OB001,,
2014-09-09,10OB001,35.400001525878906,
2014-10-09,10OB001,7.320000171661377,B
2015-01-09,10OB001,0.09200000017881392,
2015-02-09,10OB001,,
2015-06-09,10OB001,854.0,E
2015-07-09,10OB001,96.0,
2015-08-09,10OB001,192.0,
2015-09-09,10OB001,213.0,
2016-06-09,10OB001,,
2016-07-09,10OB001,43.59999847412109,
2016-08-09,10OB001,40.5,
2016-09-09,10OB001,74.69999694824219,
2017-06-09,10OB001,429.0,
2017-07-09,10OB001,67.9000015258789,
2017-08-09,10OB001,25.600000381469727,
2017-09-09,10OB001,,
2017-10-09,10OB001,,
2018-06-09,10OB001,,
2018-07-09,10OB001,223.0,
2018-08-09,10OB001,103.0,
2018-09-09,10OB001,,
1999-04-10,10OB001,0.0,B
1999-05-10,10OB001,0.0,B
1999-06-10,10OB001,789.0,E
1999-07-10,10OB001,111.0,
1999-08-10,10OB001,18.399999618530277,
1999-09-10,10OB001,35.900001525878906,
1999-10-10,10OB001,,
2000-01-10,10OB001,0.0,B
2000-02-10,10OB001,0.0,B
2000-03-10,10OB001,0.0,B
2000-04-10,10OB001,0.0,B
2000-05-10,10OB001,0.0,B
2000-06-10,10OB001,860.0,B
2000-07-10,10OB001,190.0,
2000-08-10,10OB001,1020.0,E
2000-09-10,10OB001,88.5,
2001-06-10,10OB001,,
2001-07-10,10OB001,112.0,
2001-08-10,10OB001,38.09999847412109,
2001-09-10,10OB001,36.29999923706055,
2002-06-10,10OB001,2900.0,E
2002-07-10,10OB001,119.0,
2002-08-10,10OB001,75.19999694824219,
2002-09-10,10OB001,29.100000381469727,
2003-06-10,10OB001,1580.0,E
2003-07-10,10OB001,115.0,
2003-08-10,10OB001,40.79999923706055,
2003-09-10,10OB001,148.0,
2003-10-10,10OB001,23.0,
2004-05-10,10OB001,,
2004-06-10,10OB001,315.0,B
2004-07-10,10OB001,125.0,
2004-08-10,10OB001,17.700000762939453,
2004-09-10,10OB001,24.399999618530277,
2005-05-10,10OB001,,
2005-06-10,10OB001,755.0,E
2005-07-10,10OB001,67.0,
2005-08-10,10OB001,96.4000015258789,
2006-06-10,10OB001,2020.0,E
2006-07-10,10OB001,49.79999923706055,
2006-08-10,10OB001,20.5,
2006-09-10,10OB001,22.700000762939453,
2006-10-10,10OB001,,
2007-06-10,10OB001,989.0,
2007-07-10,10OB001,56.70000076293945,
2007-08-10,10OB001,25.200000762939453,
2007-09-10,10OB001,13.0,
2008-05-10,10OB001,,
2008-06-10,10OB001,671.0,
2008-07-10,10OB001,60.20000076293945,
2008-08-10,10OB001,59.0,
2008-09-10,10OB001,50.20000076293945,
2008-10-10,10OB001,,
2010-06-10,10OB001,450.0,
2010-07-10,10OB001,74.5,A
2010-08-10,10OB001,84.5999984741211,A
2010-09-10,10OB001,142.0,A
2011-06-10,10OB001,,
2011-07-10,10OB001,116.0,
2011-08-10,10OB001,29.899999618530277,
2011-09-10,10OB001,295.0,
2011-10-10,10OB001,17.0,B
2012-05-10,10OB001,,
2012-06-10,10OB001,519.0,A
2012-07-10,10OB001,30.799999237060547,
2012-08-10,10OB001,15.100000381469728,
2012-09-10,10OB001,46.79999923706055,
2012-10-10,10OB001,10.5,
2013-01-10,10OB001,0.0,
2013-02-10,10OB001,0.0,
2013-06-10,10OB001,,
2013-07-10,10OB001,62.29999923706055,
2013-08-10,10OB001,15.399999618530272,
2013-09-10,10OB001,50.400001525878906,
2013-10-10,10OB001,21.5,
2014-01-10,10OB001,0.0,
2014-02-10,10OB001,0.0,
2014-03-10,10OB001,0.0,
2014-06-10,10OB001,,
2014-08-10,10OB001,,
2014-09-10,10OB001,33.599998474121094,
2014-10-10,10OB001,6.630000114440918,B
2015-01-10,10OB001,0.13600000739097595,
2015-02-10,10OB001,,
2015-06-10,10OB001,741.0,E
2015-07-10,10OB001,101.0,
2015-08-10,10OB001,163.0,
2015-09-10,10OB001,205.0,
2016-06-10,10OB001,,
2016-07-10,10OB001,37.79999923706055,
2016-08-10,10OB001,33.900001525878906,
2016-09-10,10OB001,68.80000305175781,
2017-06-10,10OB001,369.0,
2017-07-10,10OB001,63.59999847412109,
2017-08-10,10OB001,24.799999237060547,
2017-09-10,10OB001,,
2017-10-10,10OB001,,
2018-06-10,10OB001,,
2018-07-10,10OB001,205.0,
2018-08-10,10OB001,99.3000030517578,
2018-09-10,10OB001,,
1999-04-11,10OB001,0.0,B
1999-05-11,10OB001,0.0,B
1999-06-11,10OB001,659.0,E
1999-07-11,10OB001,83.5,
1999-08-11,10OB001,17.600000381469727,
1999-09-11,10OB001,30.700000762939453,
1999-10-11,10OB001,,
2000-01-11,10OB001,0.0,B
2000-02-11,10OB001,0.0,B
2000-03-11,10OB001,0.0,B
2000-04-11,10OB001,0.0,B
2000-05-11,10OB001,0.0,B
2000-06-11,10OB001,2170.0,E
2000-07-11,10OB001,177.0,
2000-08-11,10OB001,693.0,E
2000-09-11,10OB001,90.5999984741211,
2001-06-11,10OB001,,
2001-07-11,10OB001,102.0,
2001-08-11,10OB001,36.5,
2001-09-11,10OB001,36.0,
2002-06-11,10OB001,2400.0,E
2002-07-11,10OB001,103.0,
2002-08-11,10OB001,64.80000305175781,
2002-09-11,10OB001,27.700000762939453,
2003-06-11,10OB001,1140.0,E
2003-07-11,10OB001,104.0,
2003-08-11,10OB001,97.0,
2003-09-11,10OB001,146.0,
2003-10-11,10OB001,21.0,
2004-05-11,10OB001,,
2004-06-11,10OB001,300.0,B
2004-07-11,10OB001,107.0,
2004-08-11,10OB001,17.0,
2004-09-11,10OB001,24.0,
2005-05-11,10OB001,,
2005-06-11,10OB001,641.0,
2005-07-11,10OB001,100.0,
2005-08-11,10OB001,101.0,
2006-06-11,10OB001,2010.0,E
2006-07-11,10OB001,47.400001525878906,
2006-08-11,10OB001,28.5,
2006-09-11,10OB001,29.600000381469727,
2006-10-11,10OB001,,
2007-06-11,10OB001,778.0,A
2007-07-11,10OB001,52.59999847412109,
2007-08-11,10OB001,41.400001525878906,
2007-09-11,10OB001,13.300000190734863,
2008-05-11,10OB001,,
2008-06-11,10OB001,864.0,
2008-07-11,10OB001,96.4000015258789,
2008-08-11,10OB001,57.79999923706055,
2008-09-11,10OB001,45.70000076293945,
2008-10-11,10OB001,,
2010-06-11,10OB001,471.0,A
2010-07-11,10OB001,78.30000305175781,
2010-08-11,10OB001,105.0,A
2010-09-11,10OB001,131.0,A
2011-06-11,10OB001,,
2011-07-11,10OB001,106.0,
2011-08-11,10OB001,30.899999618530277,
2011-09-11,10OB001,263.0,
2011-10-11,10OB001,11.199999809265137,B
2012-05-11,10OB001,,
2012-06-11,10OB001,413.0,A
2012-07-11,10OB001,30.200000762939453,
2012-08-11,10OB001,15.300000190734863,
2012-09-11,10OB001,43.59999847412109,
2012-10-11,10OB001,7.269999980926514,A
2013-01-11,10OB001,0.0,
2013-02-11,10OB001,0.8870000243186951,
2013-06-11,10OB001,,
2013-07-11,10OB001,51.0,
2013-08-11,10OB001,13.899999618530272,
2013-09-11,10OB001,49.29999923706055,
2013-10-11,10OB001,15.800000190734863,
2014-01-11,10OB001,0.0,
2014-02-11,10OB001,0.0,
2014-03-11,10OB001,0.0,
2014-06-11,10OB001,,
2014-08-11,10OB001,,
2014-09-11,10OB001,31.799999237060547,
2014-10-11,10OB001,5.989999771118164,B
2015-01-11,10OB001,1.899999976158142,
2015-02-11,10OB001,,
2015-06-11,10OB001,718.0,E
2015-07-11,10OB001,96.0999984741211,
2015-08-11,10OB001,139.0,
2015-09-11,10OB001,196.0,
2016-06-11,10OB001,,
2016-07-11,10OB001,33.900001525878906,
2016-08-11,10OB001,29.799999237060547,
2016-09-11,10OB001,69.9000015258789,
2017-06-11,10OB001,326.0,
2017-07-11,10OB001,57.79999923706055,
2017-08-11,10OB001,23.700000762939453,
2017-09-11,10OB001,,
2017-10-11,10OB001,,
2018-06-11,10OB001,1360.0,A
2018-07-11,10OB001,191.0,
2018-08-11,10OB001,96.1999969482422,
2018-09-11,10OB001,,
1999-04-12,10OB001,0.0,B
1999-05-12,10OB001,0.0,B
1999-06-12,10OB001,777.0,E
1999-07-12,10OB001,58.29999923706055,
1999-08-12,10OB001,17.5,
1999-09-12,10OB001,26.700000762939453,
1999-10-12,10OB001,,
2000-01-12,10OB001,0.0,B
2000-02-12,10OB001,0.0,B
2000-03-12,10OB001,0.0,B
2000-04-12,10OB001,0.0,B
2000-05-12,10OB001,0.0,B
2000-06-12,10OB001,3100.0,E
2000-07-12,10OB001,180.0,
2000-08-12,10OB001,530.0,E
2000-09-12,10OB001,86.30000305175781,A
2001-06-12,10OB001,,
2001-07-12,10OB001,96.0999984741211,
2001-08-12,10OB001,45.5,
2001-09-12,10OB001,34.70000076293945,
2002-06-12,10OB001,2000.0,E
2002-07-12,10OB001,94.8000030517578,
2002-08-12,10OB001,55.900001525878906,
2002-09-12,10OB001,30.700000762939453,
2003-06-12,10OB001,791.0,A
2003-07-12,10OB001,98.5,
2003-08-12,10OB001,93.5,
2003-09-12,10OB001,118.0,
2003-10-12,10OB001,19.700000762939453,
2004-05-12,10OB001,,
2004-06-12,10OB001,280.0,B
2004-07-12,10OB001,97.6999969482422,
2004-08-12,10OB001,15.899999618530272,
2004-09-12,10OB001,22.600000381469727,
2005-05-12,10OB001,,
2005-06-12,10OB001,510.0,
2005-07-12,10OB001,103.0,
2005-08-12,10OB001,86.4000015258789,
2006-06-12,10OB001,1830.0,E
2006-07-12,10OB001,43.5,
2006-08-12,10OB001,30.799999237060547,
2006-09-12,10OB001,39.400001525878906,
2006-10-12,10OB001,,
2007-06-12,10OB001,705.0,
2007-07-12,10OB001,50.20000076293945,
2007-08-12,10OB001,43.29999923706055,
2007-09-12,10OB001,19.700000762939453,A
2008-05-12,10OB001,,
2008-06-12,10OB001,978.0,A
2008-07-12,10OB001,823.0,
2008-08-12,10OB001,55.900001525878906,
2008-09-12,10OB001,40.79999923706055,
2008-10-12,10OB001,,
2010-06-12,10OB001,495.0,
2010-07-12,10OB001,83.30000305175781,A
2010-08-12,10OB001,125.0,A
2010-09-12,10OB001,124.0,A
2011-06-12,10OB001,,
2011-07-12,10OB001,99.6999969482422,
2011-08-12,10OB001,30.0,
2011-09-12,10OB001,233.0,
2011-10-12,10OB001,,
2012-05-12,10OB001,,
2012-06-12,10OB001,334.0,A
2012-07-12,10OB001,30.299999237060547,
2012-08-12,10OB001,15.600000381469728,
2012-09-12,10OB001,41.400001525878906,
2012-10-12,10OB001,,
2013-01-12,10OB001,0.0,
2013-02-12,10OB001,2.0299999713897705,
2013-06-12,10OB001,,
2013-07-12,10OB001,46.400001525878906,
2013-08-12,10OB001,13.0,
2013-09-12,10OB001,66.0,
2013-10-12,10OB001,11.600000381469728,
2014-01-12,10OB001,0.0,
2014-02-12,10OB001,0.0,
2014-03-12,10OB001,0.0,
2014-06-12,10OB001,,
2014-08-12,10OB001,,
2014-09-12,10OB001,32.29999923706055,
2014-10-12,10OB001,5.409999847412109,B
2015-01-12,10OB001,0.7829999923706055,
2015-02-12,10OB001,,
2015-06-12,10OB001,660.0,E
2015-07-12,10OB001,86.5,
2015-08-12,10OB001,132.0,
2015-09-12,10OB001,261.0,
2016-06-12,10OB001,,
2016-07-12,10OB001,30.799999237060547,
2016-08-12,10OB001,32.79999923706055,
2016-09-12,10OB001,68.0,
2017-06-12,10OB001,280.0,
2017-07-12,10OB001,52.09999847412109,
2017-08-12,10OB001,27.799999237060547,
2017-09-12,10OB001,,
2017-10-12,10OB001,,
2018-06-12,10OB001,1120.0,
2018-07-12,10OB001,201.0,A
2018-08-12,10OB001,104.0,
2018-09-12,10OB001,,
1999-04-13,10OB001,0.0,B
1999-05-13,10OB001,0.0,B
1999-06-13,10OB001,1260.0,E
1999-07-13,10OB001,40.29999923706055,
1999-08-13,10OB001,17.200000762939453,
1999-09-13,10OB001,25.0,
1999-10-13,10OB001,,
2000-01-13,10OB001,0.0,B
2000-02-13,10OB001,0.0,B
2000-03-13,10OB001,0.0,B
2000-04-13,10OB001,0.0,B
2000-05-13,10OB001,0.0,B
2000-06-13,10OB001,3310.0,E
2000-07-13,10OB001,162.0,
2000-08-13,10OB001,519.0,E
2000-09-13,10OB001,81.9000015258789,A
2001-06-13,10OB001,,
2001-07-13,10OB001,91.4000015258789,
2001-08-13,10OB001,54.900001525878906,
2001-09-13,10OB001,33.599998474121094,A
2002-06-13,10OB001,1610.0,E
2002-07-13,10OB001,89.80000305175781,
2002-08-13,10OB001,50.59999847412109,
2002-09-13,10OB001,36.59999847412109,
2003-06-13,10OB001,467.0,
2003-07-13,10OB001,93.4000015258789,
2003-08-13,10OB001,67.80000305175781,
2003-09-13,10OB001,99.9000015258789,
2003-10-13,10OB001,18.600000381469727,
2004-05-13,10OB001,,
2004-06-13,10OB001,700.0,B
2004-07-13,10OB001,94.1999969482422,
2004-08-13,10OB001,15.199999809265137,
2004-09-13,10OB001,21.0,
2005-05-13,10OB001,,
2005-06-13,10OB001,410.0,
2005-07-13,10OB001,84.69999694824219,
2005-08-13,10OB001,101.0,
2006-06-13,10OB001,1670.0,E
2006-07-13,10OB001,40.5,
2006-08-13,10OB001,29.899999618530277,
2006-09-13,10OB001,38.59999847412109,A
2006-10-13,10OB001,,
2007-06-13,10OB001,663.0,
2007-07-13,10OB001,49.5,A
2007-08-13,10OB001,36.09999847412109,
2007-09-13,10OB001,22.200000762939453,
2008-05-13,10OB001,,
2008-06-13,10OB001,933.0,
2008-07-13,10OB001,1080.0,
2008-08-13,10OB001,50.59999847412109,A
2008-09-13,10OB001,37.79999923706055,
2008-10-13,10OB001,,
2010-06-13,10OB001,488.0,A
2010-07-13,10OB001,93.3000030517578,A
2010-08-13,10OB001,133.0,A
2010-09-13,10OB001,117.0,A
2011-06-13,10OB001,,
2011-07-13,10OB001,93.1999969482422,
2011-08-13,10OB001,29.5,
2011-09-13,10OB001,213.0,
2011-10-13,10OB001,,
2012-05-13,10OB001,,
2012-06-13,10OB001,283.0,
2012-07-13,10OB001,30.299999237060547,
2012-08-13,10OB001,17.399999618530273,
2012-09-13,10OB001,38.900001525878906,
2012-10-13,10OB001,,
2013-01-13,10OB001,0.0,
2013-02-13,10OB001,0.4399999976158142,
2013-06-13,10OB001,1090.0,A
2013-07-13,10OB001,46.400001525878906,
2013-08-13,10OB001,12.399999618530272,
2013-09-13,10OB001,289.0,
2013-10-13,10OB001,9.470000267028809,A
2014-01-13,10OB001,0.0,
2014-02-13,10OB001,0.0,
2014-03-13,10OB001,0.0,
2014-06-13,10OB001,,
2014-08-13,10OB001,,
2014-09-13,10OB001,32.29999923706055,
2014-10-13,10OB001,4.889999866485596,B
2015-01-13,10OB001,0.375,
2015-02-13,10OB001,,
2015-06-13,10OB001,578.0,E
2015-07-13,10OB001,79.80000305175781,
2015-08-13,10OB001,246.0,
2015-09-13,10OB001,300.0,
2016-06-13,10OB001,,
2016-07-13,10OB001,28.0,
2016-08-13,10OB001,36.400001525878906,
2016-09-13,10OB001,60.70000076293945,
2017-06-13,10OB001,245.0,
2017-07-13,10OB001,49.0,
2017-08-13,10OB001,31.799999237060547,
2017-09-13,10OB001,,
2017-10-13,10OB001,,
2018-06-13,10OB001,781.0,
2018-07-13,10OB001,213.0,
2018-08-13,10OB001,119.0,
2018-09-13,10OB001,,
1999-04-14,10OB001,0.0,B
1999-05-14,10OB001,0.5,B
1999-06-14,10OB001,2110.0,E
1999-07-14,10OB001,34.5,
1999-08-14,10OB001,16.600000381469727,
1999-09-14,10OB001,23.799999237060547,
1999-10-14,10OB001,,
2000-01-14,10OB001,0.0,B
2000-02-14,10OB001,0.0,B
2000-03-14,10OB001,0.0,B
2000-04-14,10OB001,0.0,B
2000-05-14,10OB001,0.0,B
2000-06-14,10OB001,3270.0,E
2000-07-14,10OB001,135.0,
2000-08-14,10OB001,537.0,E
2000-09-14,10OB001,78.4000015258789,
2001-06-14,10OB001,,
2001-07-14,10OB001,86.5,
2001-08-14,10OB001,87.5999984741211,
2001-09-14,10OB001,31.399999618530277,
2002-06-14,10OB001,1380.0,
2002-07-14,10OB001,82.69999694824219,
2002-08-14,10OB001,44.900001525878906,
2002-09-14,10OB001,43.400001525878906,
2003-06-14,10OB001,300.0,
2003-07-14,10OB001,86.80000305175781,
2003-08-14,10OB001,50.79999923706055,
2003-09-14,10OB001,92.1999969482422,
2003-10-14,10OB001,16.299999237060547,
2004-05-14,10OB001,,
2004-06-14,10OB001,1160.0,E
2004-07-14,10OB001,93.3000030517578,
2004-08-14,10OB001,15.899999618530272,
2004-09-14,10OB001,19.5,
2005-05-14,10OB001,,
2005-06-14,10OB001,333.0,
2005-07-14,10OB001,68.5999984741211,
2005-08-14,10OB001,91.6999969482422,
2006-06-14,10OB001,1430.0,
2006-07-14,10OB001,38.70000076293945,
2006-08-14,10OB001,28.600000381469727,
2006-09-14,10OB001,35.5,
2006-10-14,10OB001,,
2007-06-14,10OB001,636.0,
2007-07-14,10OB001,51.09999847412109,A
2007-08-14,10OB001,34.0,
2007-09-14,10OB001,19.299999237060547,
2008-05-14,10OB001,,
2008-06-14,10OB001,814.0,
2008-07-14,10OB001,803.0,
2008-08-14,10OB001,51.5,A
2008-09-14,10OB001,35.20000076293945,
2008-10-14,10OB001,,
2010-06-14,10OB001,443.0,A
2010-07-14,10OB001,91.1999969482422,
2010-08-14,10OB001,127.0,A
2010-09-14,10OB001,111.0,E
2011-06-14,10OB001,607.0,E
2011-07-14,10OB001,84.9000015258789,
2011-08-14,10OB001,28.899999618530277,
2011-09-14,10OB001,194.0,
2011-10-14,10OB001,,
2012-05-14,10OB001,,
2012-06-14,10OB001,250.0,
2012-07-14,10OB001,27.899999618530277,
2012-08-14,10OB001,19.100000381469727,
2012-09-14,10OB001,38.59999847412109,
2012-10-14,10OB001,,
2013-01-14,10OB001,0.0,
2013-02-14,10OB001,0.9160000085830688,
2013-06-14,10OB001,928.0,
2013-07-14,10OB001,44.5,
2013-08-14,10OB001,12.0,
2013-09-14,10OB001,336.0,
2013-10-14,10OB001,,
2014-01-14,10OB001,0.0,
2014-02-14,10OB001,0.0,
2014-03-14,10OB001,0.0,A
2014-06-14,10OB001,,
2014-08-14,10OB001,,
2014-09-14,10OB001,29.799999237060547,
2014-10-14,10OB001,4.429999828338623,B
2015-01-14,10OB001,0.4020000100135803,
2015-02-14,10OB001,,
2015-06-14,10OB001,486.0,
2015-07-14,10OB001,74.0,
2015-08-14,10OB001,200.0,
2015-09-14,10OB001,251.0,
2016-06-14,10OB001,,
2016-07-14,10OB001,26.399999618530277,
2016-08-14,10OB001,35.70000076293945,
2016-09-14,10OB001,56.400001525878906,
2017-06-14,10OB001,229.0,
2017-07-14,10OB001,47.29999923706055,
2017-08-14,10OB001,28.700000762939453,
2017-09-14,10OB001,408.0,A
2017-10-14,10OB001,,
2018-06-14,10OB001,609.0,
2018-07-14,10OB001,190.0,A
2018-08-14,10OB001,113.0,
2018-09-14,10OB001,,
1999-04-15,10OB001,0.0,B
1999-05-15,10OB001,1.2999999523162842,B
1999-06-15,10OB001,2390.0,E
1999-07-15,10OB001,35.400001525878906,
1999-08-15,10OB001,16.5,
1999-09-15,10OB001,22.899999618530277,
1999-10-15,10OB001,,
2000-01-15,10OB001,0.0,B
2000-02-15,10OB001,0.0,B
2000-03-15,10OB001,0.0,B
2000-04-15,10OB001,0.0,B
2000-05-15,10OB001,0.0,B
2000-06-15,10OB001,3310.0,E
2000-07-15,10OB001,117.0,
2000-08-15,10OB001,504.0,E
2000-09-15,10OB001,76.4000015258789,
2001-06-15,10OB001,,
2001-07-15,10OB001,79.30000305175781,
2001-08-15,10OB001,227.0,
2001-09-15,10OB001,30.200000762939453,
2002-06-15,10OB001,1240.0,
2002-07-15,10OB001,75.0999984741211,
2002-08-15,10OB001,40.0,
2002-09-15,10OB001,47.29999923706055,
2003-06-15,10OB001,265.0,
2003-07-15,10OB001,81.0,
2003-08-15,10OB001,46.59999847412109,
2003-09-15,10OB001,80.80000305175781,
2003-10-15,10OB001,13.0,
2004-05-15,10OB001,,
2004-06-15,10OB001,1160.0,E
2004-07-15,10OB001,84.30000305175781,
2004-08-15,10OB001,24.700000762939453,
2004-09-15,10OB001,18.0,B
2005-05-15,10OB001,,
2005-06-15,10OB001,257.0,
2005-07-15,10OB001,59.79999923706055,
2005-08-15,10OB001,72.9000015258789,
2006-06-15,10OB001,1050.0,A
2006-07-15,10OB001,37.70000076293945,
2006-08-15,10OB001,26.200000762939453,
2006-09-15,10OB001,34.599998474121094,
2006-10-15,10OB001,,
2007-06-15,10OB001,620.0,A
2007-07-15,10OB001,62.5,
2007-08-15,10OB001,28.0,
2007-09-15,10OB001,15.899999618530272,
2008-05-15,10OB001,,
2008-06-15,10OB001,646.0,
2008-07-15,10OB001,520.0,
2008-08-15,10OB001,51.09999847412109,
2008-09-15,10OB001,32.29999923706055,
2008-10-15,10OB001,,
2010-06-15,10OB001,349.0,A
2010-07-15,10OB001,78.9000015258789,
2010-08-15,10OB001,117.0,E
2010-09-15,10OB001,103.0,E
2011-06-15,10OB001,1930.0,E
2011-07-15,10OB001,76.0,
2011-08-15,10OB001,28.799999237060547,
2011-09-15,10OB001,178.0,
2011-10-15,10OB001,,
2012-05-15,10OB001,,
2012-06-15,10OB001,224.0,
2012-07-15,10OB001,26.399999618530277,
2012-08-15,10OB001,21.200000762939453,
2012-09-15,10OB001,38.29999923706055,
2012-10-15,10OB001,,
2013-01-15,10OB001,0.0,
2013-02-15,10OB001,0.9480000138282776,
2013-06-15,10OB001,746.0,
2013-07-15,10OB001,39.400001525878906,
2013-08-15,10OB001,11.100000381469728,
2013-09-15,10OB001,296.0,
2013-10-15,10OB001,,
2014-01-15,10OB001,0.0,
2014-02-15,10OB001,0.0,
2014-03-15,10OB001,,
2014-06-15,10OB001,,
2014-08-15,10OB001,26.799999237060547,A
2014-09-15,10OB001,25.899999618530277,
2014-10-15,10OB001,4.03000020980835,B
2015-01-15,10OB001,0.07400000095367432,
2015-02-15,10OB001,,
2015-06-15,10OB001,384.0,
2015-07-15,10OB001,69.4000015258789,
2015-08-15,10OB001,160.0,
2015-09-15,10OB001,206.0,
2016-06-15,10OB001,,
2016-07-15,10OB001,24.899999618530277,
2016-08-15,10OB001,34.5,
2016-09-15,10OB001,48.900001525878906,
2017-06-15,10OB001,218.0,
2017-07-15,10OB001,44.79999923706055,
2017-08-15,10OB001,26.899999618530277,
2017-09-15,10OB001,372.0,
2017-10-15,10OB001,,
2018-06-15,10OB001,657.0,
2018-07-15,10OB001,165.0,
2018-08-15,10OB001,113.0,
2018-09-15,10OB001,,
1999-04-16,10OB001,0.0,B
1999-05-16,10OB001,1.5,B
1999-06-16,10OB001,2210.0,E
1999-07-16,10OB001,28.700000762939453,
1999-08-16,10OB001,15.600000381469728,
1999-09-16,10OB001,21.100000381469727,
1999-10-16,10OB001,,
2000-01-16,10OB001,0.0,B
2000-02-16,10OB001,0.0,B
2000-03-16,10OB001,0.0,B
2000-04-16,10OB001,0.0,B
2000-05-16,10OB001,0.0,B
2000-06-16,10OB001,2930.0,E
2000-07-16,10OB001,107.0,
2000-08-16,10OB001,451.0,E
2000-09-16,10OB001,76.4000015258789,
2001-06-16,10OB001,,
2001-07-16,10OB001,70.5999984741211,
2001-08-16,10OB001,231.0,
2001-09-16,10OB001,30.899999618530277,
2002-06-16,10OB001,1070.0,
2002-07-16,10OB001,71.5999984741211,
2002-08-16,10OB001,40.79999923706055,
2002-09-16,10OB001,44.0,
2003-06-16,10OB001,512.0,
2003-07-16,10OB001,74.80000305175781,
2003-08-16,10OB001,45.400001525878906,
2003-09-16,10OB001,69.69999694824219,
2003-10-16,10OB001,,
2004-05-16,10OB001,,
2004-06-16,10OB001,1050.0,E
2004-07-16,10OB001,76.30000305175781,
2004-08-16,10OB001,48.400001525878906,
2004-09-16,10OB001,15.899999618530272,B
2005-05-16,10OB001,,
2005-06-16,10OB001,206.0,
2005-07-16,10OB001,49.79999923706055,
2005-08-16,10OB001,56.900001525878906,
2006-06-16,10OB001,765.0,A
2006-07-16,10OB001,37.400001525878906,
2006-08-16,10OB001,24.299999237060547,
2006-09-16,10OB001,33.20000076293945,
2006-10-16,10OB001,,
2007-06-16,10OB001,611.0,
2007-07-16,10OB001,62.70000076293945,
2007-08-16,10OB001,24.399999618530277,
2007-09-16,10OB001,17.299999237060547,
2008-05-16,10OB001,,
2008-06-16,10OB001,496.0,
2008-07-16,10OB001,318.0,A
2008-08-16,10OB001,54.5,
2008-09-16,10OB001,29.200000762939453,
2008-10-16,10OB001,,
2010-06-16,10OB001,300.0,
2010-07-16,10OB001,77.5,
2010-08-16,10OB001,112.0,E
2010-09-16,10OB001,97.1999969482422,E
2011-06-16,10OB001,2460.0,E
2011-07-16,10OB001,69.30000305175781,
2011-08-16,10OB001,28.299999237060547,
2011-09-16,10OB001,165.0,
2011-10-16,10OB001,,
2012-05-16,10OB001,,
2012-06-16,10OB001,201.0,
2012-07-16,10OB001,25.0,
2012-08-16,10OB001,22.600000381469727,
2012-09-16,10OB001,37.400001525878906,
2012-10-16,10OB001,,
2013-01-16,10OB001,0.0,
2013-02-16,10OB001,0.03999999910593033,
2013-06-16,10OB001,707.0,
2013-07-16,10OB001,37.0,
2013-08-16,10OB001,11.399999618530272,
2013-09-16,10OB001,251.0,
2013-10-16,10OB001,,
2014-01-16,10OB001,0.0,
2014-02-16,10OB001,0.0,A
2014-03-16,10OB001,,
2014-06-16,10OB001,,
2014-08-16,10OB001,,
2014-09-16,10OB001,20.799999237060547,
2014-10-16,10OB001,3.680000066757202,B
2015-01-16,10OB001,0.1420000046491623,A
2015-02-16,10OB001,,
2015-06-16,10OB001,334.0,
2015-07-16,10OB001,64.5,
2015-08-16,10OB001,153.0,
2015-09-16,10OB001,184.0,
2016-06-16,10OB001,,
2016-07-16,10OB001,23.100000381469727,
2016-08-16,10OB001,30.799999237060547,
2016-09-16,10OB001,43.09999847412109,
2017-06-16,10OB001,229.0,
2017-07-16,10OB001,39.70000076293945,
2017-08-16,10OB001,27.200000762939453,
2017-09-16,10OB001,320.0,
2017-10-16,10OB001,,
2018-06-16,10OB001,809.0,
2018-07-16,10OB001,151.0,
2018-08-16,10OB001,191.0,
2018-09-16,10OB001,,
1999-04-17,10OB001,0.0,B
1999-05-17,10OB001,1.0,B
1999-06-17,10OB001,2160.0,E
1999-07-17,10OB001,26.600000381469727,
1999-08-17,10OB001,15.600000381469728,
1999-09-17,10OB001,19.100000381469727,
1999-10-17,10OB001,,
2000-01-17,10OB001,0.0,B
2000-02-17,10OB001,0.0,B
2000-03-17,10OB001,0.0,B
2000-04-17,10OB001,0.0,B
2000-05-17,10OB001,0.0,B
2000-06-17,10OB001,2270.0,E
2000-07-17,10OB001,95.5999984741211,
2000-08-17,10OB001,387.0,E
2000-09-17,10OB001,77.4000015258789,A
2001-06-17,10OB001,,
2001-07-17,10OB001,62.70000076293945,
2001-08-17,10OB001,250.0,
2001-09-17,10OB001,31.100000381469727,
2002-06-17,10OB001,820.0,
2002-07-17,10OB001,69.30000305175781,
2002-08-17,10OB001,49.0,
2002-09-17,10OB001,40.29999923706055,
2003-06-17,10OB001,727.0,
2003-07-17,10OB001,72.0,
2003-08-17,10OB001,42.59999847412109,
2003-09-17,10OB001,57.20000076293945,
2003-10-17,10OB001,,
2004-05-17,10OB001,,
2004-06-17,10OB001,1030.0,E
2004-07-17,10OB001,71.19999694824219,
2004-08-17,10OB001,44.59999847412109,
2004-09-17,10OB001,14.199999809265137,B
2005-05-17,10OB001,,
2005-06-17,10OB001,172.0,
2005-07-17,10OB001,44.0,
2005-08-17,10OB001,45.79999923706055,
2006-06-17,10OB001,598.0,
2006-07-17,10OB001,45.29999923706055,
2006-08-17,10OB001,23.799999237060547,
2006-09-17,10OB001,29.799999237060547,
2006-10-17,10OB001,,
2007-06-17,10OB001,590.0,
2007-07-17,10OB001,57.29999923706055,A
2007-08-17,10OB001,21.799999237060547,
2007-09-17,10OB001,16.0,
2008-05-17,10OB001,,
2008-06-17,10OB001,430.0,
2008-07-17,10OB001,220.0,
2008-08-17,10OB001,60.900001525878906,
2008-09-17,10OB001,26.100000381469727,
2008-10-17,10OB001,,
2010-06-17,10OB001,241.0,
2010-07-17,10OB001,70.5,A
2010-08-17,10OB001,108.0,E
2010-09-17,10OB001,91.1999969482422,A
2011-06-17,10OB001,2770.0,E
2011-07-17,10OB001,63.400001525878906,
2011-08-17,10OB001,31.899999618530277,
2011-09-17,10OB001,150.0,
2011-10-17,10OB001,,
2012-05-17,10OB001,,
2012-06-17,10OB001,183.0,
2012-07-17,10OB001,23.5,
2012-08-17,10OB001,24.700000762939453,
2012-09-17,10OB001,37.20000076293945,A
2012-10-17,10OB001,,
2013-01-17,10OB001,0.0,
2013-02-17,10OB001,0.0,
2013-06-17,10OB001,707.0,
2013-07-17,10OB001,33.5,
2013-08-17,10OB001,11.5,
2013-09-17,10OB001,196.0,
2013-10-17,10OB001,,
2014-01-17,10OB001,0.0,
2014-02-17,10OB001,0.0,
2014-03-17,10OB001,,
2014-06-17,10OB001,,
2014-08-17,10OB001,,
2014-09-17,10OB001,24.700000762939453,
2014-10-17,10OB001,3.390000104904175,B
2015-01-17,10OB001,0.12700000405311584,
2015-02-17,10OB001,,
2015-06-17,10OB001,287.0,
2015-07-17,10OB001,60.59999847412109,
2015-08-17,10OB001,151.0,
2015-09-17,10OB001,166.0,
2016-06-17,10OB001,,
2016-07-17,10OB001,22.899999618530277,
2016-08-17,10OB001,29.0,
2016-09-17,10OB001,44.59999847412109,
2017-06-17,10OB001,275.0,
2017-07-17,10OB001,38.900001525878906,
2017-08-17,10OB001,36.09999847412109,
2017-09-17,10OB001,293.0,
2017-10-17,10OB001,,
2018-06-17,10OB001,798.0,
2018-07-17,10OB001,138.0,
2018-08-17,10OB001,338.0,A
2018-09-17,10OB001,,
1999-04-18,10OB001,0.0,B
1999-05-18,10OB001,0.800000011920929,B
1999-06-18,10OB001,1760.0,E
1999-07-18,10OB001,24.5,
1999-08-18,10OB001,17.299999237060547,
1999-09-18,10OB001,18.5,
1999-10-18,10OB001,,
2000-01-18,10OB001,0.0,B
2000-02-18,10OB001,0.0,B
2000-03-18,10OB001,0.0,B
2000-04-18,10OB001,0.0,B
2000-05-18,10OB001,0.0,B
2000-06-18,10OB001,1700.0,E
2000-07-18,10OB001,82.9000015258789,
2000-08-18,10OB001,325.0,E
2000-09-18,10OB001,73.0,
2001-06-18,10OB001,,
2001-07-18,10OB001,56.5,
2001-08-18,10OB001,179.0,
2001-09-18,10OB001,35.20000076293945,
2002-06-18,10OB001,613.0,
2002-07-18,10OB001,62.79999923706055,
2002-08-18,10OB001,66.69999694824219,
2002-09-18,10OB001,37.400001525878906,
2003-06-18,10OB001,691.0,
2003-07-18,10OB001,68.80000305175781,
2003-08-18,10OB001,38.79999923706055,
2003-09-18,10OB001,51.29999923706055,
2003-10-18,10OB001,,
2004-05-18,10OB001,,
2004-06-18,10OB001,1440.0,E
2004-07-18,10OB001,68.0999984741211,
2004-08-18,10OB001,38.5,
2004-09-18,10OB001,14.600000381469728,B
2005-05-18,10OB001,,
2005-06-18,10OB001,152.0,
2005-07-18,10OB001,38.20000076293945,
2005-08-18,10OB001,56.0,
2006-06-18,10OB001,461.0,
2006-07-18,10OB001,69.19999694824219,
2006-08-18,10OB001,23.700000762939453,
2006-09-18,10OB001,25.100000381469727,
2006-10-18,10OB001,,
2007-06-18,10OB001,513.0,A
2007-07-18,10OB001,53.59999847412109,
2007-08-18,10OB001,20.200000762939453,
2007-09-18,10OB001,15.600000381469728,
2008-05-18,10OB001,,
2008-06-18,10OB001,425.0,
2008-07-18,10OB001,170.0,
2008-08-18,10OB001,60.29999923706055,
2008-09-18,10OB001,21.399999618530277,
2008-10-18,10OB001,,
2010-06-18,10OB001,216.0,
2010-07-18,10OB001,66.69999694824219,
2010-08-18,10OB001,105.0,E
2010-09-18,10OB001,85.0,
2011-06-18,10OB001,2890.0,E
2011-07-18,10OB001,60.5,
2011-08-18,10OB001,36.79999923706055,
2011-09-18,10OB001,140.0,
2011-10-18,10OB001,,
2012-05-18,10OB001,,
2012-06-18,10OB001,167.0,
2012-07-18,10OB001,22.299999237060547,
2012-08-18,10OB001,29.899999618530277,
2012-09-18,10OB001,41.20000076293945,
2012-10-18,10OB001,,
2013-01-18,10OB001,0.0,
2013-02-18,10OB001,0.09600000083446504,
2013-06-18,10OB001,608.0,
2013-07-18,10OB001,30.799999237060547,
2013-08-18,10OB001,11.600000381469728,
2013-09-18,10OB001,150.0,
2013-10-18,10OB001,,
2014-01-18,10OB001,0.0,
2014-02-18,10OB001,0.0,
2014-03-18,10OB001,,
2014-06-18,10OB001,,
2014-08-18,10OB001,,
2014-09-18,10OB001,31.0,
2014-10-18,10OB001,3.130000114440918,B
2015-01-18,10OB001,0.11800000071525574,
2015-02-18,10OB001,,
2015-06-18,10OB001,251.0,
2015-07-18,10OB001,55.900001525878906,
2015-08-18,10OB001,150.0,
2015-09-18,10OB001,152.0,
2016-06-18,10OB001,,
2016-07-18,10OB001,23.5,
2016-08-18,10OB001,30.700000762939453,
2016-09-18,10OB001,52.5,
2017-06-18,10OB001,259.0,A
2017-07-18,10OB001,39.09999847412109,
2017-08-18,10OB001,43.59999847412109,
2017-09-18,10OB001,288.0,
2017-10-18,10OB001,,
2018-06-18,10OB001,762.0,
2018-07-18,10OB001,129.0,
2018-08-18,10OB001,285.0,
2018-09-18,10OB001,,
1999-04-19,10OB001,0.0,B
1999-05-19,10OB001,0.699999988079071,B
1999-06-19,10OB001,1250.0,E
1999-07-19,10OB001,25.899999618530277,
1999-08-19,10OB001,20.100000381469727,
1999-09-19,10OB001,17.899999618530273,
1999-10-19,10OB001,,
2000-01-19,10OB001,0.0,B
2000-02-19,10OB001,0.0,B
2000-03-19,10OB001,0.0,B
2000-04-19,10OB001,0.0,B
2000-05-19,10OB001,0.0,B
2000-06-19,10OB001,1210.0,E
2000-07-19,10OB001,70.5,
2000-08-19,10OB001,277.0,E
2000-09-19,10OB001,58.29999923706055,B
2001-06-19,10OB001,,
2001-07-19,10OB001,54.59999847412109,
2001-08-19,10OB001,131.0,
2001-09-19,10OB001,35.0,
2002-06-19,10OB001,451.0,
2002-07-19,10OB001,56.5,
2002-08-19,10OB001,76.0999984741211,
2002-09-19,10OB001,37.0,
2003-06-19,10OB001,597.0,
2003-07-19,10OB001,62.79999923706055,
2003-08-19,10OB001,37.0,
2003-09-19,10OB001,49.20000076293945,
2003-10-19,10OB001,,
2004-05-19,10OB001,,
2004-06-19,10OB001,1600.0,E
2004-07-19,10OB001,64.4000015258789,
2004-08-19,10OB001,31.600000381469727,
2004-09-19,10OB001,12.100000381469728,B
2005-05-19,10OB001,,
2005-06-19,10OB001,143.0,
2005-07-19,10OB001,31.600000381469727,
2005-08-19,10OB001,180.0,
2006-06-19,10OB001,362.0,
2006-07-19,10OB001,70.0999984741211,
2006-08-19,10OB001,26.399999618530277,
2006-09-19,10OB001,22.5,
2006-10-19,10OB001,,
2007-06-19,10OB001,399.0,
2007-07-19,10OB001,50.79999923706055,A
2007-08-19,10OB001,18.899999618530277,
2007-09-19,10OB001,14.800000190734863,
2008-05-19,10OB001,,
2008-06-19,10OB001,424.0,
2008-07-19,10OB001,148.0,
2008-08-19,10OB001,55.29999923706055,
2008-09-19,10OB001,16.5,
2008-10-19,10OB001,,
2010-06-19,10OB001,199.0,
2010-07-19,10OB001,62.09999847412109,
2010-08-19,10OB001,101.0,E
2010-09-19,10OB001,81.0,
2011-06-19,10OB001,2750.0,E
2011-07-19,10OB001,58.20000076293945,
2011-08-19,10OB001,53.09999847412109,
2011-09-19,10OB001,132.0,
2011-10-19,10OB001,,
2012-05-19,10OB001,,
2012-06-19,10OB001,158.0,
2012-07-19,10OB001,25.299999237060547,
2012-08-19,10OB001,34.20000076293945,
2012-09-19,10OB001,48.79999923706055,
2012-10-19,10OB001,,
2013-01-19,10OB001,0.0,
2013-02-19,10OB001,0.777999997138977,
2013-06-19,10OB001,440.0,
2013-07-19,10OB001,28.5,
2013-08-19,10OB001,11.5,
2013-09-19,10OB001,117.0,
2013-10-19,10OB001,,
2014-01-19,10OB001,0.0,
2014-02-19,10OB001,0.0,
2014-03-19,10OB001,,
2014-06-19,10OB001,,
2014-08-19,10OB001,,
2014-09-19,10OB001,38.09999847412109,
2014-10-19,10OB001,2.9100000858306885,B
2015-01-19,10OB001,0.12099999934434892,
2015-02-19,10OB001,,
2015-06-19,10OB001,221.0,
2015-07-19,10OB001,52.79999923706055,
2015-08-19,10OB001,186.0,
2015-09-19,10OB001,145.0,
2016-06-19,10OB001,,
2016-07-19,10OB001,23.200000762939453,
2016-08-19,10OB001,30.600000381469727,
2016-09-19,10OB001,69.9000015258789,
2017-06-19,10OB001,218.0,
2017-07-19,10OB001,36.900001525878906,
2017-08-19,10OB001,67.0,
2017-09-19,10OB001,278.0,
2017-10-19,10OB001,,
2018-06-19,10OB001,793.0,
2018-07-19,10OB001,126.0,
2018-08-19,10OB001,,
2018-09-19,10OB001,,
1999-04-20,10OB001,0.0,B
1999-05-20,10OB001,0.6499999761581421,B
1999-06-20,10OB001,872.0,E
1999-07-20,10OB001,25.5,
1999-08-20,10OB001,23.899999618530277,
1999-09-20,10OB001,33.599998474121094,
1999-10-20,10OB001,,
2000-01-20,10OB001,0.0,B
2000-02-20,10OB001,0.0,B
2000-03-20,10OB001,0.0,B
2000-04-20,10OB001,0.0,B
2000-05-20,10OB001,0.0,B
2000-06-20,10OB001,890.0,E
2000-07-20,10OB001,63.79999923706055,
2000-08-20,10OB001,256.0,E
2000-09-20,10OB001,46.29999923706055,B
2001-06-20,10OB001,1880.0,E
2001-07-20,10OB001,60.59999847412109,
2001-08-20,10OB001,101.0,
2001-09-20,10OB001,31.899999618530277,
2002-06-20,10OB001,348.0,
2002-07-20,10OB001,51.59999847412109,
2002-08-20,10OB001,83.0,
2002-09-20,10OB001,36.400001525878906,
2003-06-20,10OB001,540.0,
2003-07-20,10OB001,57.900001525878906,
2003-08-20,10OB001,35.599998474121094,
2003-09-20,10OB001,47.59999847412109,
2003-10-20,10OB001,,
2004-05-20,10OB001,,
2004-06-20,10OB001,1800.0,E
2004-07-20,10OB001,58.29999923706055,
2004-08-20,10OB001,26.299999237060547,
2004-09-20,10OB001,12.600000381469728,B
2005-05-20,10OB001,,
2005-06-20,10OB001,136.0,
2005-07-20,10OB001,28.200000762939453,
2005-08-20,10OB001,281.0,
2006-06-20,10OB001,299.0,
2006-07-20,10OB001,61.79999923706055,
2006-08-20,10OB001,27.5,
2006-09-20,10OB001,22.100000381469727,
2006-10-20,10OB001,,
2007-06-20,10OB001,309.0,
2007-07-20,10OB001,49.59999847412109,
2007-08-20,10OB001,18.799999237060547,
2007-09-20,10OB001,12.399999618530272,
2008-05-20,10OB001,,
2008-06-20,10OB001,410.0,
2008-07-20,10OB001,135.0,
2008-08-20,10OB001,52.79999923706055,
2008-09-20,10OB001,18.600000381469727,
2008-10-20,10OB001,,
2010-06-20,10OB001,181.0,
2010-07-20,10OB001,59.900001525878906,E
2010-08-20,10OB001,98.5999984741211,E
2010-09-20,10OB001,79.19999694824219,
2011-06-20,10OB001,2300.0,E
2011-07-20,10OB001,56.79999923706055,
2011-08-20,10OB001,83.9000015258789,
2011-09-20,10OB001,126.0,
2011-10-20,10OB001,,
2012-05-20,10OB001,,
2012-06-20,10OB001,149.0,
2012-07-20,10OB001,24.899999618530277,
2012-08-20,10OB001,40.20000076293945,
2012-09-20,10OB001,55.20000076293945,
2012-10-20,10OB001,,
2013-01-20,10OB001,0.0,
2013-02-20,10OB001,0.13600000739097595,
2013-06-20,10OB001,362.0,
2013-07-20,10OB001,26.200000762939453,
2013-08-20,10OB001,11.600000381469728,
2013-09-20,10OB001,99.5,
2013-10-20,10OB001,,
2014-01-20,10OB001,0.0,
2014-02-20,10OB001,0.0,
2014-03-20,10OB001,,
2014-06-20,10OB001,,
2014-08-20,10OB001,,
2014-09-20,10OB001,41.29999923706055,
2014-10-20,10OB001,2.720000028610229,B
2015-01-20,10OB001,0.07199999690055847,
2015-02-20,10OB001,,
2015-06-20,10OB001,210.0,
2015-07-20,10OB001,60.5,
2015-08-20,10OB001,210.0,
2015-09-20,10OB001,148.0,
2016-06-20,10OB001,,
2016-07-20,10OB001,25.399999618530277,
2016-08-20,10OB001,31.200000762939453,
2016-09-20,10OB001,73.5,
2017-06-20,10OB001,186.0,
2017-07-20,10OB001,35.79999923706055,
2017-08-20,10OB001,197.0,
2017-09-20,10OB001,252.0,
2017-10-20,10OB001,,
2018-06-20,10OB001,755.0,
2018-07-20,10OB001,118.0,
2018-08-20,10OB001,,
2018-09-20,10OB001,,
1999-04-21,10OB001,0.0,B
1999-05-21,10OB001,0.6000000238418579,B
1999-06-21,10OB001,629.0,E
1999-07-21,10OB001,33.5,
1999-08-21,10OB001,26.0,
1999-09-21,10OB001,65.30000305175781,
1999-10-21,10OB001,,
2000-01-21,10OB001,0.0,B
2000-02-21,10OB001,0.0,B
2000-03-21,10OB001,0.0,B
2000-04-21,10OB001,0.0,B
2000-05-21,10OB001,0.0,B
2000-06-21,10OB001,725.0,E
2000-07-21,10OB001,60.09999847412109,
2000-08-21,10OB001,324.0,E
2000-09-21,10OB001,,
2001-06-21,10OB001,1290.0,E
2001-07-21,10OB001,73.30000305175781,
2001-08-21,10OB001,82.80000305175781,
2001-09-21,10OB001,28.700000762939453,
2002-06-21,10OB001,296.0,
2002-07-21,10OB001,47.09999847412109,
2002-08-21,10OB001,91.4000015258789,
2002-09-21,10OB001,36.20000076293945,
2003-06-21,10OB001,549.0,
2003-07-21,10OB001,52.400001525878906,
2003-08-21,10OB001,34.20000076293945,
2003-09-21,10OB001,47.400001525878906,
2003-10-21,10OB001,,
2004-05-21,10OB001,,
2004-06-21,10OB001,1640.0,E
2004-07-21,10OB001,53.5,
2004-08-21,10OB001,23.100000381469727,
2004-09-21,10OB001,10.899999618530272,B
2005-05-21,10OB001,1.0,B
2005-06-21,10OB001,119.0,
2005-07-21,10OB001,28.200000762939453,
2005-08-21,10OB001,248.0,
2006-06-21,10OB001,254.0,A
2006-07-21,10OB001,50.79999923706055,
2006-08-21,10OB001,27.600000381469727,
2006-09-21,10OB001,21.0,
2006-10-21,10OB001,,
2007-06-21,10OB001,255.0,
2007-07-21,10OB001,43.29999923706055,
2007-08-21,10OB001,18.299999237060547,
2007-09-21,10OB001,12.699999809265137,
2008-05-21,10OB001,,
2008-06-21,10OB001,352.0,
2008-07-21,10OB001,124.0,
2008-08-21,10OB001,48.59999847412109,
2008-09-21,10OB001,21.100000381469727,
2008-10-21,10OB001,,
2010-06-21,10OB001,165.0,A
2010-07-21,10OB001,58.20000076293945,A
2010-08-21,10OB001,112.0,
2010-09-21,10OB001,81.0999984741211,A
2011-06-21,10OB001,1830.0,E
2011-07-21,10OB001,56.400001525878906,
2011-08-21,10OB001,92.5999984741211,
2011-09-21,10OB001,120.0,
2011-10-21,10OB001,,
2012-05-21,10OB001,,
2012-06-21,10OB001,135.0,
2012-07-21,10OB001,23.299999237060547,
2012-08-21,10OB001,42.5,
2012-09-21,10OB001,56.0,
2012-10-21,10OB001,,
2013-01-21,10OB001,0.0,
2013-02-21,10OB001,0.0010000000474974513,
2013-06-21,10OB001,304.0,
2013-07-21,10OB001,24.200000762939453,
2013-08-21,10OB001,11.600000381469728,
2013-09-21,10OB001,94.6999969482422,
2013-10-21,10OB001,,
2014-01-21,10OB001,0.0,
2014-02-21,10OB001,0.0,
2014-03-21,10OB001,,
2014-06-21,10OB001,,
2014-08-21,10OB001,,
2014-09-21,10OB001,39.900001525878906,
2014-10-21,10OB001,2.559999942779541,B
2015-01-21,10OB001,0.1679999977350235,A
2015-02-21,10OB001,,
2015-06-21,10OB001,232.0,
2015-07-21,10OB001,56.20000076293945,
2015-08-21,10OB001,188.0,
2015-09-21,10OB001,180.0,
2016-06-21,10OB001,,
2016-07-21,10OB001,28.5,
2016-08-21,10OB001,33.099998474121094,
2016-09-21,10OB001,68.30000305175781,
2017-06-21,10OB001,167.0,
2017-07-21,10OB001,33.5,
2017-08-21,10OB001,349.0,
2017-09-21,10OB001,229.0,
2017-10-21,10OB001,,
2018-06-21,10OB001,637.0,
2018-07-21,10OB001,116.0,
2018-08-21,10OB001,201.0,A
2018-09-21,10OB001,,
1999-04-22,10OB001,0.0,B
1999-05-22,10OB001,0.550000011920929,B
1999-06-22,10OB001,469.0,E
1999-07-22,10OB001,50.900001525878906,
1999-08-22,10OB001,25.5,A
1999-09-22,10OB001,84.30000305175781,
1999-10-22,10OB001,,
2000-01-22,10OB001,0.0,B
2000-02-22,10OB001,0.0,B
2000-03-22,10OB001,0.0,B
2000-04-22,10OB001,0.0,B
2000-05-22,10OB001,0.0,B
2000-06-22,10OB001,597.0,E
2000-07-22,10OB001,69.69999694824219,
2000-08-22,10OB001,374.0,E
2000-09-22,10OB001,,
2001-06-22,10OB001,968.0,E
2001-07-22,10OB001,63.09999847412109,
2001-08-22,10OB001,69.9000015258789,
2001-09-22,10OB001,26.299999237060547,
2002-06-22,10OB001,299.0,
2002-07-22,10OB001,43.5,
2002-08-22,10OB001,89.0999984741211,
2002-09-22,10OB001,37.09999847412109,B
2003-06-22,10OB001,564.0,
2003-07-22,10OB001,47.900001525878906,
2003-08-22,10OB001,32.0,
2003-09-22,10OB001,44.09999847412109,
2003-10-22,10OB001,,
2004-05-22,10OB001,,
2004-06-22,10OB001,1290.0,E
2004-07-22,10OB001,46.79999923706055,
2004-08-22,10OB001,20.700000762939453,
2004-09-22,10OB001,10.100000381469728,B
2005-05-22,10OB001,1.2999999523162842,B
2005-06-22,10OB001,110.0,
2005-07-22,10OB001,33.70000076293945,
2005-08-22,10OB001,238.0,
2006-06-22,10OB001,221.0,A
2006-07-22,10OB001,43.09999847412109,
2006-08-22,10OB001,26.799999237060547,
2006-09-22,10OB001,19.600000381469727,
2006-10-22,10OB001,,
2007-06-22,10OB001,237.0,
2007-07-22,10OB001,49.5,
2007-08-22,10OB001,17.899999618530273,
2007-09-22,10OB001,13.399999618530272,
2008-05-22,10OB001,,
2008-06-22,10OB001,292.0,
2008-07-22,10OB001,125.0,
2008-08-22,10OB001,47.400001525878906,
2008-09-22,10OB001,28.5,
2008-10-22,10OB001,,
2010-06-22,10OB001,153.0,A
2010-07-22,10OB001,59.20000076293945,
2010-08-22,10OB001,151.0,
2010-09-22,10OB001,80.0,A
2011-06-22,10OB001,1520.0,E
2011-07-22,10OB001,56.900001525878906,
2011-08-22,10OB001,87.5999984741211,
2011-09-22,10OB001,113.0,
2011-10-22,10OB001,,
2012-05-22,10OB001,,
2012-06-22,10OB001,128.0,
2012-07-22,10OB001,21.200000762939453,
2012-08-22,10OB001,40.29999923706055,
2012-09-22,10OB001,50.79999923706055,A
2012-10-22,10OB001,,
2013-01-22,10OB001,0.0,
2013-02-22,10OB001,0.1080000028014183,
2013-06-22,10OB001,271.0,
2013-07-22,10OB001,22.799999237060547,
2013-08-22,10OB001,12.199999809265137,
2013-09-22,10OB001,92.0999984741211,
2013-10-22,10OB001,,
2014-01-22,10OB001,1.7599999904632568,
2014-02-22,10OB001,0.0,
2014-03-22,10OB001,,
2014-06-22,10OB001,,
2014-08-22,10OB001,,
2014-09-22,10OB001,40.5,
2014-10-22,10OB001,2.4100000858306885,B
2015-01-22,10OB001,0.328000009059906,A
2015-02-22,10OB001,,
2015-06-22,10OB001,243.0,
2015-07-22,10OB001,65.9000015258789,
2015-08-22,10OB001,167.0,
2015-09-22,10OB001,163.0,
2016-06-22,10OB001,,
2016-07-22,10OB001,34.099998474121094,
2016-08-22,10OB001,35.29999923706055,
2016-09-22,10OB001,70.5999984741211,
2017-06-22,10OB001,150.0,
2017-07-22,10OB001,30.399999618530277,
2017-08-22,10OB001,350.0,
2017-09-22,10OB001,215.0,
2017-10-22,10OB001,,
2018-06-22,10OB001,562.0,
2018-07-22,10OB001,112.0,
2018-08-22,10OB001,181.0,A
2018-09-22,10OB001,,
1999-04-23,10OB001,0.0,B
1999-05-23,10OB001,0.5,B
1999-06-23,10OB001,346.0,E
1999-07-23,10OB001,52.09999847412109,
1999-08-23,10OB001,23.600000381469727,A
1999-09-23,10OB001,103.0,
1999-10-23,10OB001,,
2000-01-23,10OB001,0.0,B
2000-02-23,10OB001,0.0,B
2000-03-23,10OB001,0.0,B
2000-04-23,10OB001,0.0,B
2000-05-23,10OB001,0.0,B
2000-06-23,10OB001,479.0,E
2000-07-23,10OB001,85.0999984741211,
2000-08-23,10OB001,610.0,E
2000-09-23,10OB001,,
2001-06-23,10OB001,743.0,E
2001-07-23,10OB001,57.0,
2001-08-23,10OB001,60.400001525878906,
2001-09-23,10OB001,32.599998474121094,
2002-06-23,10OB001,288.0,
2002-07-23,10OB001,40.09999847412109,
2002-08-23,10OB001,87.0999984741211,
2002-09-23,10OB001,32.20000076293945,B
2003-06-23,10OB001,558.0,
2003-07-23,10OB001,43.0,
2003-08-23,10OB001,30.299999237060547,
2003-09-23,10OB001,41.09999847412109,
2003-10-23,10OB001,,
2004-05-23,10OB001,,
2004-06-23,10OB001,1050.0,E
2004-07-23,10OB001,43.400001525878906,
2004-08-23,10OB001,20.399999618530277,
2004-09-23,10OB001,9.289999961853027,B
2005-05-23,10OB001,1.6100000143051147,B
2005-06-23,10OB001,97.5,
2005-07-23,10OB001,41.29999923706055,
2005-08-23,10OB001,279.0,
2006-06-23,10OB001,197.0,
2006-07-23,10OB001,39.29999923706055,
2006-08-23,10OB001,25.100000381469727,
2006-09-23,10OB001,19.700000762939453,
2006-10-23,10OB001,,
2007-06-23,10OB001,258.0,
2007-07-23,10OB001,68.0,
2007-08-23,10OB001,18.100000381469727,
2007-09-23,10OB001,13.199999809265137,
2008-05-23,10OB001,,
2008-06-23,10OB001,291.0,
2008-07-23,10OB001,146.0,
2008-08-23,10OB001,45.20000076293945,
2008-09-23,10OB001,32.5,
2008-10-23,10OB001,,
2010-06-23,10OB001,148.0,A
2010-07-23,10OB001,56.400001525878906,
2010-08-23,10OB001,194.0,A
2010-09-23,10OB001,73.9000015258789,A
2011-06-23,10OB001,1250.0,
2011-07-23,10OB001,53.79999923706055,
2011-08-23,10OB001,154.0,
2011-09-23,10OB001,111.0,
2011-10-23,10OB001,,
2012-05-23,10OB001,,
2012-06-23,10OB001,120.0,
2012-07-23,10OB001,19.700000762939453,
2012-08-23,10OB001,35.5,
2012-09-23,10OB001,51.400001525878906,
2012-10-23,10OB001,,
2013-01-23,10OB001,0.0,
2013-02-23,10OB001,0.7049999833106995,A
2013-06-23,10OB001,237.0,
2013-07-23,10OB001,21.799999237060547,
2013-08-23,10OB001,13.5,
2013-09-23,10OB001,90.5999984741211,
2013-10-23,10OB001,,
2014-01-23,10OB001,0.0,
2014-02-23,10OB001,0.0,
2014-03-23,10OB001,,
2014-06-23,10OB001,,
2014-08-23,10OB001,,
2014-09-23,10OB001,55.29999923706055,
2014-10-23,10OB001,2.2799999713897705,B
2015-01-23,10OB001,0.2290000021457672,
2015-02-23,10OB001,,
2015-06-23,10OB001,241.0,
2015-07-23,10OB001,71.30000305175781,
2015-08-23,10OB001,145.0,
2015-09-23,10OB001,138.0,
2016-06-23,10OB001,,
2016-07-23,10OB001,61.29999923706055,
2016-08-23,10OB001,34.400001525878906,
2016-09-23,10OB001,77.5,
2017-06-23,10OB001,143.0,
2017-07-23,10OB001,30.799999237060547,
2017-08-23,10OB001,355.0,
2017-09-23,10OB001,204.0,
2017-10-23,10OB001,,
2018-06-23,10OB001,520.0,
2018-07-23,10OB001,108.0,
2018-08-23,10OB001,153.0,A
2018-09-23,10OB001,,
1999-04-24,10OB001,0.0,B
1999-05-24,10OB001,0.44999998807907104,B
1999-06-24,10OB001,276.0,E
1999-07-24,10OB001,81.0,
1999-08-24,10OB001,20.5,
1999-09-24,10OB001,238.0,E
1999-10-24,10OB001,,
2000-01-24,10OB001,0.0,B
2000-02-24,10OB001,0.0,B
2000-03-24,10OB001,0.0,B
2000-04-24,10OB001,0.0,B
2000-05-24,10OB001,0.0,B
2000-06-24,10OB001,382.0,E
2000-07-24,10OB001,77.69999694824219,
2000-08-24,10OB001,575.0,E
2000-09-24,10OB001,,
2001-06-24,10OB001,569.0,
2001-07-24,10OB001,50.400001525878906,
2001-08-24,10OB001,53.20000076293945,
2001-09-24,10OB001,50.59999847412109,
2002-06-24,10OB001,284.0,
2002-07-24,10OB001,38.400001525878906,
2002-08-24,10OB001,82.69999694824219,
2002-09-24,10OB001,23.899999618530277,B
2003-06-24,10OB001,457.0,
2003-07-24,10OB001,40.0,
2003-08-24,10OB001,29.799999237060547,
2003-09-24,10OB001,37.79999923706055,
2003-10-24,10OB001,,
2004-05-24,10OB001,,
2004-06-24,10OB001,997.0,E
2004-07-24,10OB001,41.5,
2004-08-24,10OB001,21.899999618530277,
2004-09-24,10OB001,9.25,B
2005-05-24,10OB001,2.309999942779541,B
2005-06-24,10OB001,94.9000015258789,
2005-07-24,10OB001,44.70000076293945,
2005-08-24,10OB001,264.0,A
2006-06-24,10OB001,176.0,
2006-07-24,10OB001,37.09999847412109,A
2006-08-24,10OB001,24.600000381469727,
2006-09-24,10OB001,20.299999237060547,
2006-10-24,10OB001,,
2007-06-24,10OB001,272.0,
2007-07-24,10OB001,65.30000305175781,A
2007-08-24,10OB001,18.0,A
2007-09-24,10OB001,12.0,
2008-05-24,10OB001,,
2008-06-24,10OB001,285.0,A
2008-07-24,10OB001,129.0,
2008-08-24,10OB001,40.79999923706055,
2008-09-24,10OB001,30.399999618530277,
2008-10-24,10OB001,,
2010-06-24,10OB001,150.0,A
2010-07-24,10OB001,56.400001525878906,E
2010-08-24,10OB001,207.0,E
2010-09-24,10OB001,58.70000076293945,A
2011-06-24,10OB001,928.0,
2011-07-24,10OB001,49.5,
2011-08-24,10OB001,525.0,
2011-09-24,10OB001,110.0,
2011-10-24,10OB001,,
2012-05-24,10OB001,,
2012-06-24,10OB001,112.0,
2012-07-24,10OB001,21.5,
2012-08-24,10OB001,32.0,
2012-09-24,10OB001,45.400001525878906,
2012-10-24,10OB001,,
2013-01-24,10OB001,0.0,A
2013-02-24,10OB001,1.4500000476837158,
2013-06-24,10OB001,203.0,
2013-07-24,10OB001,20.799999237060547,
2013-08-24,10OB001,13.899999618530272,
2013-09-24,10OB001,88.69999694824219,
2013-10-24,10OB001,,
2014-01-24,10OB001,0.0,
2014-02-24,10OB001,0.0,
2014-03-24,10OB001,,
2014-06-24,10OB001,,
2014-08-24,10OB001,,
2014-09-24,10OB001,52.70000076293945,
2014-10-24,10OB001,2.1700000762939453,B
2015-01-24,10OB001,0.5130000114440918,
2015-02-24,10OB001,,
2015-06-24,10OB001,218.0,
2015-07-24,10OB001,84.80000305175781,
2015-08-24,10OB001,127.0,
2015-09-24,10OB001,119.0,
2016-06-24,10OB001,98.5,A
2016-07-24,10OB001,92.6999969482422,
2016-08-24,10OB001,32.900001525878906,
2016-09-24,10OB001,73.5,
2017-06-24,10OB001,143.0,
2017-07-24,10OB001,30.0,
2017-08-24,10OB001,413.0,
2017-09-24,10OB001,201.0,
2017-10-24,10OB001,,
2018-06-24,10OB001,438.0,
2018-07-24,10OB001,103.0,
2018-08-24,10OB001,141.0,
2018-09-24,10OB001,,
1999-04-25,10OB001,0.0,B
1999-05-25,10OB001,0.4000000059604645,B
1999-06-25,10OB001,229.0,E
1999-07-25,10OB001,102.0,
1999-08-25,10OB001,19.399999618530277,
1999-09-25,10OB001,454.0,E
1999-10-25,10OB001,,
2000-01-25,10OB001,0.0,B
2000-02-25,10OB001,0.0,B
2000-03-25,10OB001,0.0,B
2000-04-25,10OB001,0.0,B
2000-05-25,10OB001,0.0,B
2000-06-25,10OB001,325.0,E
2000-07-25,10OB001,68.69999694824219,
2000-08-25,10OB001,421.0,E
2000-09-25,10OB001,,
2001-06-25,10OB001,455.0,
2001-07-25,10OB001,45.29999923706055,
2001-08-25,10OB001,48.09999847412109,
2001-09-25,10OB001,55.79999923706055,A
2002-06-25,10OB001,297.0,
2002-07-25,10OB001,37.900001525878906,
2002-08-25,10OB001,71.9000015258789,
2002-09-25,10OB001,11.800000190734863,B
2003-06-25,10OB001,376.0,
2003-07-25,10OB001,37.400001525878906,
2003-08-25,10OB001,30.200000762939453,
2003-09-25,10OB001,33.099998474121094,
2003-10-25,10OB001,,
2004-05-25,10OB001,,
2004-06-25,10OB001,956.0,E
2004-07-25,10OB001,39.400001525878906,
2004-08-25,10OB001,24.100000381469727,
2004-09-25,10OB001,9.25,B
2005-05-25,10OB001,2.9100000858306885,B
2005-06-25,10OB001,92.5,
2005-07-25,10OB001,41.400001525878906,
2005-08-25,10OB001,,
2006-06-25,10OB001,163.0,A
2006-07-25,10OB001,36.09999847412109,
2006-08-25,10OB001,25.299999237060547,
2006-09-25,10OB001,26.0,
2006-10-25,10OB001,,
2007-06-25,10OB001,290.0,
2007-07-25,10OB001,55.400001525878906,
2007-08-25,10OB001,17.299999237060547,
2007-09-25,10OB001,12.100000381469728,
2008-05-25,10OB001,,
2008-06-25,10OB001,270.0,
2008-07-25,10OB001,105.0,
2008-08-25,10OB001,38.0,
2008-09-25,10OB001,24.899999618530277,
2008-10-25,10OB001,,
2010-06-25,10OB001,162.0,A
2010-07-25,10OB001,56.29999923706055,E
2010-08-25,10OB001,209.0,E
2010-09-25,10OB001,45.70000076293945,A
2011-06-25,10OB001,725.0,
2011-07-25,10OB001,49.70000076293945,
2011-08-25,10OB001,646.0,
2011-09-25,10OB001,110.0,
2011-10-25,10OB001,,
2012-05-25,10OB001,,
2012-06-25,10OB001,106.0,
2012-07-25,10OB001,21.5,
2012-08-25,10OB001,30.299999237060547,
2012-09-25,10OB001,40.09999847412109,
2012-10-25,10OB001,,
2013-01-25,10OB001,0.0,A
2013-02-25,10OB001,1.25,A
2013-06-25,10OB001,181.0,
2013-07-25,10OB001,20.0,
2013-08-25,10OB001,15.899999618530272,
2013-09-25,10OB001,85.80000305175781,
2013-10-25,10OB001,,
2014-01-25,10OB001,0.0,
2014-02-25,10OB001,0.0,
2014-03-25,10OB001,,
2014-06-25,10OB001,,
2014-08-25,10OB001,,
2014-09-25,10OB001,47.59999847412109,
2014-10-25,10OB001,2.069999933242798,B
2015-01-25,10OB001,0.4729999899864197,A
2015-02-25,10OB001,,
2015-06-25,10OB001,193.0,
2015-07-25,10OB001,90.8000030517578,
2015-08-25,10OB001,116.0,
2015-09-25,10OB001,99.3000030517578,
2016-06-25,10OB001,91.0999984741211,
2016-07-25,10OB001,97.0,
2016-08-25,10OB001,33.599998474121094,
2016-09-25,10OB001,68.5999984741211,
2017-06-25,10OB001,142.0,
2017-07-25,10OB001,30.100000381469727,
2017-08-25,10OB001,453.0,
2017-09-25,10OB001,214.0,
2017-10-25,10OB001,,
2018-06-25,10OB001,370.0,
2018-07-25,10OB001,99.4000015258789,
2018-08-25,10OB001,129.0,
2018-09-25,10OB001,,
1999-04-26,10OB001,0.0,B
1999-05-26,10OB001,0.6000000238418579,B
1999-06-26,10OB001,199.0,E
1999-07-26,10OB001,127.0,
1999-08-26,10OB001,18.399999618530277,
1999-09-26,10OB001,439.0,E
1999-10-26,10OB001,,
2000-01-26,10OB001,0.0,B
2000-02-26,10OB001,0.0,B
2000-03-26,10OB001,0.0,B
2000-04-26,10OB001,0.0,B
2000-05-26,10OB001,0.0,B
2000-06-26,10OB001,335.0,E
2000-07-26,10OB001,72.30000305175781,
2000-08-26,10OB001,315.0,E
2000-09-26,10OB001,,
2001-06-26,10OB001,413.0,
2001-07-26,10OB001,42.09999847412109,
2001-08-26,10OB001,45.0,
2001-09-26,10OB001,57.0,
2002-06-26,10OB001,304.0,
2002-07-26,10OB001,34.79999923706055,
2002-08-26,10OB001,61.20000076293945,
2002-09-26,10OB001,10.5,B
2003-06-26,10OB001,389.0,
2003-07-26,10OB001,35.29999923706055,
2003-08-26,10OB001,31.5,
2003-09-26,10OB001,29.5,
2003-10-26,10OB001,,
2004-05-26,10OB001,,
2004-06-26,10OB001,799.0,E
2004-07-26,10OB001,37.400001525878906,
2004-08-26,10OB001,25.200000762939453,
2004-09-26,10OB001,8.4399995803833,B
2005-05-26,10OB001,3.440000057220459,B
2005-06-26,10OB001,87.0999984741211,
2005-07-26,10OB001,35.29999923706055,A
2005-08-26,10OB001,,
2006-06-26,10OB001,148.0,A
2006-07-26,10OB001,34.599998474121094,
2006-08-26,10OB001,28.600000381469727,
2006-09-26,10OB001,39.400001525878906,A
2006-10-26,10OB001,,
2007-06-26,10OB001,270.0,
2007-07-26,10OB001,46.5,
2007-08-26,10OB001,16.600000381469727,
2007-09-26,10OB001,9.649999618530272,
2008-05-26,10OB001,,
2008-06-26,10OB001,235.0,A
2008-07-26,10OB001,90.0,
2008-08-26,10OB001,37.5,
2008-09-26,10OB001,20.399999618530277,
2008-10-26,10OB001,,
2010-06-26,10OB001,182.0,A
2010-07-26,10OB001,56.09999847412109,
2010-08-26,10OB001,206.0,E
2010-09-26,10OB001,38.70000076293945,A
2011-06-26,10OB001,551.0,
2011-07-26,10OB001,51.0,
2011-08-26,10OB001,562.0,
2011-09-26,10OB001,103.0,
2011-10-26,10OB001,,
2012-05-26,10OB001,,
2012-06-26,10OB001,97.9000015258789,
2012-07-26,10OB001,24.899999618530277,
2012-08-26,10OB001,30.100000381469727,
2012-09-26,10OB001,40.09999847412109,
2012-10-26,10OB001,,
2013-01-26,10OB001,0.0,
2013-02-26,10OB001,1.190000057220459,
2013-06-26,10OB001,158.0,
2013-07-26,10OB001,21.799999237060547,
2013-08-26,10OB001,15.399999618530272,
2013-09-26,10OB001,81.9000015258789,
2013-10-26,10OB001,,
2014-01-26,10OB001,0.0,
2014-02-26,10OB001,0.0,
2014-03-26,10OB001,,
2014-06-26,10OB001,,
2014-08-26,10OB001,,
2014-09-26,10OB001,42.20000076293945,
2014-10-26,10OB001,1.9800000190734863,B
2015-01-26,10OB001,0.4370000064373016,
2015-02-26,10OB001,,
2015-06-26,10OB001,187.0,
2015-07-26,10OB001,83.80000305175781,
2015-08-26,10OB001,110.0,
2015-09-26,10OB001,87.5,
2016-06-26,10OB001,81.4000015258789,
2016-07-26,10OB001,85.0999984741211,
2016-08-26,10OB001,33.20000076293945,
2016-09-26,10OB001,60.70000076293945,
2017-06-26,10OB001,136.0,
2017-07-26,10OB001,40.0,
2017-08-26,10OB001,398.0,
2017-09-26,10OB001,242.0,
2017-10-26,10OB001,,
2018-06-26,10OB001,307.0,
2018-07-26,10OB001,97.9000015258789,
2018-08-26,10OB001,120.0,
2018-09-26,10OB001,,
1999-04-27,10OB001,0.0,B
1999-05-27,10OB001,0.5,B
1999-06-27,10OB001,171.0,E
1999-07-27,10OB001,121.0,
1999-08-27,10OB001,17.5,
1999-09-27,10OB001,318.0,E
1999-10-27,10OB001,,
2000-01-27,10OB001,0.0,B
2000-02-27,10OB001,0.0,B
2000-03-27,10OB001,0.0,B
2000-04-27,10OB001,0.0,B
2000-05-27,10OB001,0.0,B
2000-06-27,10OB001,347.0,E
2000-07-27,10OB001,86.69999694824219,
2000-08-27,10OB001,258.0,E
2000-09-27,10OB001,,
2001-06-27,10OB001,404.0,
2001-07-27,10OB001,37.900001525878906,
2001-08-27,10OB001,42.20000076293945,
2001-09-27,10OB001,54.09999847412109,
2002-06-27,10OB001,296.0,
2002-07-27,10OB001,35.29999923706055,
2002-08-27,10OB001,53.0,
2002-09-27,10OB001,9.399999618530272,B
2003-06-27,10OB001,423.0,
2003-07-27,10OB001,34.29999923706055,
2003-08-27,10OB001,31.100000381469727,
2003-09-27,10OB001,24.0,
2003-10-27,10OB001,,
2004-05-27,10OB001,,
2004-06-27,10OB001,659.0,
2004-07-27,10OB001,35.099998474121094,
2004-08-27,10OB001,24.799999237060547,
2004-09-27,10OB001,8.369999885559082,B
2005-05-27,10OB001,5.679999828338623,B
2005-06-27,10OB001,80.30000305175781,
2005-07-27,10OB001,31.100000381469727,
2005-08-27,10OB001,,
2006-06-27,10OB001,136.0,
2006-07-27,10OB001,31.600000381469727,
2006-08-27,10OB001,32.5,
2006-09-27,10OB001,62.5,
2006-10-27,10OB001,,
2007-06-27,10OB001,239.0,
2007-07-27,10OB001,41.0,
2007-08-27,10OB001,15.800000190734863,
2007-09-27,10OB001,7.639999866485596,B
2008-05-27,10OB001,172.0,B
2008-06-27,10OB001,190.0,
2008-07-27,10OB001,75.30000305175781,
2008-08-27,10OB001,32.599998474121094,
2008-09-27,10OB001,18.899999618530277,
2008-10-27,10OB001,,
2010-06-27,10OB001,177.0,
2010-07-27,10OB001,58.29999923706055,
2010-08-27,10OB001,219.0,A
2010-09-27,10OB001,37.20000076293945,B
2011-06-27,10OB001,424.0,
2011-07-27,10OB001,49.09999847412109,
2011-08-27,10OB001,441.0,
2011-09-27,10OB001,93.0,
2011-10-27,10OB001,,
2012-05-27,10OB001,,
2012-06-27,10OB001,89.5,
2012-07-27,10OB001,23.399999618530277,
2012-08-27,10OB001,30.100000381469727,
2012-09-27,10OB001,37.900001525878906,
2012-10-27,10OB001,,
2013-01-27,10OB001,0.0,A
2013-02-27,10OB001,0.5059999823570251,A
2013-06-27,10OB001,137.0,
2013-07-27,10OB001,26.899999618530277,
2013-08-27,10OB001,15.0,
2013-09-27,10OB001,73.4000015258789,
2013-10-27,10OB001,,
2014-01-27,10OB001,0.0,
2014-02-27,10OB001,0.0,
2014-03-27,10OB001,,
2014-06-27,10OB001,,
2014-08-27,10OB001,,
2014-09-27,10OB001,33.599998474121094,
2014-10-27,10OB001,1.899999976158142,B
2015-01-27,10OB001,0.289000004529953,
2015-02-27,10OB001,,
2015-06-27,10OB001,182.0,
2015-07-27,10OB001,72.4000015258789,
2015-08-27,10OB001,113.0,
2015-09-27,10OB001,67.19999694824219,B
2016-06-27,10OB001,75.80000305175781,
2016-07-27,10OB001,63.59999847412109,
2016-08-27,10OB001,32.79999923706055,
2016-09-27,10OB001,53.59999847412109,
2017-06-27,10OB001,129.0,
2017-07-27,10OB001,37.09999847412109,
2017-08-27,10OB001,316.0,
2017-09-27,10OB001,243.0,
2017-10-27,10OB001,,
2018-06-27,10OB001,274.0,
2018-07-27,10OB001,97.6999969482422,
2018-08-27,10OB001,120.0,
2018-09-27,10OB001,,
1999-04-28,10OB001,0.0,B
1999-05-28,10OB001,0.44999998807907104,B
1999-06-28,10OB001,146.0,E
1999-07-28,10OB001,106.0,
1999-08-28,10OB001,17.5,
1999-09-28,10OB001,167.0,E
1999-10-28,10OB001,,
2000-01-28,10OB001,0.0,B
2000-02-28,10OB001,0.0,B
2000-03-28,10OB001,0.0,B
2000-04-28,10OB001,0.0,B
2000-05-28,10OB001,0.0,B
2000-06-28,10OB001,317.0,E
2000-07-28,10OB001,89.9000015258789,
2000-08-28,10OB001,226.0,E
2000-09-28,10OB001,,
2001-06-28,10OB001,414.0,
2001-07-28,10OB001,36.79999923706055,
2001-08-28,10OB001,39.400001525878906,
2001-09-28,10OB001,39.70000076293945,A
2002-06-28,10OB001,264.0,
2002-07-28,10OB001,34.400001525878906,
2002-08-28,10OB001,46.29999923706055,
2002-09-28,10OB001,8.199999809265137,B
2003-06-28,10OB001,367.0,
2003-07-28,10OB001,34.29999923706055,
2003-08-28,10OB001,28.899999618530277,
2003-09-28,10OB001,17.200000762939453,
2003-10-28,10OB001,,
2004-05-28,10OB001,0.0,B
2004-06-28,10OB001,628.0,
2004-07-28,10OB001,32.900001525878906,
2004-08-28,10OB001,22.5,
2004-09-28,10OB001,9.050000190734863,B
2005-05-28,10OB001,75.5999984741211,B
2005-06-28,10OB001,77.9000015258789,
2005-07-28,10OB001,27.700000762939453,
2005-08-28,10OB001,,
2006-06-28,10OB001,133.0,
2006-07-28,10OB001,28.100000381469727,
2006-08-28,10OB001,35.20000076293945,
2006-09-28,10OB001,60.20000076293945,
2006-10-28,10OB001,,
2007-06-28,10OB001,216.0,
2007-07-28,10OB001,36.5,
2007-08-28,10OB001,15.5,
2007-09-28,10OB001,7.099999904632568,B
2008-05-28,10OB001,222.0,B
2008-06-28,10OB001,155.0,
2008-07-28,10OB001,65.80000305175781,
2008-08-28,10OB001,40.79999923706055,
2008-09-28,10OB001,16.100000381469727,
2008-10-28,10OB001,,
2010-06-28,10OB001,153.0,
2010-07-28,10OB001,56.900001525878906,
2010-08-28,10OB001,228.0,E
2010-09-28,10OB001,33.20000076293945,B
2011-06-28,10OB001,350.0,
2011-07-28,10OB001,45.70000076293945,
2011-08-28,10OB001,343.0,
2011-09-28,10OB001,83.0,
2011-10-28,10OB001,,
2012-05-28,10OB001,647.0,B
2012-06-28,10OB001,80.80000305175781,
2012-07-28,10OB001,24.200000762939453,
2012-08-28,10OB001,32.0,
2012-09-28,10OB001,44.59999847412109,
2012-10-28,10OB001,,
2013-01-28,10OB001,0.0,A
2013-02-28,10OB001,,
2013-06-28,10OB001,128.0,
2013-07-28,10OB001,28.100000381469727,
2013-08-28,10OB001,14.800000190734863,
2013-09-28,10OB001,71.4000015258789,
2013-10-28,10OB001,,
2014-01-28,10OB001,0.0,
2014-02-28,10OB001,0.0,
2014-03-28,10OB001,,
2014-06-28,10OB001,,
2014-08-28,10OB001,,
2014-09-28,10OB001,25.5,
2014-10-28,10OB001,1.830000042915344,B
2015-01-28,10OB001,0.08299999684095383,A
2015-02-28,10OB001,,
2015-06-28,10OB001,182.0,
2015-07-28,10OB001,62.400001525878906,
2015-08-28,10OB001,142.0,
2015-09-28,10OB001,,
2016-06-28,10OB001,71.5,
2016-07-28,10OB001,49.20000076293945,
2016-08-28,10OB001,33.900001525878906,
2016-09-28,10OB001,44.5,B
2017-06-28,10OB001,120.0,
2017-07-28,10OB001,33.79999923706055,
2017-08-28,10OB001,251.0,
2017-09-28,10OB001,216.0,
2017-10-28,10OB001,,
2018-06-28,10OB001,258.0,
2018-07-28,10OB001,99.0,
2018-08-28,10OB001,125.0,A
2018-09-28,10OB001,,
1999-04-29,10OB001,0.0,B
1999-05-29,10OB001,3.0,B
1999-06-29,10OB001,123.0,
1999-07-29,10OB001,82.0,
1999-08-29,10OB001,17.799999237060547,
1999-09-29,10OB001,87.69999694824219,
1999-10-29,10OB001,,
2000-01-29,10OB001,0.0,B
2000-02-29,10OB001,0.0,B
2000-03-29,10OB001,0.0,B
2000-04-29,10OB001,0.0,B
2000-05-29,10OB001,0.0,B
2000-06-29,10OB001,286.0,E
2000-07-29,10OB001,78.0999984741211,
2000-08-29,10OB001,200.0,
2000-09-29,10OB001,,
2001-06-29,10OB001,432.0,
2001-07-29,10OB001,34.20000076293945,
2001-08-29,10OB001,36.900001525878906,
2001-09-29,10OB001,,
2002-06-29,10OB001,232.0,
2002-07-29,10OB001,30.5,
2002-08-29,10OB001,41.79999923706055,
2002-09-29,10OB001,7.400000095367432,B
2003-06-29,10OB001,353.0,
2003-07-29,10OB001,32.599998474121094,
2003-08-29,10OB001,27.600000381469727,
2003-09-29,10OB001,14.199999809265137,
2003-10-29,10OB001,,
2004-05-29,10OB001,0.0,B
2004-06-29,10OB001,493.0,
2004-07-29,10OB001,29.100000381469727,
2004-08-29,10OB001,20.299999237060547,
2004-09-29,10OB001,7.659999847412109,B
2005-05-29,10OB001,285.0,B
2005-06-29,10OB001,72.69999694824219,
2005-07-29,10OB001,25.700000762939453,
2005-08-29,10OB001,,
2006-06-29,10OB001,127.0,
2006-07-29,10OB001,26.299999237060547,
2006-08-29,10OB001,34.20000076293945,
2006-09-29,10OB001,47.29999923706055,
2006-10-29,10OB001,,
2007-06-29,10OB001,189.0,
2007-07-29,10OB001,33.599998474121094,
2007-08-29,10OB001,14.699999809265137,
2007-09-29,10OB001,6.699999809265137,B
2008-05-29,10OB001,304.0,B
2008-06-29,10OB001,136.0,
2008-07-29,10OB001,57.59999847412109,
2008-08-29,10OB001,43.400001525878906,
2008-09-29,10OB001,12.699999809265137,
2008-10-29,10OB001,,
2010-06-29,10OB001,139.0,
2010-07-29,10OB001,54.79999923706055,
2010-08-29,10OB001,216.0,A
2010-09-29,10OB001,26.899999618530277,B
2011-06-29,10OB001,298.0,
2011-07-29,10OB001,41.79999923706055,
2011-08-29,10OB001,297.0,
2011-09-29,10OB001,70.5,
2011-10-29,10OB001,,
2012-05-29,10OB001,1300.0,
2012-06-29,10OB001,72.4000015258789,
2012-07-29,10OB001,25.299999237060547,
2012-08-29,10OB001,33.70000076293945,
2012-09-29,10OB001,64.5999984741211,
2012-10-29,10OB001,,
2013-01-29,10OB001,0.0,
2013-06-29,10OB001,118.0,
2013-07-29,10OB001,29.799999237060547,
2013-08-29,10OB001,14.899999618530272,
2013-09-29,10OB001,70.0,
2013-10-29,10OB001,,
2014-01-29,10OB001,0.0,
2014-03-29,10OB001,,
2014-06-29,10OB001,,
2014-08-29,10OB001,,
2014-09-29,10OB001,15.300000190734863,
2014-10-29,10OB001,1.7599999904632568,B
2015-01-29,10OB001,0.181999996304512,A
2015-06-29,10OB001,167.0,
2015-07-29,10OB001,52.900001525878906,
2015-08-29,10OB001,189.0,
2015-09-29,10OB001,,
2016-06-29,10OB001,67.19999694824219,
2016-07-29,10OB001,46.09999847412109,
2016-08-29,10OB001,34.79999923706055,
2016-09-29,10OB001,41.70000076293945,B
2017-06-29,10OB001,108.0,
2017-07-29,10OB001,31.399999618530277,
2017-08-29,10OB001,218.0,
2017-09-29,10OB001,214.0,
2017-10-29,10OB001,,
2018-06-29,10OB001,241.0,
2018-07-29,10OB001,98.5,
2018-08-29,10OB001,131.0,A
2018-09-29,10OB001,,
1999-04-30,10OB001,0.0,B
1999-05-30,10OB001,5.0,B
1999-06-30,10OB001,106.0,
1999-07-30,10OB001,64.5,
1999-08-30,10OB001,17.5,
1999-09-30,10OB001,58.79999923706055,
1999-10-30,10OB001,,
2000-01-30,10OB001,0.0,B
2000-03-30,10OB001,0.0,B
2000-04-30,10OB001,0.0,B
2000-05-30,10OB001,0.0,B
2000-06-30,10OB001,448.0,E
2000-07-30,10OB001,66.30000305175781,
2000-08-30,10OB001,178.0,
2000-09-30,10OB001,,
2001-06-30,10OB001,414.0,
2001-07-30,10OB001,32.599998474121094,
2001-08-30,10OB001,34.79999923706055,
2001-09-30,10OB001,,
2002-06-30,10OB001,221.0,
2002-07-30,10OB001,29.5,
2002-08-30,10OB001,38.29999923706055,
2002-09-30,10OB001,6.599999904632568,B
2003-06-30,10OB001,338.0,
2003-07-30,10OB001,31.0,
2003-08-30,10OB001,29.299999237060547,
2003-09-30,10OB001,17.899999618530273,
2003-10-30,10OB001,,
2004-05-30,10OB001,0.0,B
2004-06-30,10OB001,390.0,
2004-07-30,10OB001,25.799999237060547,
2004-08-30,10OB001,18.5,
2004-09-30,10OB001,5.179999828338623,B
2005-05-30,10OB001,540.0,B
2005-06-30,10OB001,67.5,
2005-07-30,10OB001,25.100000381469727,
2005-08-30,10OB001,,
2006-06-30,10OB001,118.0,
2006-07-30,10OB001,24.700000762939453,
2006-08-30,10OB001,32.400001525878906,
2006-09-30,10OB001,41.5,
2006-10-30,10OB001,,
2007-06-30,10OB001,170.0,
2007-07-30,10OB001,31.5,
2007-08-30,10OB001,14.600000381469728,
2007-09-30,10OB001,6.300000190734863,B
2008-05-30,10OB001,363.0,
2008-06-30,10OB001,125.0,
2008-07-30,10OB001,54.0,
2008-08-30,10OB001,39.400001525878906,
2008-09-30,10OB001,10.600000381469728,
2008-10-30,10OB001,,
2010-06-30,10OB001,127.0,A
2010-07-30,10OB001,56.400001525878906,E
2010-08-30,10OB001,193.0,A
2010-09-30,10OB001,22.0,B
2011-06-30,10OB001,245.0,
2011-07-30,10OB001,39.79999923706055,
2011-08-30,10OB001,471.0,
2011-09-30,10OB001,67.80000305175781,
2011-10-30,10OB001,,
2012-05-30,10OB001,2290.0,E
2012-06-30,10OB001,65.5,
2012-07-30,10OB001,24.799999237060547,
2012-08-30,10OB001,36.0,
2012-09-30,10OB001,67.5,
2012-10-30,10OB001,,
2013-01-30,10OB001,0.0,A
2013-06-30,10OB001,110.0,
2013-07-30,10OB001,55.29999923706055,
2013-08-30,10OB001,14.699999809265137,
2013-09-30,10OB001,68.5999984741211,
2013-10-30,10OB001,,
2014-01-30,10OB001,0.0,
2014-03-30,10OB001,,
2014-06-30,10OB001,,
2014-08-30,10OB001,,
2014-09-30,10OB001,9.880000114440918,
2014-10-30,10OB001,1.6799999475479126,B
2015-01-30,10OB001,0.15800000727176666,
2015-06-30,10OB001,172.0,
2015-07-30,10OB001,50.20000076293945,
2015-08-30,10OB001,186.0,
2015-09-30,10OB001,,
2016-06-30,10OB001,61.70000076293945,
2016-07-30,10OB001,47.09999847412109,
2016-08-30,10OB001,37.0,
2016-09-30,10OB001,27.399999618530277,B
2017-06-30,10OB001,101.0,
2017-07-30,10OB001,29.299999237060547,
2017-08-30,10OB001,188.0,
2017-09-30,10OB001,234.0,
2017-10-30,10OB001,,
2018-06-30,10OB001,227.0,
2018-07-30,10OB001,94.1999969482422,
2018-08-30,10OB001,129.0,A
2018-09-30,10OB001,,
1999-05-31,10OB001,8.5,B
1999-07-31,10OB001,53.5,
1999-08-31,10OB001,17.299999237060547,
1999-10-31,10OB001,,
2000-01-31,10OB001,0.0,B
2000-03-31,10OB001,0.0,B
2000-05-31,10OB001,0.014999999664723871,B
2000-07-31,10OB001,62.20000076293945,
2000-08-31,10OB001,162.0,
2001-07-31,10OB001,31.700000762939453,
2001-08-31,10OB001,32.70000076293945,
2002-07-31,10OB001,27.899999618530277,
2002-08-31,10OB001,37.900001525878906,
2003-07-31,10OB001,27.799999237060547,
2003-08-31,10OB001,30.799999237060547,
2003-10-31,10OB001,,
2004-05-31,10OB001,0.0,B
2004-07-31,10OB001,28.799999237060547,
2004-08-31,10OB001,17.0,
2005-05-31,10OB001,1150.0,B
2005-07-31,10OB001,23.200000762939453,
2005-08-31,10OB001,,
2006-07-31,10OB001,23.299999237060547,
2006-08-31,10OB001,30.700000762939453,
2006-10-31,10OB001,,
2007-07-31,10OB001,28.100000381469727,
2007-08-31,10OB001,14.199999809265137,
2008-05-31,10OB001,427.0,
2008-07-31,10OB001,63.20000076293945,
2008-08-31,10OB001,48.59999847412109,
2008-10-31,10OB001,,
2010-07-31,10OB001,60.5,
2010-08-31,10OB001,183.0,A
2011-07-31,10OB001,36.900001525878906,
2011-08-31,10OB001,515.0,
2011-10-31,10OB001,,
2012-05-31,10OB001,2480.0,E
2012-07-31,10OB001,22.899999618530277,
2012-08-31,10OB001,41.0,
2012-10-31,10OB001,,
2013-01-31,10OB001,0.0,A
2013-07-31,10OB001,66.19999694824219,
2013-08-31,10OB001,23.5,
2013-10-31,10OB001,,
2014-01-31,10OB001,0.0,
2014-03-31,10OB001,,
2014-08-31,10OB001,,
2014-10-31,10OB001,1.5800000429153442,B
2015-01-31,10OB001,0.02199999988079071,
2015-07-31,10OB001,61.900001525878906,
2015-08-31,10OB001,167.0,
2016-07-31,10OB001,67.80000305175781,
2016-08-31,10OB001,45.400001525878906,
2017-07-31,10OB001,27.299999237060547,
2017-08-31,10OB001,171.0,A
2017-10-31,10OB001,,
2018-07-31,10OB001,90.8000030517578,
2018-08-31,10OB001,127.0,A
