date,earlier_flow,later_flow,delta_cms,delta_percent
2023-04-12,0.843999981880188,0.8410000205039978,-0.0029999613761901855,-0.3554456683170939
2023-04-13,0.7559999823570251,0.7490000128746033,-0.006999969482421875,-0.9259219108177308
2023-04-14,0.6819999814033508,0.6759999990463257,-0.0059999823570251465,-0.879762832937178
2023-04-15,0.6079999804496765,0.6010000109672546,-0.006999969482421875,-1.1513108071557339
2023-04-16,0.550000011920929,0.5440000295639038,-0.0059999823570251465,-1.0909058594507335
2023-04-17,0.9279999732971193,0.9200000166893004,-0.007999956607818826,-0.8620643144412534
2023-04-18,2.369999885559082,2.359999895095825,-0.009999990463256836,-0.4219405462501886
2023-04-19,1.309999942779541,1.2999999523162842,-0.009999990463256836,-0.7633580839735752
2023-04-20,0.921999990940094,0.912999987602234,-0.009000003337859996,-0.9761392002491638
2023-04-21,0.753000020980835,0.7450000047683716,-0.008000016212463379,-1.062419122119386
2023-04-22,0.640999972820282,0.6340000033378601,-0.006999969482421875,-1.0920389671193427
2023-04-23,0.8240000009536743,0.8159999847412109,-0.008000016212463379,-0.9708757528160663
2023-04-24,1.850000023841858,1.840000033378601,-0.009999990463256836,-0.5405400180747055
2023-04-25,1.8899999856948853,1.8799999952316284,-0.009999990463256836,-0.5291000285156192
2023-04-26,1.0299999713897705,1.0199999809265137,-0.009999990463256836,-0.9708728874782327
2023-04-27,0.9810000061988832,0.972000002861023,-0.009000003337860218,-0.9174315271141397
2023-04-28,0.7689999938011169,0.7609999775886536,-0.008000016212463379,-1.0403142102667413
2023-04-29,0.6359999775886536,0.6299999952316284,-0.0059999823570251465,-0.9433934856057121
2023-04-30,0.5590000152587891,0.5529999732971191,-0.006000041961669922,-1.073352736652825
2023-05-01,0.6919999718666077,0.6850000023841858,-0.006999969482421875,-1.011556324711992
2023-05-02,1.2200000286102295,1.2100000381469729,-0.009999990463256614,-0.8196713302251447
2023-05-03,1.100000023841858,1.090000033378601,-0.009999990463256836,-0.9090900224102623
2023-05-04,0.8410000205039978,0.8330000042915344,-0.008000016212463379,-0.9512504182424512
2023-05-05,0.640999972820282,0.6349999904632568,-0.0059999823570251465,-0.9360347287732833
2023-05-06,0.5490000247955322,0.5429999828338623,-0.006000041961669922,-1.0929037687939192
2023-05-07,0.4659999907016754,0.460999995470047,-0.004999995231628418,-1.0729603715441536
2023-05-08,0.3919999897480011,0.3880000114440918,-0.003999978303909302,-1.0204026552349414
2023-05-09,0.3269999921321869,0.3240000009536743,-0.0029999911785125732,-0.9174285170318454
2023-05-10,0.3050000071525574,0.29899999499320984,-0.006000012159347534,-1.9672170552921986
2023-05-11,0.257999986410141,0.25200000405311584,-0.0059999823570251465,-2.3255746794835144
2023-05-12,0.23499999940395355,0.23000000417232516,-0.00499999523162839,-2.1276575507703055
2023-05-13,0.21299999952316284,0.2080000042915344,-0.004999995231628446,-2.3474156069585894
2023-05-14,0.16699999570846558,0.16200000047683716,-0.004999995231628418,-2.994009197675062
2023-05-15,0.13899999856948853,0.13500000536441803,-0.003999993205070496,-2.877692982903758
2023-05-16,0.14000000059604645,0.13600000739097595,-0.003999993205070496,-2.85713799145759
2023-05-17,0.13500000536441803,0.13099999725818634,-0.0040000081062316895,-2.9629688498412254
2023-05-18,0.12600000202655792,0.12300000339746477,-0.0029999986290931563,-2.3809512546363494
2023-05-19,0.11599999666213988,0.1120000034570694,-0.003999993205070482,-3.4482701035938916
2023-05-20,0.1169999986886978,0.11299999803304672,-0.004000000655651079,-3.418804017505924
2023-05-21,0.20000000298023224,0.19599999487400052,-0.004000008106231717,-2.000004023313476
2023-05-22,0.18700000643730164,0.18299999833106995,-0.0040000081062316895,-2.1390416944038093
2023-05-23,0.14100000262260437,0.13699999451637268,-0.0040000081062316895,-2.836885128958451
2023-05-24,0.12800000607967377,0.125,-0.003000006079673767,-2.3437546384227588
2023-05-25,0.14399999380111694,0.13899999856948853,-0.004999995231628418,-3.472219060324456
2023-05-26,0.12399999797344208,0.119999997317791,-0.004000000655651079,-3.225807033083812
2023-05-27,0.09399999678134918,0.090999998152256,-0.002999998629093184,-3.1914880125702543
2023-05-28,0.07699999958276749,0.07400000095367432,-0.00299999862909317,-3.8961021368168507
2023-05-29,0.06800000369548798,0.06499999761581421,-0.003000006079673767,-4.411773406819428
2023-05-30,0.04899999871850014,0.04699999839067459,-0.0020000003278255463,-4.081633428840149
2023-05-31,0.04399999976158142,0.0430000014603138,-0.000999998301267624,-2.272723424286861
2023-06-01,0.05000000074505806,0.04800000041723251,-0.0020000003278255463,-4.000000596046439
2023-06-02,0.05700000002980232,0.054999999701976776,-0.0020000003278255463,-3.508772503122545
2023-06-03,0.028999999165534973,0.02800000086426735,-0.000999998301267624,-3.448270103593903
2023-06-04,0.03400000184774399,0.032999999821186066,-0.0010000020265579224,-2.941182271212952
2023-06-06,0.03400000184774399,0.032999999821186066,-0.0010000020265579224,-2.941182271212952
2023-06-07,0.03700000047683716,0.03500000014901161,-0.0020000003278255463,-5.405406221758272
2023-06-08,0.04500000178813934,0.0430000014603138,-0.0020000003278255463,-4.444444996339281
2023-06-09,0.07100000232458115,0.06800000369548798,-0.00299999862909317,-4.225350043480957
2023-06-10,0.06800000369548798,0.06400000303983688,-0.0040000006556510925,-5.882353585690328
2023-06-11,0.052000001072883606,0.05000000074505806,-0.0020000003278255463,-3.846154397232281
2023-06-12,0.04699999839067459,0.04500000178813934,-0.001999996602535248,-4.255312065993758
2023-06-13,0.13600000739097595,0.13099999725818634,-0.005000010132789612,-3.6764778390161905
2023-06-14,0.2440000027418137,0.23600000143051147,-0.008000001311302213,-3.2786890251666674
2023-06-15,0.33000001311302185,0.3190000057220459,-0.011000007390975952,-3.333335440568166
2023-06-16,0.5239999890327454,0.5080000162124634,-0.015999972820281982,-3.053429991442638
2023-06-17,1.4500000476837158,1.409999966621399,-0.040000081062316895,-2.758626189441477
2023-06-18,1.3600000143051147,1.3300000429153442,-0.029999971389770508,-2.2058802260453536
2023-06-19,0.5789999961853027,0.5609999895095825,-0.018000006675720215,-3.1088094636117245
2023-06-20,0.39500001072883606,0.382999986410141,-0.012000024318695068,-3.0379807576595175
2023-06-21,0.2380000054836273,0.23000000417232516,-0.00800000131130213,-3.361345011335503
2023-06-22,0.14000000059604645,0.1340000033378601,-0.00599999725818634,-4.285712309029646
2023-06-23,0.10199999809265135,0.09700000286102296,-0.00499999523162839,-4.901956201103712
2023-06-24,2.509999990463257,2.470000028610229,-0.03999996185302779,-1.5936239842632516
2023-06-25,4.400000095367432,4.340000152587891,-0.059999942779541016,-1.3636350336153933
2023-06-26,1.0399999618530271,1.0099999904632568,-0.029999971389770286,-2.8846127394387238
2023-06-27,0.5239999890327454,0.5070000290870667,-0.01699995994567871,-3.244267233107969
2023-06-28,0.34599998593330383,0.33500000834465027,-0.010999977588653564,-3.179184403427681
2023-06-29,0.2639999985694885,0.2549999952316284,-0.009000003337860107,-3.4090921919043797
2023-06-30,0.23000000417232516,0.22200000286102292,-0.00800000131130224,-3.478261376599072
2023-07-01,0.35600000619888306,0.34599998593330383,-0.010000020265579224,-2.8089944077115017
2023-07-02,15.899999618530272,15.800000190734863,-0.09999942779540838,-0.6289272339281471
2023-07-03,4.559999942779541,4.5,-0.059999942779541016,-1.3157882353605501
2023-07-04,1.5099999904632568,1.4700000286102295,-0.039999961853027344,-2.649004112957355
2023-07-05,0.734000027179718,0.7129999995231628,-0.021000027656555176,-2.8610390843232727
2023-07-06,0.4779999852180481,0.4629999995231629,-0.014999985694885198,-3.138072418149279
2023-07-07,0.35600000619888306,0.3449999988079071,-0.011000007390975952,-3.089889662763288
2023-07-08,0.3240000009536743,0.3140000104904175,-0.009999990463256836,-3.0864168005624912
2023-07-09,0.3389999866485596,0.328000009059906,-0.01099997758865362,-3.2448312748924284
2023-07-10,3.2799999713897705,3.25,-0.029999971389770508,-0.9146332820563777
2023-07-11,17.200000762939453,17.100000381469727,-0.10000038146972656,-0.581397540895438
2023-07-12,6.050000190734863,5.980000019073486,-0.07000017166137695,-1.157027594289619
2023-07-13,2.0,1.950000047683716,-0.04999995231628396,-2.499997615814198
2023-07-14,1.1100000143051147,1.0800000429153442,-0.029999971389770508,-2.702700090373528
2023-07-15,0.7509999871253967,0.7289999723434448,-0.022000014781951904,-2.9294294486157555
2023-07-16,0.597000002861023,0.5789999961853027,-0.018000006675720215,-3.015076480646262
2023-07-17,0.5460000038146973,0.5289999842643738,-0.017000019550323486,-3.1135566724451875
2023-07-18,0.4650000035762787,0.44999998807907104,-0.015000015497207642,-3.2258097595362782
2023-07-19,0.4059999883174896,0.3930000066757202,-0.01299998164176941,-3.201966013753552
2023-07-20,0.3230000138282776,0.3129999935626984,-0.010000020265579168,-3.0959813738260897
2023-07-21,0.6480000019073486,0.6299999952316284,-0.018000006675720215,-2.7777787998052914
2023-07-22,2.690000057220459,2.640000104904175,-0.04999995231628418,-1.8587342473125619
2023-07-23,1.5399999618530271,1.5099999904632568,-0.029999971389770286,-1.9480501384995093
2023-07-24,0.7490000128746033,0.7269999980926514,-0.022000014781951904,-2.9372515892913773
2023-07-25,0.5,0.4850000143051148,-0.014999985694885198,-2.9999971389770397
2023-07-26,0.3880000114440918,0.375,-0.013000011444091797,-3.3505183146019086
2023-07-27,0.652999997138977,0.6340000033378601,-0.018999993801116943,-2.9096468429345492
2023-07-28,0.9639999866485596,0.9380000233650208,-0.02599996328353882,-2.6970916642779468
2023-07-29,0.6639999747276306,0.6439999938011169,-0.019999980926513672,-3.012045434898934
2023-07-30,0.6850000023841858,0.6639999747276306,-0.021000027656555176,-3.065697457439891
2023-07-31,0.4810000061988831,0.4659999907016754,-0.015000015497207697,-3.118506300186099
2023-08-01,0.35199999809265137,0.3400000035762787,-0.01199999451637268,-3.4090893697147444
2023-08-02,0.2750000059604645,0.2660000026226044,-0.009000003337860052,-3.272728415560086
2023-08-03,0.2370000034570694,0.2290000021457672,-0.008000001311302185,-3.3755279302142793
2023-08-04,0.27000001072883606,0.26100000739097595,-0.009000003337860107,-3.3333344371230074
2023-08-05,0.2669999897480011,0.257999986410141,-0.009000003337860107,-3.370787896416946
2023-08-06,0.2150000035762787,0.2080000042915344,-0.0069999992847442905,-3.2558135666545693
2023-08-07,0.17800000309944153,0.1720000058412552,-0.00599999725818634,-3.3707849178150746
2023-08-08,1.100000023841858,1.0700000524520874,-0.029999971389770508,-2.7272700672307866
2023-08-09,1.4600000381469729,1.4199999570846558,-0.04000008106231712,-2.7397315080268823
2023-08-10,1.9700000286102293,1.940000057220459,-0.029999971389770286,-1.522841165181824
2023-08-11,5.130000114440918,5.059999942779541,-0.07000017166137695,-1.3645257329395941
2023-08-12,1.309999942779541,1.2799999713897705,-0.029999971389770508,-2.290074251920726
2023-08-13,1.1200000047683716,1.090000033378601,-0.029999971389770508,-2.6785688626827135
2023-08-14,0.6380000114440918,0.6190000176429749,-0.018999993801116943,-2.9780554013018103
2023-08-15,0.4449999928474426,0.4309999942779541,-0.013999998569488525,-3.1460671448343334
2023-08-16,0.4320000112056732,0.4189999997615814,-0.013000011444091797,-3.0092618302971643
2023-08-17,0.5120000243186951,0.4959999918937683,-0.016000032424926758,-3.1250061845636785
2023-08-18,0.4070000052452088,0.39399999380111694,-0.013000011444091852,-3.1941059647553627
2023-08-19,1.2000000476837158,1.1699999570846558,-0.03000009059906006,-2.5000074505803007
2023-08-20,1.6699999570846558,1.6299999952316284,-0.039999961853027344,-2.3952073581400497
2023-08-21,0.7620000243186951,0.7400000095367432,-0.022000014781951904,-2.887140955359173
2023-08-22,0.4620000123977661,0.44699999690055847,-0.015000015497207642,-3.2467565140005115
2023-08-23,0.32899999618530273,0.3179999887943268,-0.011000007390975952,-3.343467330856872
2023-08-24,0.2669999897480011,0.257999986410141,-0.009000003337860107,-3.370787896416946
2023-08-25,0.3529999852180481,0.3409999907016754,-0.01199999451637268,-3.3994320166784946
2023-08-26,0.3499999940395355,0.3389999866485596,-0.011000007390975897,-3.1428593080871168
2023-08-27,0.36000001430511475,0.3490000069141388,-0.011000007390975952,-3.0555574871874853
2023-08-28,0.2980000078678131,0.2879999876022339,-0.010000020265579224,-3.3557114099188325
2023-08-29,0.3370000123977661,0.32600000500679016,-0.011000007390975952,-3.264097028575916
2023-08-30,2.0799999237060547,2.049999952316284,-0.029999971389770508,-1.442306369719372
2023-08-31,4.239999771118164,4.179999828338623,-0.059999942779541016,-1.415093066472453
2023-09-01,1.149999976158142,1.1200000047683716,-0.029999971389770508,-2.6086932184114295
2023-09-02,0.578000009059906,0.5600000023841858,-0.018000006675720215,-3.1141879573663864
2023-09-03,0.40400001406669617,0.3910000026226044,-0.013000011444091741,-3.2178245028341945
2023-09-04,0.3140000104904175,0.30399999022483826,-0.010000020265579224,-3.184719723404086
2023-09-05,0.2549999952316284,0.24699999392032623,-0.008000001311302185,-3.137255474862033
2023-09-06,0.22300000488758087,0.2150000035762787,-0.008000001311302185,-3.5874444555887606
2023-09-07,1.7799999713897705,1.7599999904632568,-0.019999980926513672,-1.1235944521335182
2023-09-08,2.299999952316284,2.25,-0.04999995231628418,-2.173911015342858
2023-09-09,0.944000005722046,0.9179999828338624,-0.026000022888183594,-2.7542396960365183
2023-09-10,1.1399999856948853,1.1200000047683716,-0.019999980926513672,-1.7543843138140667
2023-09-11,1.7000000476837158,1.659999966621399,-0.040000081062316895,-2.3529458788438156
2023-09-12,0.8809999823570251,0.8569999933242798,-0.02399998903274536,-2.7241758811998897
2023-09-13,1.5399999618530271,1.5,-0.03999996185302712,-2.597400184666017
2023-09-14,2.2799999713897705,2.240000009536743,-0.039999961853027344,-1.7543843138140667
2023-09-15,0.9169999957084656,0.8920000195503235,-0.02499997615814209,-2.7262787650099543
2023-09-16,0.6050000190734863,0.5870000123977661,-0.018000006675720215,-2.9752076211974208
2023-09-17,0.4699999988079071,0.4560000002384186,-0.013999998569488525,-2.978723107446313
2023-09-18,0.39500001072883606,0.382999986410141,-0.012000024318695068,-3.0379807576595175
2023-09-19,0.42500001192092896,0.4120000004768372,-0.013000011444091741,-3.058826136341471
2023-09-20,0.5950000286102295,0.5770000219345093,-0.018000006675720215,-3.02521106053788
2023-09-21,0.45100000500679016,0.4370000064373016,-0.013999998569488581,-3.1042125086623447
2023-09-22,0.3540000021457672,0.34299999475479126,-0.011000007390975952,-3.107346701779527
2023-09-23,0.30799999833106995,0.2980000078678131,-0.009999990463256836,-3.246750168000917
2023-09-24,0.28299999237060547,0.27399998903274536,-0.009000003337860107,-3.180213279325486
2023-09-25,0.2380000054836273,0.23000000417232516,-0.00800000131130213,-3.361345011335503
2023-09-26,0.22300000488758087,0.2160000056028366,-0.006999999284744263,-3.1390130633733007
2023-09-27,0.19499999284744263,0.1879999935626984,-0.006999999284744235,-3.589743354616763
2023-09-28,0.18700000643730164,0.18000000715255737,-0.006999999284744263,-3.743314996671543
2023-09-29,0.17599999904632568,0.17000000178813934,-0.00599999725818634,-3.4090893697147444
2023-09-30,0.16699999570846558,0.1599999964237213,-0.006999999284744263,-4.191616445885584
