STATION_NUMBER,DATA_TYPE,YEAR,PEAK_CODE,PRECISION_CODE,MONTH,DAY,HOUR,MINUTE,TIME_ZONE,PEAK,SYMBOL,CODE DESCRIPTION
05NG001,H,2002,H,8.0,7,9,13,55,CST,348.4389953613281, ,Maximum
05NG001,H,2002,L,8.0,10,31,9,20,CST,348.07598876953125, ,Minimum
05NG001,H,2003,L,8.0,9,5,7,0,CST,348.0249938964844, ,Minimum
05NG001,H,2004,H,8.0,7,14,10,45,CST,349.5820007324219, ,Maximum
05NG001,H,2004,L,8.0,3,19,3,40,CST,348.04901123046875, ,Minimum
05NG001,H,2005,H,8.0,4,3,0,30,CST,351.95098876953125,,Maximum
05NG001,H,2005,L,8.0,3,31,2,0,CST,348.1610107421875,,Minimum
05NG001,H,2006,H,8.0,4,4,1,50,CST,351.8729858398437,,Maximum
05NG001,H,2006,L,8.0,11,23,11,0,CST,347.9989929199219,,Minimum
05NG001,H,2007,H,8.0,3,26,6,50,CST,352.1669921875,,Maximum
05NG001,H,2007,L,8.0,11,17,6,40,CST,348.0260009765625,,Minimum
05NG001,H,2008,H,8.0,6,13,2,0,CST,348.34600830078125,,Maximum
05NG001,H,2008,L,8.0,11,18,12,0,CST,348.0119934082031,,Minimum
05NG001,H,2009,H,8.0,3,26,4,0,CST,352.2619934082031,,Maximum
05NG001,H,2009,L,8.0,11,24,11,0,CST,348.0539855957031,,Minimum
05NG001,H,2010,H,8.0,3,31,0,0,CST,349.5589904785156,,Maximum
05NG001,H,2010,L,8.0,3,17,3,0,CST,348.22900390625,,Minimum
05NG001,H,2011,H,8.0,7,6,9,50,CST,354.15899658203125, ,Maximum
05NG001,H,2011,L,8.0,11,19,0,40,CST,348.3949890136719, ,Minimum
05NG001,H,2012,H,8.0,1,24,9,15,CST,348.87701416015625, ,Maximum
05NG001,H,2012,L,8.0,11,10,11,40,CST,347.9349975585937, ,Minimum
05NG001,H,2013,H,8.0,4,30,4,35,CST,351.1199951171875,,Maximum
05NG001,H,2013,L,8.0,1,1,0,0,CST,348.0509948730469,,Minimum
05NG001,H,2014,H,8.0,7,6,9,0,CST,352.15301513671875,,Maximum
05NG001,H,2014,L,8.0,11,14,15,5,CST,348.2380065917969,,Minimum
05NG001,H,2015,H,8.0,4,1,2,25,CST,351.61700439453125,,Maximum
05NG001,H,2015,L,8.0,11,20,14,20,CST,347.99200439453125,,Minimum
05NG001,H,2016,H,8.0,7,10,13,45,CST,348.71600341796875,,Maximum
05NG001,H,2016,L,8.0,9,20,4,0,CST,347.9750061035156,,Minimum
05NG001,H,2017,L,8.0,11,6,13,30,CST,347.81201171875,,Minimum
05NG001,H,2018,H,8.0,6,15,6,15,CST,348.9049987792969, ,Maximum
05NG001,H,2019,H,8.0,10,19,5,55,CST,349.4840087890625, ,Maximum
05NG001,H,2019,L,8.0,1,26,15,35,CST,347.739013671875, ,Minimum
05NG001,H,2020,H,8.0,4,8,19,25,CST,349.8269958496094, ,Maximum
05NG001,H,2020,L,8.0,11,9,13,34,CST,347.739013671875, ,Minimum
05NG001,H,2021,L,8.0,8,9,2,58,CST,347.64801025390625, ,Minimum
05NG001,H,2022,H,8.0,6,15,0,10,CST,350.3340148925781, ,Maximum
05NG001,H,2023,L,8.0,9,4,7,45,CST,347.8729858398437, ,Minimum
05NG001,H,2024,L,8.0,11,22,11,20,CST,347.77099609375, ,Minimum
05NG001,Q,1960,H,,4,12,8,0,CST,263.0,,Maximum
05NG001,Q,1961,H,,4,7,19,0,CST,7.139999866485596,,Maximum
05NG001,Q,1963,H,,6,29,23,0,CST,15.300000190734863,,Maximum
05NG001,Q,1965,H,,7,22,2,30,CST,90.3000030517578,,Maximum
05NG001,Q,1968,H,,9,14,12,10,CST,8.130000114440918,,Maximum
05NG001,Q,1969,H,,4,22,12,0,CST,326.0,,Maximum
05NG001,Q,1970,H,,4,26,22,7,CST,143.0,,Maximum
05NG001,Q,1971,H,,4,16,13,15,CST,59.70000076293945,,Maximum
05NG001,Q,1972,H,,4,30,23,59,CST,99.4000015258789,,Maximum
05NG001,Q,1973,H,,5,27,13,53,CST,11.899999618530272,,Maximum
05NG001,Q,1975,H,,5,12,0,35,CST,259.0,,Maximum
05NG001,Q,1976,H,,4,11,0,0,CST,765.0,B,Maximum
05NG001,Q,1977,H,,5,4,22,30,CST,4.449999809265137,,Maximum
05NG001,Q,1978,H,,4,6,9,34,CST,48.70000076293945,,Maximum
05NG001,Q,1979,H,,5,26,4,30,CST,185.0,,Maximum
05NG001,Q,1980,H,,4,8,16,0,CST,12.300000190734863,,Maximum
05NG001,Q,1981,H,,3,18,15,35,CST,14.5,,Maximum
05NG001,Q,1982,H,,4,15,2,40,CST,125.0,B,Maximum
05NG001,Q,1983,H,,4,7,20,17,CST,143.0,B,Maximum
05NG001,Q,1984,H,,6,3,7,27,CST,28.799999237060547,,Maximum
05NG001,Q,1985,H,,3,26,1,30,CST,144.0,B,Maximum
05NG001,Q,1986,H,,5,7,6,36,CST,66.0,,Maximum
05NG001,Q,1987,H,,4,7,11,57,CST,102.0,B,Maximum
05NG001,Q,1988,H,,4,5,20,50,CST,6.659999847412109,B,Maximum
05NG001,Q,1989,H,,4,5,1,58,CST,128.0,B,Maximum
05NG001,Q,1990,H,,4,2,16,22,CST,26.200000762939453,B,Maximum
05NG001,Q,1991,H,,6,26,19,6,CST,41.29999923706055,,Maximum
05NG001,Q,1991,L,,6,24,18,13,CST,0.008999999612569809,,Minimum
05NG001,Q,1992,L,,9,17,0,41,CST,0.0,,Minimum
05NG001,Q,1993,H,,3,28,19,30,CST,10.800000190734863,B,Maximum
05NG001,Q,1993,L,,2,27,14,50,CST,0.020999999716877937,B,Minimum
05NG001,Q,1994,H,,3,22,15,52,CST,28.0,B,Maximum
05NG001,Q,1994,L,,1,5,6,54,CST,0.4309999942779541,B,Minimum
05NG001,Q,1995,H,,4,14,5,56,CST,327.0,,Maximum
05NG001,Q,1996,H,,4,16,8,0,CST,284.0,,Maximum
05NG001,Q,1997,H,,4,17,23,59,CST,190.0,,Maximum
05NG001,Q,1998,H,,4,5,1,21,CST,209.0,,Maximum
05NG001,Q,1998,L,,1,18,18,0,CST,0.49900001287460327,B,Minimum
05NG001,Q,1999,H,,5,22,23,31,CST,279.0, ,Maximum
05NG001,Q,2000,H,,7,12,8,0,CST,22.899999618530277, ,Maximum
05NG001,Q,2000,L,,2,13,6,39,CST,1.2599999904632568,B,Minimum
05NG001,Q,2001,H,,4,11,9,2,CST,228.0, ,Maximum
05NG001,Q,2002,H,,7,9,13,55,CST,8.619999885559082, ,Maximum
05NG001,Q,2004,H,,7,14,10,45,CST,70.80000305175781, ,Maximum
05NG001,Q,2004,L,,1,29,7,0,CST,0.10199999809265135,B,Minimum
05NG001,Q,2005,H,,4,3,5,0,CST,219.0,B,Maximum
05NG001,Q,2005,L,,3,11,4,0,CST,0.4110000133514404,B,Minimum
05NG001,Q,2006,L,,12,28,18,5,CST,0.17000000178813934,B,Minimum
05NG001,Q,2009,H,,5,6,5,0,CST,174.0, ,Maximum
05NG001,Q,2010,H,,7,3,6,0,CST,67.5, ,Maximum
05NG001,Q,2011,H,,7,6,9,50,CST,797.0, ,Maximum
05NG001,Q,2012,H,,5,9,9,50,CST,25.299999237060547, ,Maximum
05NG001,Q,2013,H,,6,26,16,5,CST,218.0,,Maximum
05NG001,Q,2014,H,,7,8,14,20,CST,424.0,,Maximum
05NG001,Q,2015,H,,4,11,14,20,CST,102.0,,Maximum
05NG001,Q,2016,H,,7,10,11,55,CST,29.600000381469727,,Maximum
05NG001,Q,2019,H,,10,19,5,55,CST,88.5, ,Maximum
05NG001,Q,2021,H,,6,13,17,13,CST,3.140000104904175, ,Maximum
05NG001,Q,2022,H,,6,15,0,10,CST,205.0, ,Maximum
05NG001,Q,2022,L,,1,9,6,33,CST,0.16699999570846558,B,Minimum
05NG001,Q,2024,H,,5,26,1,30,CST,39.0, ,Maximum
