date,STATION_NUMBER,water_level_m,quality_symbol
2012-03-01,05AA033,,
2012-04-01,05AA033,7.949999809265137,
2012-05-01,05AA033,7.881999969482422,
2012-06-01,05AA033,7.820000171661377,
2012-07-01,05AA033,8.017000198364258,
2012-08-01,05AA033,7.925000190734863,
2012-09-01,05AA033,,
2012-10-01,05AA033,,
2013-03-01,05AA033,,
2013-04-01,05AA033,8.027999877929688,
2013-05-01,05AA033,8.059000015258789,A
2013-06-01,05AA033,8.019000053405762,
2013-07-01,05AA033,7.960999965667725,
2013-08-01,05AA033,7.900000095367432,
2013-09-01,05AA033,7.89900016784668,
2013-10-01,05AA033,7.908999919891357,
2014-03-01,05AA033,,
2014-04-01,05AA033,8.020999908447266,
2014-05-01,05AA033,8.071000099182129,
2014-06-01,05AA033,7.986999988555908,
2014-07-01,05AA033,8.045000076293945,
2014-08-01,05AA033,7.879000186920166,
2014-09-01,05AA033,7.940999984741211,
2014-10-01,05AA033,7.99399995803833,
2015-02-01,05AA033,,
2015-03-01,05AA033,8.032999992370605,
2015-04-01,05AA033,8.08899974822998,
2015-05-01,05AA033,8.03600025177002,
2015-06-01,05AA033,8.144000053405762,
2015-07-01,05AA033,7.900000095367432,
2015-08-01,05AA033,7.790999889373779,A
2015-09-01,05AA033,,
2016-02-01,05AA033,,
2016-03-01,05AA033,7.989999771118164,
2016-04-01,05AA033,8.048999786376953,
2016-05-01,05AA033,7.883999824523926,
2016-06-01,05AA033,8.020000457763672,
2016-08-01,05AA033,,
2017-03-01,05AA033,,
2017-04-01,05AA033,8.112000465393066,
2017-05-01,05AA033,8.083999633789062,
2017-06-01,05AA033,8.043999671936035,
2017-07-01,05AA033,7.98799991607666,
2018-03-01,05AA033,,
2018-04-01,05AA033,,
2018-05-01,05AA033,8.192000389099121,A
2018-06-01,05AA033,8.017000198364258,
2018-07-01,05AA033,8.00100040435791,
2019-03-01,05AA033,,
2019-04-01,05AA033,8.12399959564209,
2019-05-01,05AA033,8.071000099182129,
2019-06-01,05AA033,8.201000213623047,
2019-07-01,05AA033,7.993000030517578,
2019-08-01,05AA033,7.964000225067139,
2019-09-01,05AA033,,
2019-10-01,05AA033,7.966000080108643,
2020-02-01,05AA033,,
2020-03-01,05AA033,8.045000076293945,
2020-04-01,05AA033,8.092000007629395,
2020-05-01,05AA033,8.062999725341797,
2020-06-01,05AA033,8.0,
2020-07-01,05AA033,8.345999717712402,
2020-08-01,05AA033,7.894999980926514,
2020-09-01,05AA033,,
2021-02-01,05AA033,,
2021-03-01,05AA033,8.076000213623047,
2021-04-01,05AA033,7.968999862670898,
2021-05-01,05AA033,7.959000110626221,
2021-06-01,05AA033,7.931000232696533,
2021-07-01,05AA033,7.86299991607666,
2021-08-01,05AA033,,
2021-09-01,05AA033,7.75600004196167,
2021-10-01,05AA033,,
2022-03-01,05AA033,,
2022-04-01,05AA033,7.968999862670898,
2022-05-01,05AA033,7.951000213623047,
2022-06-01,05AA033,7.895999908447266,
2022-07-01,05AA033,7.88700008392334,
2022-08-01,05AA033,7.788000106811523,
2022-09-01,05AA033,,
2022-10-01,05AA033,7.736000061035156,A
2023-03-01,05AA033,,
2023-04-01,05AA033,7.900000095367432,
2023-05-01,05AA033,8.015000343322754,
2023-06-01,05AA033,7.883999824523926,
2023-07-01,05AA033,7.863999843597412,
2023-08-01,05AA033,,
2023-09-01,05AA033,7.814000129699707,A
2023-10-01,05AA033,7.914999961853027,
2012-03-02,05AA033,,
2012-04-02,05AA033,7.933000087738037,
2012-05-02,05AA033,7.870999813079834,
2012-06-02,05AA033,7.816999912261963,
2012-07-02,05AA033,8.005999565124512,
2012-08-02,05AA033,7.922999858856201,
2012-09-02,05AA033,,
2012-10-02,05AA033,7.99399995803833,A
2013-03-02,05AA033,8.041999816894531,A
2013-04-02,05AA033,8.034000396728516,
2013-05-02,05AA033,8.062999725341797,
2013-06-02,05AA033,8.020000457763672,
2013-07-02,05AA033,7.942999839782715,
2013-08-02,05AA033,8.102999687194824,
2013-09-02,05AA033,7.888999938964844,
2013-10-02,05AA033,7.910999774932861,
2014-03-02,05AA033,,
2014-04-02,05AA033,8.0600004196167,
2014-05-02,05AA033,8.065999984741211,
2014-06-02,05AA033,7.982999801635742,
2014-07-02,05AA033,8.081999778747559,
2014-08-02,05AA033,7.876999855041504,
2014-09-02,05AA033,7.921000003814697,
2014-10-02,05AA033,8.055000305175781,
2015-02-02,05AA033,,
2015-03-02,05AA033,8.032999992370605,
2015-04-02,05AA033,8.083000183105469,
2015-05-02,05AA033,8.034000396728516,
2015-06-02,05AA033,8.185999870300293,
2015-07-02,05AA033,7.89900016784668,
2015-08-02,05AA033,,
2015-09-02,05AA033,,
2016-02-02,05AA033,,
2016-03-02,05AA033,7.994999885559082,
2016-04-02,05AA033,8.031999588012695,
2016-05-02,05AA033,7.88700008392334,
2016-06-02,05AA033,7.99399995803833,
2016-08-02,05AA033,,
2017-03-02,05AA033,,
2017-04-02,05AA033,8.109999656677246,
2017-05-02,05AA033,8.069000244140625,
2017-06-02,05AA033,8.031000137329102,
2017-07-02,05AA033,7.982999801635742,
2018-03-02,05AA033,,
2018-04-02,05AA033,,
2018-05-02,05AA033,8.185999870300293,A
2018-06-02,05AA033,8.01200008392334,
2018-07-02,05AA033,8.0,
2019-03-02,05AA033,,
2019-04-02,05AA033,8.119000434875488,
2019-05-02,05AA033,8.069999694824219,
2019-06-02,05AA033,8.154000282287598,
2019-07-02,05AA033,7.98799991607666,
2019-08-02,05AA033,7.927999973297119,
2019-09-02,05AA033,,
2019-10-02,05AA033,7.967000007629394,
2020-02-02,05AA033,,
2020-03-02,05AA033,8.038000106811523,
2020-04-02,05AA033,8.071999549865723,
2020-05-02,05AA033,8.053000450134277,
2020-06-02,05AA033,7.98799991607666,
2020-07-02,05AA033,8.144000053405762,
2020-08-02,05AA033,7.919000148773193,
2020-09-02,05AA033,,
2021-02-02,05AA033,,
2021-03-02,05AA033,8.055999755859375,
2021-04-02,05AA033,7.973999977111816,
2021-05-02,05AA033,7.953999996185303,
2021-06-02,05AA033,7.926000118255615,
2021-07-02,05AA033,7.854000091552734,
2021-08-02,05AA033,,
2021-09-02,05AA033,7.73799991607666,
2021-10-02,05AA033,,
2022-03-02,05AA033,,
2022-04-02,05AA033,7.967000007629394,
2022-05-02,05AA033,7.953000068664551,
2022-06-02,05AA033,7.89300012588501,
2022-07-02,05AA033,7.883999824523926,
2022-08-02,05AA033,7.763000011444092,
2022-09-02,05AA033,,
2022-10-02,05AA033,,
2023-03-02,05AA033,,
2023-04-02,05AA033,7.875,
2023-05-02,05AA033,8.006999969482422,
2023-06-02,05AA033,7.885000228881836,
2023-07-02,05AA033,7.85699987411499,
2023-08-02,05AA033,,
2023-09-02,05AA033,,
2023-10-02,05AA033,7.88100004196167,
2012-03-03,05AA033,,
2012-04-03,05AA033,7.921000003814697,
2012-05-03,05AA033,7.86899995803833,
2012-06-03,05AA033,7.809000015258789,
2012-07-03,05AA033,8.006999969482422,A
2012-08-03,05AA033,7.967999935150146,
2012-09-03,05AA033,,
2012-10-03,05AA033,7.863999843597412,
2013-03-03,05AA033,8.03499984741211,
2013-04-03,05AA033,8.036999702453613,
2013-05-03,05AA033,8.07699966430664,
2013-06-03,05AA033,8.053999900817871,
2013-07-03,05AA033,7.927000045776367,
2013-08-03,05AA033,8.055000305175781,
2013-09-03,05AA033,7.879000186920166,
2013-10-03,05AA033,7.916999816894531,
2014-03-03,05AA033,,
2014-04-03,05AA033,8.154000282287598,
2014-05-03,05AA033,8.10200023651123,
2014-06-03,05AA033,7.992000102996826,
2014-07-03,05AA033,8.086999893188477,
2014-08-03,05AA033,7.874000072479248,
2014-09-03,05AA033,8.041000366210938,
2014-10-03,05AA033,8.062000274658203,
2015-02-03,05AA033,,
2015-03-03,05AA033,8.031000137329102,
2015-04-03,05AA033,8.081000328063965,
2015-05-03,05AA033,8.032999992370605,
2015-06-03,05AA033,8.260000228881836,
2015-07-03,05AA033,7.8979997634887695,
2015-08-03,05AA033,,
2015-09-03,05AA033,,
2016-02-03,05AA033,,
2016-03-03,05AA033,7.98199987411499,
2016-04-03,05AA033,8.017000198364258,
2016-05-03,05AA033,7.888999938964844,
2016-06-03,05AA033,7.986000061035156,
2016-08-03,05AA033,,
2017-03-03,05AA033,8.418000221252441,A
2017-04-03,05AA033,8.109000205993652,
2017-05-03,05AA033,8.057999610900879,
2017-06-03,05AA033,8.008999824523926,
2017-07-03,05AA033,7.9770002365112305,
2018-03-03,05AA033,,
2018-04-03,05AA033,,
2018-05-03,05AA033,8.175000190734863,A
2018-06-03,05AA033,7.999000072479248,
2018-07-03,05AA033,8.003000259399414,
2019-03-03,05AA033,,
2019-04-03,05AA033,8.11299991607666,
2019-05-03,05AA033,8.071999549865723,
2019-06-03,05AA033,8.12600040435791,
2019-07-03,05AA033,7.984000205993652,
2019-08-03,05AA033,7.913000106811523,
2019-09-03,05AA033,,
2019-10-03,05AA033,7.967000007629394,
2020-02-03,05AA033,,
2020-03-03,05AA033,8.057999610900879,
2020-04-03,05AA033,8.059000015258789,
2020-05-03,05AA033,8.045999526977539,
2020-06-03,05AA033,7.9770002365112305,
2020-07-03,05AA033,8.081999778747559,
2020-08-03,05AA033,7.895999908447266,
2020-09-03,05AA033,,
2021-02-03,05AA033,,
2021-03-03,05AA033,8.04800033569336,
2021-04-03,05AA033,7.980000019073486,
2021-05-03,05AA033,7.951000213623047,
2021-06-03,05AA033,7.918000221252441,
2021-07-03,05AA033,7.841000080108643,
2021-08-03,05AA033,,
2021-09-03,05AA033,7.71999979019165,
2021-10-03,05AA033,,
2022-03-03,05AA033,,
2022-04-03,05AA033,7.964000225067139,
2022-05-03,05AA033,7.949999809265137,
2022-06-03,05AA033,7.892000198364258,
2022-07-03,05AA033,7.955999851226807,
2022-08-03,05AA033,7.741000175476074,A
2022-09-03,05AA033,,
2022-10-03,05AA033,,
2023-03-03,05AA033,,
2023-04-03,05AA033,7.939000129699707,
2023-05-03,05AA033,7.995999813079834,
2023-06-03,05AA033,7.880000114440918,
2023-07-03,05AA033,7.848000049591064,
2023-08-03,05AA033,,
2023-09-03,05AA033,,
2023-10-03,05AA033,7.874000072479248,
2012-03-04,05AA033,7.853000164031982,A
2012-04-04,05AA033,7.947999954223633,
2012-05-04,05AA033,7.866000175476074,
2012-06-04,05AA033,7.804999828338623,
2012-07-04,05AA033,8.0,
2012-08-04,05AA033,7.936999797821045,
2012-09-04,05AA033,,
2012-10-04,05AA033,,
2013-03-04,05AA033,7.991000175476074,
2013-04-04,05AA033,8.024999618530273,
2013-05-04,05AA033,8.097000122070312,
2013-06-04,05AA033,8.083000183105469,
2013-07-04,05AA033,7.919000148773193,
2013-08-04,05AA033,8.03499984741211,
2013-09-04,05AA033,7.873000144958496,
2013-10-04,05AA033,7.926000118255615,
2014-03-04,05AA033,,
2014-04-04,05AA033,8.204000473022461,
2014-05-04,05AA033,8.13599967956543,
2014-06-04,05AA033,7.989999771118164,
2014-07-04,05AA033,8.083999633789062,
2014-08-04,05AA033,7.872000217437744,
2014-09-04,05AA033,8.048999786376953,
2014-10-04,05AA033,8.100000381469727,
2015-02-04,05AA033,,
2015-03-04,05AA033,8.02299976348877,
2015-04-04,05AA033,8.079999923706055,
2015-05-04,05AA033,8.029999732971191,
2015-06-04,05AA033,8.17300033569336,
2015-07-04,05AA033,7.895999908447266,
2015-08-04,05AA033,,
2015-09-04,05AA033,,
2016-02-04,05AA033,,
2016-03-04,05AA033,7.979000091552734,
2016-04-04,05AA033,8.005999565124512,
2016-05-04,05AA033,7.888000011444092,
2016-06-04,05AA033,7.953000068664551,
2016-08-04,05AA033,,
2017-03-04,05AA033,8.46399974822998,
2017-04-04,05AA033,8.093000411987305,
2017-05-04,05AA033,8.048999786376953,
2017-06-04,05AA033,7.989999771118164,
2017-07-04,05AA033,7.96999979019165,
2018-03-04,05AA033,,
2018-04-04,05AA033,,
2018-05-04,05AA033,8.166000366210938,
2018-06-04,05AA033,7.99399995803833,
2018-07-04,05AA033,8.0,
2019-03-04,05AA033,,
2019-04-04,05AA033,8.12399959564209,
2019-05-04,05AA033,8.062999725341797,
2019-06-04,05AA033,8.107000350952148,
2019-07-04,05AA033,7.98199987411499,
2019-08-04,05AA033,7.883999824523926,
2019-09-04,05AA033,,
2019-10-04,05AA033,7.96999979019165,
2020-02-04,05AA033,,
2020-03-04,05AA033,8.059000015258789,
2020-04-04,05AA033,8.032999992370605,
2020-05-04,05AA033,8.036999702453613,
2020-06-04,05AA033,7.968999862670898,
2020-07-04,05AA033,8.04800033569336,
2020-08-04,05AA033,7.889999866485596,
2020-09-04,05AA033,,
2021-02-04,05AA033,,
2021-03-04,05AA033,8.041999816894531,
2021-04-04,05AA033,7.986999988555908,
2021-05-04,05AA033,7.947000026702881,
2021-06-04,05AA033,7.910999774932861,
2021-07-04,05AA033,7.824999809265137,
2021-08-04,05AA033,,
2021-09-04,05AA033,7.686999797821045,A
2021-10-04,05AA033,,
2022-03-04,05AA033,,
2022-04-04,05AA033,7.966000080108643,
2022-05-04,05AA033,7.947999954223633,
2022-06-04,05AA033,7.89300012588501,
2022-07-04,05AA033,7.951000213623047,
2022-08-04,05AA033,,
2022-09-04,05AA033,,
2022-10-04,05AA033,,
2023-03-04,05AA033,,
2023-04-04,05AA033,7.949999809265137,
2023-05-04,05AA033,7.997000217437744,
2023-06-04,05AA033,7.876999855041504,
2023-07-04,05AA033,7.834000110626221,
2023-08-04,05AA033,,
2023-09-04,05AA033,,
2023-10-04,05AA033,7.867000102996826,
2012-03-05,05AA033,7.854000091552734,
2012-04-05,05AA033,7.951000213623047,
2012-05-05,05AA033,7.890999794006348,
2012-06-05,05AA033,7.860000133514404,
2012-07-05,05AA033,7.992000102996826,
2012-08-05,05AA033,7.927000045776367,
2012-09-05,05AA033,,
2012-10-05,05AA033,,
2013-03-05,05AA033,7.98199987411499,
2013-04-05,05AA033,8.02299976348877,
2013-05-05,05AA033,8.07699966430664,
2013-06-05,05AA033,8.074999809265137,
2013-07-05,05AA033,7.920000076293945,
2013-08-05,05AA033,8.092000007629395,
2013-09-05,05AA033,7.86899995803833,
2013-10-05,05AA033,7.913000106811523,
2014-03-05,05AA033,,
2014-04-05,05AA033,8.222000122070312,
2014-05-05,05AA033,8.197999954223633,
2014-06-05,05AA033,7.985000133514404,
2014-07-05,05AA033,8.07699966430664,
2014-08-05,05AA033,7.880000114440918,
2014-09-05,05AA033,8.031000137329102,
2014-10-05,05AA033,8.08899974822998,
2015-02-05,05AA033,,
2015-03-05,05AA033,8.031999588012695,
2015-04-05,05AA033,8.083000183105469,
2015-05-05,05AA033,8.022000312805176,
2015-06-05,05AA033,8.133000373840332,
2015-07-05,05AA033,7.933000087738037,
2015-08-05,05AA033,,
2015-09-05,05AA033,8.0,A
2016-02-05,05AA033,,
2016-03-05,05AA033,7.98199987411499,
2016-04-05,05AA033,7.99399995803833,
2016-05-05,05AA033,7.885000228881836,
2016-06-05,05AA033,7.940999984741211,
2016-08-05,05AA033,,
2017-03-05,05AA033,8.357999801635742,
2017-04-05,05AA033,8.093999862670898,
2017-05-05,05AA033,8.041000366210938,
2017-06-05,05AA033,8.045999526977539,
2017-07-05,05AA033,7.964000225067139,
2018-03-05,05AA033,,
2018-04-05,05AA033,8.145000457763672,A
2018-05-05,05AA033,8.156999588012695,
2018-06-05,05AA033,7.9770002365112305,
2018-07-05,05AA033,7.999000072479248,
2019-03-05,05AA033,,
2019-04-05,05AA033,8.126999855041504,
2019-05-05,05AA033,8.060999870300293,
2019-06-05,05AA033,8.093999862670898,
2019-07-05,05AA033,7.999000072479248,
2019-08-05,05AA033,7.848000049591064,
2019-09-05,05AA033,,
2019-10-05,05AA033,7.968999862670898,
2020-02-05,05AA033,,
2020-03-05,05AA033,8.041999816894531,
2020-04-05,05AA033,8.020000457763672,
2020-05-05,05AA033,8.029000282287598,
2020-06-05,05AA033,7.967000007629394,
2020-07-05,05AA033,8.027000427246094,
2020-08-05,05AA033,7.886000156402588,
2020-09-05,05AA033,,
2021-02-05,05AA033,,
2021-03-05,05AA033,8.012999534606934,
2021-04-05,05AA033,7.992000102996826,
2021-05-05,05AA033,7.942999839782715,
2021-06-05,05AA033,7.906000137329102,
2021-07-05,05AA033,7.829999923706055,
2021-08-05,05AA033,,
2021-09-05,05AA033,,
2021-10-05,05AA033,,
2022-03-05,05AA033,7.945000171661377,A
2022-04-05,05AA033,7.966000080108643,
2022-05-05,05AA033,7.948999881744385,
2022-06-05,05AA033,7.892000198364258,
2022-07-05,05AA033,7.932000160217285,
2022-08-05,05AA033,,
2022-09-05,05AA033,,
2022-10-05,05AA033,,
2023-03-05,05AA033,,
2023-04-05,05AA033,7.98799991607666,
2023-05-05,05AA033,8.0,
2023-06-05,05AA033,7.874000072479248,
2023-07-05,05AA033,7.816999912261963,
2023-08-05,05AA033,,
2023-09-05,05AA033,,
2023-10-05,05AA033,7.864999771118164,
2012-03-06,05AA033,7.8979997634887695,
2012-04-06,05AA033,7.947000026702881,
2012-05-06,05AA033,7.901999950408935,
2012-06-06,05AA033,7.932000160217285,
2012-07-06,05AA033,7.989999771118164,
2012-08-06,05AA033,7.918000221252441,
2012-09-06,05AA033,7.874000072479248,
2012-10-06,05AA033,,
2013-03-06,05AA033,7.97599983215332,
2013-04-06,05AA033,8.024999618530273,
2013-05-06,05AA033,8.060999870300293,
2013-06-06,05AA033,8.04800033569336,
2013-07-06,05AA033,7.929999828338623,
2013-08-06,05AA033,8.072999954223633,
2013-09-06,05AA033,7.86299991607666,
2013-10-06,05AA033,7.896999835968018,
2014-03-06,05AA033,,
2014-04-06,05AA033,8.199000358581543,
2014-05-06,05AA033,8.211999893188477,
2014-06-06,05AA033,7.985000133514404,
2014-07-06,05AA033,8.069999694824219,
2014-08-06,05AA033,7.882999897003174,
2014-09-06,05AA033,8.005000114440918,
2014-10-06,05AA033,8.072999954223633,
2015-02-06,05AA033,,
2015-03-06,05AA033,8.038000106811523,
2015-04-06,05AA033,8.092000007629395,
2015-05-06,05AA033,8.020000457763672,
2015-06-06,05AA033,8.111000061035156,
2015-07-06,05AA033,7.9120001792907715,
2015-08-06,05AA033,,
2015-09-06,05AA033,7.880000114440918,
2016-02-06,05AA033,,
2016-03-06,05AA033,8.0,
2016-04-06,05AA033,7.979000091552734,
2016-05-06,05AA033,7.876999855041504,
2016-06-06,05AA033,7.932000160217285,
2016-08-06,05AA033,,
2017-03-06,05AA033,8.28600025177002,
2017-04-06,05AA033,8.126999855041504,
2017-05-06,05AA033,8.032999992370605,
2017-06-06,05AA033,8.041999816894531,
2017-07-06,05AA033,7.956999778747559,
2018-03-06,05AA033,,
2018-04-06,05AA033,8.154999732971191,
2018-05-06,05AA033,8.140000343322754,
2018-06-06,05AA033,7.967000007629394,A
2018-07-06,05AA033,7.998000144958496,
2019-03-06,05AA033,,
2019-04-06,05AA033,8.11299991607666,
2019-05-06,05AA033,8.059000015258789,
2019-06-06,05AA033,8.085000038146973,
2019-07-06,05AA033,7.99399995803833,
2019-08-06,05AA033,,
2019-09-06,05AA033,,
2019-10-06,05AA033,7.961999893188477,
2020-02-06,05AA033,,
2020-03-06,05AA033,8.055000305175781,
2020-04-06,05AA033,8.020999908447266,
2020-05-06,05AA033,8.026000022888184,
2020-06-06,05AA033,7.973000049591064,
2020-07-06,05AA033,8.01200008392334,
2020-08-06,05AA033,7.881999969482422,
2020-09-06,05AA033,,
2021-02-06,05AA033,,
2021-03-06,05AA033,7.98799991607666,
2021-04-06,05AA033,7.982999801635742,
2021-05-06,05AA033,7.938000202178955,
2021-06-06,05AA033,7.902999877929687,
2021-07-06,05AA033,7.867000102996826,
2021-08-06,05AA033,,
2021-09-06,05AA033,,
2021-10-06,05AA033,,
2022-03-06,05AA033,,
2022-04-06,05AA033,7.959000110626221,
2022-05-06,05AA033,7.951000213623047,
2022-06-06,05AA033,7.890999794006348,
2022-07-06,05AA033,7.921999931335449,
2022-08-06,05AA033,,
2022-09-06,05AA033,,
2022-10-06,05AA033,,
2023-03-06,05AA033,,
2023-04-06,05AA033,7.973000049591064,
2023-05-06,05AA033,7.995999813079834,
2023-06-06,05AA033,7.869999885559082,
2023-07-06,05AA033,7.806000232696533,A
2023-08-06,05AA033,,
2023-09-06,05AA033,,
2023-10-06,05AA033,7.863999843597412,
2012-03-07,05AA033,7.818999767303467,A
2012-04-07,05AA033,7.942999839782715,
2012-05-07,05AA033,7.875,
2012-06-07,05AA033,7.880000114440918,
2012-07-07,05AA033,7.980000019073486,
2012-08-07,05AA033,,
2012-09-07,05AA033,,
2012-10-07,05AA033,,
2013-03-07,05AA033,7.97100019454956,
2013-04-07,05AA033,8.027000427246094,
2013-05-07,05AA033,8.04800033569336,
2013-06-07,05AA033,8.027000427246094,
2013-07-07,05AA033,7.914999961853027,
2013-08-07,05AA033,8.083999633789062,
2013-09-07,05AA033,7.947999954223633,
2013-10-07,05AA033,7.925000190734863,
2014-03-07,05AA033,,
2014-04-07,05AA033,8.184000015258789,
2014-05-07,05AA033,8.189000129699707,
2014-06-07,05AA033,7.967999935150146,
2014-07-07,05AA033,8.065999984741211,
2014-08-07,05AA033,7.880000114440918,
2014-09-07,05AA033,7.994999885559082,
2014-10-07,05AA033,8.055999755859375,
2015-02-07,05AA033,,
2015-03-07,05AA033,8.050999641418457,
2015-04-07,05AA033,8.095999717712402,
2015-05-07,05AA033,8.020000457763672,
2015-06-07,05AA033,8.093000411987305,
2015-07-07,05AA033,7.90500020980835,
2015-08-07,05AA033,,
2015-09-07,05AA033,7.814000129699707,
2016-02-07,05AA033,,
2016-03-07,05AA033,8.00100040435791,
2016-04-07,05AA033,7.967000007629394,
2016-05-07,05AA033,7.876999855041504,
2016-06-07,05AA033,7.923999786376953,
2016-08-07,05AA033,,
2017-03-07,05AA033,8.244999885559082,
2017-04-07,05AA033,8.123000144958496,
2017-05-07,05AA033,8.036999702453613,
2017-06-07,05AA033,8.052000045776367,
2017-07-07,05AA033,7.947999954223633,
2018-03-07,05AA033,,
2018-04-07,05AA033,8.14900016784668,
2018-05-07,05AA033,8.128999710083008,
2018-06-07,05AA033,7.973999977111816,
2018-07-07,05AA033,7.994999885559082,
2019-03-07,05AA033,,
2019-04-07,05AA033,8.104999542236328,
2019-05-07,05AA033,8.053999900817871,
2019-06-07,05AA033,8.07800006866455,
2019-07-07,05AA033,7.994999885559082,
2019-08-07,05AA033,,
2019-09-07,05AA033,,
2019-10-07,05AA033,7.960000038146973,
2020-02-07,05AA033,,
2020-03-07,05AA033,8.048999786376953,
2020-04-07,05AA033,8.138999938964844,
2020-05-07,05AA033,8.024999618530273,
2020-06-07,05AA033,7.980000019073486,
2020-07-07,05AA033,8.001999855041504,
2020-08-07,05AA033,7.877999782562256,
2020-09-07,05AA033,7.909999847412109,A
2021-02-07,05AA033,,
2021-03-07,05AA033,7.986999988555908,
2021-04-07,05AA033,7.982999801635742,
2021-05-07,05AA033,7.934000015258789,
2021-06-07,05AA033,7.900000095367432,
2021-07-07,05AA033,7.855999946594238,
2021-08-07,05AA033,,
2021-09-07,05AA033,,
2021-10-07,05AA033,,
2022-03-07,05AA033,,
2022-04-07,05AA033,7.955999851226807,
2022-05-07,05AA033,7.943999767303467,
2022-06-07,05AA033,7.923999786376953,
2022-07-07,05AA033,7.918000221252441,
2022-08-07,05AA033,,
2022-09-07,05AA033,,
2022-10-07,05AA033,,
2023-03-07,05AA033,,
2023-04-07,05AA033,7.99399995803833,
2023-05-07,05AA033,8.003000259399414,
2023-06-07,05AA033,7.868000030517578,
2023-07-07,05AA033,,
2023-08-07,05AA033,,
2023-09-07,05AA033,,
2023-10-07,05AA033,7.860000133514404,
2012-03-08,05AA033,7.803999900817871,
2012-04-08,05AA033,7.934999942779541,
2012-05-08,05AA033,7.86299991607666,
2012-06-08,05AA033,7.864999771118164,
2012-07-08,05AA033,7.968999862670898,
2012-08-08,05AA033,,
2012-09-08,05AA033,,
2012-10-08,05AA033,,
2013-03-08,05AA033,7.973000049591064,
2013-04-08,05AA033,8.02400016784668,
2013-05-08,05AA033,8.038000106811523,
2013-06-08,05AA033,8.001999855041504,
2013-07-08,05AA033,7.903999805450439,
2013-08-08,05AA033,8.052000045776367,
2013-09-08,05AA033,7.915999889373779,
2013-10-08,05AA033,7.896999835968018,
2014-03-08,05AA033,,
2014-04-08,05AA033,8.175999641418457,
2014-05-08,05AA033,8.168999671936035,
2014-06-08,05AA033,7.953000068664551,
2014-07-08,05AA033,8.062000274658203,
2014-08-08,05AA033,7.875,
2014-09-08,05AA033,7.985000133514404,
2014-10-08,05AA033,8.043999671936035,
2015-02-08,05AA033,,
2015-03-08,05AA033,8.067999839782715,
2015-04-08,05AA033,8.119000434875488,
2015-05-08,05AA033,8.050999641418457,
2015-06-08,05AA033,8.076000213623047,
2015-07-08,05AA033,7.901999950408935,
2015-08-08,05AA033,,
2015-09-08,05AA033,7.791999816894531,A
2016-02-08,05AA033,,
2016-03-08,05AA033,7.991000175476074,
2016-04-08,05AA033,7.961999893188477,
2016-05-08,05AA033,7.873000144958496,
2016-06-08,05AA033,7.915999889373779,
2016-08-08,05AA033,,
2017-03-08,05AA033,8.22700023651123,
2017-04-08,05AA033,8.116999626159668,
2017-05-08,05AA033,8.038000106811523,
2017-06-08,05AA033,8.03499984741211,
2017-07-08,05AA033,7.932000160217285,
2018-03-08,05AA033,,
2018-04-08,05AA033,8.14900016784668,
2018-05-08,05AA033,8.123000144958496,
2018-06-08,05AA033,7.973000049591064,
2018-07-08,05AA033,7.989999771118164,
2019-03-08,05AA033,,
2019-04-08,05AA033,8.098999977111816,
2019-05-08,05AA033,8.053999900817871,
2019-06-08,05AA033,8.07699966430664,
2019-07-08,05AA033,7.986000061035156,
2019-08-08,05AA033,,
2019-09-08,05AA033,,
2019-10-08,05AA033,7.986999988555908,
2020-02-08,05AA033,,
2020-03-08,05AA033,8.055000305175781,
2020-04-08,05AA033,8.210000038146973,
2020-05-08,05AA033,8.050999641418457,
2020-06-08,05AA033,7.997000217437744,
2020-07-08,05AA033,7.994999885559082,
2020-08-08,05AA033,7.872000217437744,
2020-09-08,05AA033,7.776000022888184,
2021-02-08,05AA033,,
2021-03-08,05AA033,7.959000110626221,
2021-04-08,05AA033,7.984000205993652,
2021-05-08,05AA033,7.935999870300293,
2021-06-08,05AA033,7.900000095367432,
2021-07-08,05AA033,7.853000164031982,
2021-08-08,05AA033,7.968999862670898,A
2021-09-08,05AA033,,
2021-10-08,05AA033,,
2022-03-08,05AA033,,
2022-04-08,05AA033,7.972000122070312,
2022-05-08,05AA033,7.942999839782715,
2022-06-08,05AA033,7.903999805450439,
2022-07-08,05AA033,7.909999847412109,
2022-08-08,05AA033,,
2022-09-08,05AA033,,
2022-10-08,05AA033,,
2023-03-08,05AA033,,
2023-04-08,05AA033,8.0649995803833,
2023-05-08,05AA033,8.01099967956543,
2023-06-08,05AA033,7.864999771118164,
2023-07-08,05AA033,,
2023-08-08,05AA033,,
2023-09-08,05AA033,,
2023-10-08,05AA033,7.85699987411499,
2012-03-09,05AA033,7.809000015258789,
2012-04-09,05AA033,7.929999828338623,
2012-05-09,05AA033,7.853000164031982,
2012-06-09,05AA033,7.849999904632568,
2012-07-09,05AA033,,
2012-08-09,05AA033,,
2012-09-09,05AA033,,
2012-10-09,05AA033,,
2013-03-09,05AA033,7.986999988555908,
2013-04-09,05AA033,8.020999908447266,
2013-05-09,05AA033,8.029999732971191,
2013-06-09,05AA033,8.012999534606934,
2013-07-09,05AA033,7.8979997634887695,
2013-08-09,05AA033,8.031000137329102,
2013-09-09,05AA033,7.901000022888184,
2013-10-09,05AA033,7.901999950408935,
2014-03-09,05AA033,,
2014-04-09,05AA033,8.182999610900879,
2014-05-09,05AA033,8.135000228881836,
2014-06-09,05AA033,7.940000057220459,
2014-07-09,05AA033,8.055000305175781,
2014-08-09,05AA033,7.869999885559082,
2014-09-09,05AA033,8.00100040435791,
2014-10-09,05AA033,8.032999992370605,
2015-02-09,05AA033,,
2015-03-09,05AA033,8.085000038146973,
2015-04-09,05AA033,8.119999885559082,
2015-05-09,05AA033,8.062000274658203,
2015-06-09,05AA033,8.0600004196167,
2015-07-09,05AA033,7.89900016784668,
2015-08-09,05AA033,,
2015-09-09,05AA033,,
2016-02-09,05AA033,,
2016-03-09,05AA033,7.984000205993652,
2016-04-09,05AA033,7.949999809265137,
2016-05-09,05AA033,7.886000156402588,
2016-06-09,05AA033,7.913000106811523,
2016-08-09,05AA033,7.807000160217285,
2017-03-09,05AA033,8.199999809265137,
2017-04-09,05AA033,8.105999946594238,
2017-05-09,05AA033,8.032999992370605,
2017-06-09,05AA033,8.029000282287598,
2017-07-09,05AA033,7.909999847412109,
2018-03-09,05AA033,,
2018-04-09,05AA033,8.175000190734863,
2018-05-09,05AA033,8.107999801635742,
2018-06-09,05AA033,7.986000061035156,
2018-07-09,05AA033,7.98199987411499,
2019-03-09,05AA033,,
2019-04-09,05AA033,8.098999977111816,
2019-05-09,05AA033,8.050999641418457,
2019-06-09,05AA033,8.074000358581543,
2019-07-09,05AA033,7.980000019073486,
2019-08-09,05AA033,,
2019-09-09,05AA033,7.989999771118164,A
2019-10-09,05AA033,7.980000019073486,
2020-02-09,05AA033,,
2020-03-09,05AA033,8.048999786376953,
2020-04-09,05AA033,8.277999877929688,
2020-05-09,05AA033,8.083999633789062,
2020-06-09,05AA033,8.005999565124512,
2020-07-09,05AA033,7.98799991607666,
2020-08-09,05AA033,7.864999771118164,
2020-09-09,05AA033,7.682000160217285,A
2021-02-09,05AA033,,
2021-03-09,05AA033,7.974999904632568,A
2021-04-09,05AA033,7.978000164031982,
2021-05-09,05AA033,7.943999767303467,
2021-06-09,05AA033,7.9120001792907715,
2021-07-09,05AA033,7.848999977111816,
2021-08-09,05AA033,7.88100004196167,
2021-09-09,05AA033,,
2021-10-09,05AA033,,
2022-03-09,05AA033,,
2022-04-09,05AA033,7.98199987411499,
2022-05-09,05AA033,7.943999767303467,
2022-06-09,05AA033,7.895999908447266,
2022-07-09,05AA033,7.901000022888184,
2022-08-09,05AA033,,
2022-09-09,05AA033,7.769000053405762,A
2022-10-09,05AA033,,
2023-03-09,05AA033,,
2023-04-09,05AA033,8.088000297546387,
2023-05-09,05AA033,7.989999771118164,
2023-06-09,05AA033,7.959000110626221,
2023-07-09,05AA033,,
2023-08-09,05AA033,,
2023-09-09,05AA033,,
2023-10-09,05AA033,7.854000091552734,
2012-03-10,05AA033,7.807000160217285,A
2012-04-10,05AA033,7.929999828338623,
2012-05-10,05AA033,7.86299991607666,
2012-06-10,05AA033,7.8979997634887695,
2012-07-10,05AA033,,
2012-08-10,05AA033,,
2012-09-10,05AA033,,
2012-10-10,05AA033,,
2013-03-10,05AA033,7.997000217437744,
2013-04-10,05AA033,8.02299976348877,
2013-05-10,05AA033,8.020999908447266,
2013-06-10,05AA033,7.988999843597412,
2013-07-10,05AA033,7.886000156402588,
2013-08-10,05AA033,8.017000198364258,
2013-09-10,05AA033,7.888000011444092,
2013-10-10,05AA033,7.89900016784668,
2014-03-10,05AA033,,
2014-04-10,05AA033,8.156999588012695,
2014-05-10,05AA033,8.126999855041504,
2014-06-10,05AA033,7.931000232696533,
2014-07-10,05AA033,8.050999641418457,
2014-08-10,05AA033,7.866000175476074,
2014-09-10,05AA033,8.055000305175781,
2014-10-10,05AA033,8.024999618530273,
2015-02-10,05AA033,,
2015-03-10,05AA033,8.081999778747559,
2015-04-10,05AA033,8.105999946594238,
2015-05-10,05AA033,8.072999954223633,
2015-06-10,05AA033,8.045999526977539,
2015-07-10,05AA033,7.895999908447266,
2015-08-10,05AA033,,
2015-09-10,05AA033,,
2016-02-10,05AA033,,
2016-03-10,05AA033,7.985000133514404,
2016-04-10,05AA033,7.934999942779541,
2016-05-10,05AA033,7.880000114440918,
2016-06-10,05AA033,7.907000064849853,
2016-08-10,05AA033,7.933000087738037,
2017-03-10,05AA033,8.182999610900879,
2017-04-10,05AA033,8.095000267028809,
2017-05-10,05AA033,8.017999649047852,
2017-06-10,05AA033,8.015000343322754,
2017-07-10,05AA033,7.888999938964844,A
2018-03-10,05AA033,,
2018-04-10,05AA033,8.23900032043457,
2018-05-10,05AA033,8.104000091552734,
2018-06-10,05AA033,7.992000102996826,
2018-07-10,05AA033,7.97100019454956,
2019-03-10,05AA033,,
2019-04-10,05AA033,8.093999862670898,
2019-05-10,05AA033,8.04800033569336,
2019-06-10,05AA033,8.065999984741211,
2019-07-10,05AA033,7.96999979019165,
2019-08-10,05AA033,,
2019-09-10,05AA033,7.961999893188477,
2019-10-10,05AA033,7.961999893188477,
2020-02-10,05AA033,,
2020-03-10,05AA033,8.03600025177002,
2020-04-10,05AA033,8.357999801635742,
2020-05-10,05AA033,8.062999725341797,
2020-06-10,05AA033,7.98799991607666,
2020-07-10,05AA033,7.980999946594238,
2020-08-10,05AA033,7.8520002365112305,
2020-09-10,05AA033,,
2021-02-10,05AA033,,
2021-03-10,05AA033,,
2021-04-10,05AA033,7.974999904632568,
2021-05-10,05AA033,7.951000213623047,
2021-06-10,05AA033,7.920000076293945,
2021-07-10,05AA033,7.840000152587891,
2021-08-10,05AA033,7.806000232696533,
2021-09-10,05AA033,,
2021-10-10,05AA033,,
2022-03-10,05AA033,,
2022-04-10,05AA033,7.965000152587891,
2022-05-10,05AA033,7.943999767303467,
2022-06-10,05AA033,7.888999938964844,
2022-07-10,05AA033,7.895999908447266,
2022-08-10,05AA033,,
2022-09-10,05AA033,,
2022-10-10,05AA033,,
2023-03-10,05AA033,,
2023-04-10,05AA033,8.166000366210938,
2023-05-10,05AA033,7.978000164031982,
2023-06-10,05AA033,7.961999893188477,
2023-07-10,05AA033,7.940999984741211,A
2023-08-10,05AA033,,
2023-09-10,05AA033,,
2023-10-10,05AA033,7.85099983215332,
2012-03-11,05AA033,7.809999942779541,
2012-04-11,05AA033,7.940999984741211,
2012-05-11,05AA033,7.853000164031982,
2012-06-11,05AA033,7.886000156402588,
2012-07-11,05AA033,,
2012-08-11,05AA033,,
2012-09-11,05AA033,,
2012-10-11,05AA033,,
2013-03-11,05AA033,8.005000114440918,
2013-04-11,05AA033,8.020000457763672,
2013-05-11,05AA033,8.015000343322754,
2013-06-11,05AA033,7.97100019454956,
2013-07-11,05AA033,7.888999938964844,
2013-08-11,05AA033,8.020999908447266,
2013-09-11,05AA033,7.876999855041504,
2013-10-11,05AA033,7.89900016784668,
2014-03-11,05AA033,,
2014-04-11,05AA033,8.13599967956543,
2014-05-11,05AA033,8.125,
2014-06-11,05AA033,7.964000225067139,
2014-07-11,05AA033,8.04699993133545,
2014-08-11,05AA033,7.861999988555908,
2014-09-11,05AA033,8.059000015258789,
2014-10-11,05AA033,8.017000198364258,
2015-02-11,05AA033,,
2015-03-11,05AA033,8.074000358581543,
2015-04-11,05AA033,8.093999862670898,
2015-05-11,05AA033,8.074000358581543,
2015-06-11,05AA033,8.031999588012695,
2015-07-11,05AA033,7.894000053405762,
2015-08-11,05AA033,,
2015-09-11,05AA033,,
2016-02-11,05AA033,,
2016-03-11,05AA033,7.988999843597412,
2016-04-11,05AA033,7.922999858856201,
2016-05-11,05AA033,7.876999855041504,
2016-06-11,05AA033,7.903999805450439,
2016-08-11,05AA033,7.919000148773193,
2017-03-11,05AA033,8.154000282287598,
2017-04-11,05AA033,8.083999633789062,
2017-05-11,05AA033,8.017000198364258,
2017-06-11,05AA033,7.999000072479248,
2017-07-11,05AA033,,
2018-03-11,05AA033,,
2018-04-11,05AA033,8.336999893188477,
2018-05-11,05AA033,8.102999687194824,
2018-06-11,05AA033,7.994999885559082,
2018-07-11,05AA033,7.954999923706055,
2019-03-11,05AA033,,
2019-04-11,05AA033,8.090999603271484,
2019-05-11,05AA033,8.057000160217285,
2019-06-11,05AA033,8.057999610900879,
2019-07-11,05AA033,7.9629998207092285,
2019-08-11,05AA033,,
2019-09-11,05AA033,7.864999771118164,A
2019-10-11,05AA033,7.965000152587891,
2020-02-11,05AA033,,
2020-03-11,05AA033,8.031999588012695,
2020-04-11,05AA033,8.173999786376953,
2020-05-11,05AA033,8.064000129699707,
2020-06-11,05AA033,7.972000122070312,
2020-07-11,05AA033,7.973000049591064,
2020-08-11,05AA033,7.835000038146973,
2020-09-11,05AA033,,
2021-02-11,05AA033,,
2021-03-11,05AA033,,
2021-04-11,05AA033,7.974999904632568,
2021-05-11,05AA033,7.956999778747559,
2021-06-11,05AA033,7.914999961853027,
2021-07-11,05AA033,7.877999782562256,
2021-08-11,05AA033,7.763999938964844,
2021-09-11,05AA033,7.835999965667725,A
2021-10-11,05AA033,,
2022-03-11,05AA033,,
2022-04-11,05AA033,7.960000038146973,
2022-05-11,05AA033,7.936999797821045,
2022-06-11,05AA033,7.885000228881836,
2022-07-11,05AA033,7.888000011444092,
2022-08-11,05AA033,,
2022-09-11,05AA033,,
2022-10-11,05AA033,,
2023-03-11,05AA033,,
2023-04-11,05AA033,8.142000198364258,
2023-05-11,05AA033,7.968999862670898,
2023-06-11,05AA033,7.926000118255615,
2023-07-11,05AA033,7.873000144958496,
2023-08-11,05AA033,,
2023-09-11,05AA033,,
2023-10-11,05AA033,7.848999977111816,
2012-03-12,05AA033,7.806000232696533,A
2012-04-12,05AA033,7.941999912261963,
2012-05-12,05AA033,7.84600019454956,
2012-06-12,05AA033,7.872000217437744,
2012-07-12,05AA033,,
2012-08-12,05AA033,,
2012-09-12,05AA033,,
2012-10-12,05AA033,,
2013-03-12,05AA033,8.001999855041504,
2013-04-12,05AA033,8.03499984741211,
2013-05-12,05AA033,8.008000373840332,
2013-06-12,05AA033,7.9770002365112305,
2013-07-12,05AA033,7.88700008392334,
2013-08-12,05AA033,8.012999534606934,
2013-09-12,05AA033,7.875,
2013-10-12,05AA033,7.894999980926514,
2014-03-12,05AA033,,
2014-04-12,05AA033,8.133000373840332,
2014-05-12,05AA033,8.119999885559082,
2014-06-12,05AA033,7.960000038146973,
2014-07-12,05AA033,8.038999557495117,
2014-08-12,05AA033,7.861000061035156,
2014-09-12,05AA033,8.083000183105469,
2014-10-12,05AA033,8.006999969482422,
2015-02-12,05AA033,,
2015-03-12,05AA033,8.067999839782715,
2015-04-12,05AA033,8.081999778747559,
2015-05-12,05AA033,8.0649995803833,
2015-06-12,05AA033,8.020999908447266,
2015-07-12,05AA033,7.890999794006348,
2015-08-12,05AA033,,
2015-09-12,05AA033,,
2016-02-12,05AA033,,
2016-03-12,05AA033,7.992000102996826,
2016-04-12,05AA033,7.910999774932861,
2016-05-12,05AA033,7.940999984741211,
2016-06-12,05AA033,7.900000095367432,
2016-08-12,05AA033,7.916999816894531,
2017-03-12,05AA033,8.119000434875488,
2017-04-12,05AA033,8.074000358581543,
2017-05-12,05AA033,8.008000373840332,
2017-06-12,05AA033,7.973999977111816,
2017-07-12,05AA033,,
2018-03-12,05AA033,,
2018-04-12,05AA033,8.331000328063965,
2018-05-12,05AA033,8.093999862670898,
2018-06-12,05AA033,7.982999801635742,
2018-07-12,05AA033,7.942999839782715,A
2019-03-12,05AA033,,
2019-04-12,05AA033,8.097999572753906,
2019-05-12,05AA033,8.125,
2019-06-12,05AA033,8.050000190734863,
2019-07-12,05AA033,7.953999996185303,
2019-08-12,05AA033,,
2019-09-12,05AA033,,
2019-10-12,05AA033,7.973000049591064,
2020-02-12,05AA033,,
2020-03-12,05AA033,8.02400016784668,
2020-04-12,05AA033,8.092000007629395,
2020-05-12,05AA033,8.0600004196167,
2020-06-12,05AA033,7.965000152587891,
2020-07-12,05AA033,7.965000152587891,
2020-08-12,05AA033,7.816999912261963,
2020-09-12,05AA033,,
2021-02-12,05AA033,,
2021-03-12,05AA033,,
2021-04-12,05AA033,7.973999977111816,
2021-05-12,05AA033,7.948999881744385,
2021-06-12,05AA033,7.906000137329102,
2021-07-12,05AA033,7.879000186920166,
2021-08-12,05AA033,7.73799991607666,
2021-09-12,05AA033,7.747000217437744,
2021-10-12,05AA033,,
2022-03-12,05AA033,,
2022-04-12,05AA033,7.952000141143799,
2022-05-12,05AA033,7.933000087738037,
2022-06-12,05AA033,7.881999969482422,
2022-07-12,05AA033,7.879000186920166,
2022-08-12,05AA033,,
2022-09-12,05AA033,,
2022-10-12,05AA033,,
2023-03-12,05AA033,,
2023-04-12,05AA033,8.069999694824219,
2023-05-12,05AA033,7.960999965667725,
2023-06-12,05AA033,7.913000106811523,
2023-07-12,05AA033,7.84499979019165,
2023-08-12,05AA033,,
2023-09-12,05AA033,,
2023-10-12,05AA033,7.853000164031982,
2012-03-13,05AA033,7.783999919891357,A
2012-04-13,05AA033,7.938000202178955,
2012-05-13,05AA033,7.839000225067139,
2012-06-13,05AA033,7.874000072479248,
2012-07-13,05AA033,8.02299976348877,
2012-08-13,05AA033,,
2012-09-13,05AA033,,
2012-10-13,05AA033,,
2013-03-13,05AA033,8.053000450134277,
2013-04-13,05AA033,8.038999557495117,
2013-05-13,05AA033,8.005999565124512,
2013-06-13,05AA033,7.951000213623047,
2013-07-13,05AA033,7.881999969482422,
2013-08-13,05AA033,8.003999710083008,
2013-09-13,05AA033,7.868000030517578,
2013-10-13,05AA033,7.896999835968018,
2014-03-13,05AA033,,
2014-04-13,05AA033,8.116000175476074,
2014-05-13,05AA033,8.102999687194824,
2014-06-13,05AA033,7.956999778747559,
2014-07-13,05AA033,8.029000282287598,
2014-08-13,05AA033,7.85699987411499,
2014-09-13,05AA033,8.105999946594238,
2014-10-13,05AA033,7.997000217437744,
2015-02-13,05AA033,,
2015-03-13,05AA033,8.060999870300293,
2015-04-13,05AA033,8.074999809265137,
2015-05-13,05AA033,8.0649995803833,
2015-06-13,05AA033,8.022000312805176,
2015-07-13,05AA033,7.885000228881836,
2015-08-13,05AA033,,
2015-09-13,05AA033,,
2016-02-13,05AA033,,
2016-03-13,05AA033,7.993000030517578,
2016-04-13,05AA033,7.901000022888184,
2016-05-13,05AA033,7.951000213623047,
2016-06-13,05AA033,7.8979997634887695,
2016-08-13,05AA033,7.909999847412109,
2017-03-13,05AA033,8.215999603271484,
2017-04-13,05AA033,8.083000183105469,
2017-05-13,05AA033,8.001999855041504,
2017-06-13,05AA033,8.029000282287598,
2017-07-13,05AA033,,
2018-03-13,05AA033,,
2018-04-13,05AA033,8.28499984741211,
2018-05-13,05AA033,8.086000442504883,
2018-06-13,05AA033,7.97599983215332,
2018-07-13,05AA033,,
2019-03-13,05AA033,,
2019-04-13,05AA033,8.092000007629395,
2019-05-13,05AA033,8.119000434875488,
2019-06-13,05AA033,8.038999557495117,
2019-07-13,05AA033,7.947000026702881,
2019-08-13,05AA033,,
2019-09-13,05AA033,,
2019-10-13,05AA033,7.986000061035156,
2020-02-13,05AA033,,
2020-03-13,05AA033,8.01099967956543,
2020-04-13,05AA033,8.105999946594238,
2020-05-13,05AA033,8.067000389099121,
2020-06-13,05AA033,7.973000049591064,
2020-07-13,05AA033,7.960999965667725,
2020-08-13,05AA033,7.796999931335449,
2020-09-13,05AA033,,
2021-02-13,05AA033,,
2021-03-13,05AA033,,
2021-04-13,05AA033,7.96999979019165,
2021-05-13,05AA033,7.940000057220459,
2021-06-13,05AA033,7.89900016784668,
2021-07-13,05AA033,7.866000175476074,
2021-08-13,05AA033,7.715000152587891,
2021-09-13,05AA033,7.690999984741211,A
2021-10-13,05AA033,,
2022-03-13,05AA033,,
2022-04-13,05AA033,7.947000026702881,
2022-05-13,05AA033,7.931000232696533,
2022-06-13,05AA033,7.9770002365112305,
2022-07-13,05AA033,7.873000144958496,
2022-08-13,05AA033,,
2022-09-13,05AA033,,
2022-10-13,05AA033,,
2023-03-13,05AA033,,
2023-04-13,05AA033,8.02299976348877,
2023-05-13,05AA033,7.953000068664551,
2023-06-13,05AA033,7.90500020980835,
2023-07-13,05AA033,7.8379998207092285,
2023-08-13,05AA033,,
2023-09-13,05AA033,,
2023-10-13,05AA033,7.86899995803833,
2012-03-14,05AA033,7.7870001792907715,A
2012-04-14,05AA033,7.935999870300293,A
2012-05-14,05AA033,7.833000183105469,
2012-06-14,05AA033,7.866000175476074,
2012-07-14,05AA033,8.024999618530273,
2012-08-14,05AA033,7.853000164031982,
2012-09-14,05AA033,,
2012-10-14,05AA033,,
2013-03-14,05AA033,8.043999671936035,
2013-04-14,05AA033,8.03499984741211,
2013-05-14,05AA033,8.003999710083008,
2013-06-14,05AA033,7.934999942779541,
2013-07-14,05AA033,7.880000114440918,
2013-08-14,05AA033,7.994999885559082,
2013-09-14,05AA033,7.859000205993652,
2013-10-14,05AA033,7.896999835968018,
2014-03-14,05AA033,,
2014-04-14,05AA033,8.119999885559082,
2014-05-14,05AA033,8.08899974822998,
2014-06-14,05AA033,7.968999862670898,
2014-07-14,05AA033,8.02400016784668,
2014-08-14,05AA033,7.853000164031982,
2014-09-14,05AA033,8.104999542236328,
2014-10-14,05AA033,7.988999843597412,
2015-02-14,05AA033,,
2015-03-14,05AA033,8.057000160217285,
2015-04-14,05AA033,8.072999954223633,
2015-05-14,05AA033,8.062999725341797,
2015-06-14,05AA033,8.031999588012695,
2015-07-14,05AA033,7.88100004196167,
2015-08-14,05AA033,,
2015-09-14,05AA033,,
2016-02-14,05AA033,,
2016-03-14,05AA033,7.985000133514404,
2016-04-14,05AA033,7.903999805450439,
2016-05-14,05AA033,7.907999992370605,
2016-06-14,05AA033,7.892000198364258,
2016-08-14,05AA033,7.903999805450439,
2017-03-14,05AA033,8.946000099182129,
2017-04-14,05AA033,8.090999603271484,
2017-05-14,05AA033,7.995999813079834,
2017-06-14,05AA033,8.11299991607666,
2017-07-14,05AA033,,
2018-03-14,05AA033,7.923999786376953,A
2018-04-14,05AA033,8.324999809265137,
2018-05-14,05AA033,8.07800006866455,
2018-06-14,05AA033,7.9770002365112305,
2018-07-14,05AA033,,
2019-03-14,05AA033,,
2019-04-14,05AA033,8.093000411987305,
2019-05-14,05AA033,8.123000144958496,
2019-06-14,05AA033,8.041000366210938,
2019-07-14,05AA033,7.945000171661377,
2019-08-14,05AA033,,
2019-09-14,05AA033,,
2019-10-14,05AA033,8.008000373840332,
2020-02-14,05AA033,,
2020-03-14,05AA033,8.010000228881836,
2020-04-14,05AA033,8.093999862670898,
2020-05-14,05AA033,8.07699966430664,
2020-06-14,05AA033,7.986999988555908,
2020-07-14,05AA033,7.954999923706055,
2020-08-14,05AA033,7.778999805450439,
2020-09-14,05AA033,,
2021-02-14,05AA033,,
2021-03-14,05AA033,,
2021-04-14,05AA033,7.965000152587891,
2021-05-14,05AA033,7.933000087738037,
2021-06-14,05AA033,7.89300012588501,
2021-07-14,05AA033,7.86299991607666,
2021-08-14,05AA033,7.682000160217285,A
2021-09-14,05AA033,,
2021-10-14,05AA033,,
2022-03-14,05AA033,,
2022-04-14,05AA033,7.946000099182129,
2022-05-14,05AA033,7.929999828338623,
2022-06-14,05AA033,7.978000164031982,
2022-07-14,05AA033,7.86899995803833,
2022-08-14,05AA033,,
2022-09-14,05AA033,,
2022-10-14,05AA033,,
2023-03-14,05AA033,,
2023-04-14,05AA033,8.001999855041504,
2023-05-14,05AA033,7.947000026702881,
2023-06-14,05AA033,7.900000095367432,
2023-07-14,05AA033,7.8520002365112305,
2023-08-14,05AA033,,
2023-09-14,05AA033,,
2023-10-14,05AA033,7.85699987411499,
2012-03-15,05AA033,7.788000106811523,A
2012-04-15,05AA033,7.941999912261963,
2012-05-15,05AA033,7.828000068664551,
2012-06-15,05AA033,7.854000091552734,
2012-07-15,05AA033,8.069000244140625,
2012-08-15,05AA033,7.97599983215332,
2012-09-15,05AA033,,
2012-10-15,05AA033,,
2013-03-15,05AA033,8.02299976348877,
2013-04-15,05AA033,8.034000396728516,
2013-05-15,05AA033,7.999000072479248,
2013-06-15,05AA033,7.925000190734863,
2013-07-15,05AA033,7.894999980926514,
2013-08-15,05AA033,7.98199987411499,
2013-09-15,05AA033,7.85099983215332,
2013-10-15,05AA033,7.896999835968018,
2014-03-15,05AA033,,
2014-04-15,05AA033,8.125,
2014-05-15,05AA033,8.079000473022461,
2014-06-15,05AA033,7.964000225067139,
2014-07-15,05AA033,8.026000022888184,
2014-08-15,05AA033,7.85099983215332,
2014-09-15,05AA033,8.088000297546387,
2014-10-15,05AA033,7.98799991607666,
2015-02-15,05AA033,,
2015-03-15,05AA033,8.069999694824219,
2015-04-15,05AA033,8.069000244140625,
2015-05-15,05AA033,8.071999549865723,
2015-06-15,05AA033,8.038999557495117,
2015-07-15,05AA033,7.876999855041504,
2015-08-15,05AA033,,
2015-09-15,05AA033,,
2016-02-15,05AA033,,
2016-03-15,05AA033,7.960999965667725,
2016-04-15,05AA033,7.974999904632568,
2016-05-15,05AA033,7.888000011444092,
2016-06-15,05AA033,7.886000156402588,
2016-08-15,05AA033,7.8979997634887695,
2017-03-15,05AA033,9.20300006866455,
2017-04-15,05AA033,8.07800006866455,
2017-05-15,05AA033,7.986999988555908,
2017-06-15,05AA033,8.105999946594238,
2017-07-15,05AA033,,
2018-03-15,05AA033,8.041000366210938,
2018-04-15,05AA033,8.418999671936035,
2018-05-15,05AA033,8.071000099182129,
2018-06-15,05AA033,7.978000164031982,
2018-07-15,05AA033,,
2019-03-15,05AA033,,
2019-04-15,05AA033,8.086999893188477,
2019-05-15,05AA033,8.116999626159668,
2019-06-15,05AA033,8.041000366210938,
2019-07-15,05AA033,7.941999912261963,
2019-08-15,05AA033,,
2019-09-15,05AA033,,
2019-10-15,05AA033,8.013999938964844,
2020-02-15,05AA033,,
2020-03-15,05AA033,8.01200008392334,
2020-04-15,05AA033,8.178999900817871,
2020-05-15,05AA033,8.045999526977539,
2020-06-15,05AA033,7.984000205993652,
2020-07-15,05AA033,7.947999954223633,
2020-08-15,05AA033,7.758999824523926,
2020-09-15,05AA033,,
2021-02-15,05AA033,,
2021-03-15,05AA033,,
2021-04-15,05AA033,7.961999893188477,
2021-05-15,05AA033,7.927999973297119,
2021-06-15,05AA033,7.88700008392334,
2021-07-15,05AA033,7.859000205993652,
2021-08-15,05AA033,,
2021-09-15,05AA033,,
2021-10-15,05AA033,,
2022-03-15,05AA033,7.958000183105469,A
2022-04-15,05AA033,7.943999767303467,
2022-05-15,05AA033,7.927999973297119,
2022-06-15,05AA033,7.951000213623047,
2022-07-15,05AA033,7.868000030517578,
2022-08-15,05AA033,,
2022-09-15,05AA033,,
2022-10-15,05AA033,,
2023-03-15,05AA033,,
2023-04-15,05AA033,7.994999885559082,
2023-05-15,05AA033,7.945000171661377,
2023-06-15,05AA033,7.901000022888184,
2023-07-15,05AA033,7.847000122070312,
2023-08-15,05AA033,,
2023-09-15,05AA033,,
2023-10-15,05AA033,7.8520002365112305,
2012-03-16,05AA033,7.769999980926514,A
2012-04-16,05AA033,7.940000057220459,
2012-05-16,05AA033,7.822000026702881,
2012-06-16,05AA033,7.8520002365112305,
2012-07-16,05AA033,8.050999641418457,
2012-08-16,05AA033,7.968999862670898,
2012-09-16,05AA033,,
2012-10-16,05AA033,,
2013-03-16,05AA033,8.013999938964844,
2013-04-16,05AA033,8.031999588012695,
2013-05-16,05AA033,8.005000114440918,
2013-06-16,05AA033,7.942999839782715,
2013-07-16,05AA033,7.894000053405762,
2013-08-16,05AA033,7.968999862670898,
2013-09-16,05AA033,7.848000049591064,
2013-10-16,05AA033,7.949999809265137,
2014-03-16,05AA033,8.138999938964844,
2014-04-16,05AA033,8.130999565124512,
2014-05-16,05AA033,8.072999954223633,
2014-06-16,05AA033,7.9629998207092285,
2014-07-16,05AA033,8.020999908447266,
2014-08-16,05AA033,7.853000164031982,
2014-09-16,05AA033,8.072999954223633,
2014-10-16,05AA033,7.982999801635742,
2015-02-16,05AA033,,
2015-03-16,05AA033,8.08899974822998,
2015-04-16,05AA033,8.067000389099121,
2015-05-16,05AA033,8.11299991607666,
2015-06-16,05AA033,8.038000106811523,
2015-07-16,05AA033,7.874000072479248,
2015-08-16,05AA033,,
2015-09-16,05AA033,,
2016-02-16,05AA033,,
2016-03-16,05AA033,7.946000099182129,
2016-04-16,05AA033,7.945000171661377,
2016-05-16,05AA033,7.921999931335449,
2016-06-16,05AA033,7.882999897003174,
2016-08-16,05AA033,7.890999794006348,
2017-03-16,05AA033,8.614999771118164,
2017-04-16,05AA033,8.060999870300293,
2017-05-16,05AA033,7.995999813079834,
2017-06-16,05AA033,8.081000328063965,
2017-07-16,05AA033,,
2018-03-16,05AA033,8.413999557495117,
2018-04-16,05AA033,8.29800033569336,
2018-05-16,05AA033,8.062999725341797,
2018-06-16,05AA033,8.010000228881836,
2018-07-16,05AA033,,
2019-03-16,05AA033,,
2019-04-16,05AA033,8.079999923706055,
2019-05-16,05AA033,8.140000343322754,
2019-06-16,05AA033,8.036999702453613,
2019-07-16,05AA033,7.940999984741211,
2019-08-16,05AA033,,
2019-09-16,05AA033,,
2019-10-16,05AA033,8.020999908447266,
2020-02-16,05AA033,,
2020-03-16,05AA033,8.01099967956543,
2020-04-16,05AA033,8.163999557495117,
2020-05-16,05AA033,8.031999588012695,
2020-06-16,05AA033,7.96999979019165,
2020-07-16,05AA033,7.946000099182129,
2020-08-16,05AA033,7.738999843597412,
2020-09-16,05AA033,,
2021-02-16,05AA033,,
2021-03-16,05AA033,,
2021-04-16,05AA033,7.9629998207092285,
2021-05-16,05AA033,7.921999931335449,
2021-06-16,05AA033,7.880000114440918,
2021-07-16,05AA033,7.855000019073486,
2021-08-16,05AA033,,
2021-09-16,05AA033,,
2021-10-16,05AA033,,
2022-03-16,05AA033,7.933000087738037,
2022-04-16,05AA033,7.945000171661377,
2022-05-16,05AA033,7.928999900817871,
2022-06-16,05AA033,7.933000087738037,
2022-07-16,05AA033,7.866000175476074,
2022-08-16,05AA033,,
2022-09-16,05AA033,,
2022-10-16,05AA033,,
2023-03-16,05AA033,,
2023-04-16,05AA033,8.001999855041504,
2023-05-16,05AA033,7.940000057220459,
2023-06-16,05AA033,7.895999908447266,
2023-07-16,05AA033,7.835999965667725,
2023-08-16,05AA033,,
2023-09-16,05AA033,,
2023-10-16,05AA033,7.847000122070312,
2012-03-17,05AA033,7.771999835968018,A
2012-04-17,05AA033,7.943999767303467,
2012-05-17,05AA033,7.820000171661377,
2012-06-17,05AA033,7.849999904632568,
2012-07-17,05AA033,8.03499984741211,A
2012-08-17,05AA033,7.959000110626221,
2012-09-17,05AA033,,
2012-10-17,05AA033,,
2013-03-17,05AA033,8.005999565124512,
2013-04-17,05AA033,8.027999877929688,
2013-05-17,05AA033,8.003000259399414,
2013-06-17,05AA033,7.940000057220459,
2013-07-17,05AA033,7.918000221252441,
2013-08-17,05AA033,7.959000110626221,
2013-09-17,05AA033,7.843999862670898,
2013-10-17,05AA033,7.947000026702881,
2014-03-17,05AA033,8.131999969482422,
2014-04-17,05AA033,8.140999794006348,
2014-05-17,05AA033,8.071999549865723,
2014-06-17,05AA033,8.204999923706055,
2014-07-17,05AA033,8.003000259399414,
2014-08-17,05AA033,7.85699987411499,
2014-09-17,05AA033,8.053000450134277,
2014-10-17,05AA033,7.979000091552734,
2015-02-17,05AA033,,
2015-03-17,05AA033,8.097999572753906,
2015-04-17,05AA033,8.062000274658203,
2015-05-17,05AA033,8.281999588012695,
2015-06-17,05AA033,8.038000106811523,
2015-07-17,05AA033,7.872000217437744,
2015-08-17,05AA033,,
2015-09-17,05AA033,,
2016-02-17,05AA033,,
2016-03-17,05AA033,7.942999839782715,
2016-04-17,05AA033,7.909999847412109,
2016-05-17,05AA033,7.925000190734863,
2016-06-17,05AA033,7.88100004196167,
2016-08-17,05AA033,7.883999824523926,
2017-03-17,05AA033,8.236000061035156,
2017-04-17,05AA033,8.057000160217285,
2017-05-17,05AA033,8.24899959564209,
2017-06-17,05AA033,8.052000045776367,
2017-07-17,05AA033,,
2018-03-17,05AA033,8.793999671936035,
2018-04-17,05AA033,8.222999572753906,
2018-05-17,05AA033,8.069000244140625,
2018-06-17,05AA033,8.006999969482422,
2018-07-17,05AA033,,
2019-03-17,05AA033,,
2019-04-17,05AA033,8.074000358581543,
2019-05-17,05AA033,8.178999900817871,
2019-06-17,05AA033,8.02299976348877,
2019-07-17,05AA033,7.939000129699707,
2019-08-17,05AA033,,
2019-09-17,05AA033,,
2019-10-17,05AA033,8.020000457763672,
2020-02-17,05AA033,,
2020-03-17,05AA033,8.01200008392334,
2020-04-17,05AA033,8.244000434875488,
2020-05-17,05AA033,8.022000312805176,
2020-06-17,05AA033,7.973000049591064,
2020-07-17,05AA033,7.951000213623047,
2020-08-17,05AA033,7.717000007629394,
2020-09-17,05AA033,,
2021-02-17,05AA033,,
2021-03-17,05AA033,7.968999862670898,A
2021-04-17,05AA033,7.9629998207092285,
2021-05-17,05AA033,7.916999816894531,
2021-06-17,05AA033,7.875999927520752,
2021-07-17,05AA033,7.848000049591064,
2021-08-17,05AA033,7.960000038146973,A
2021-09-17,05AA033,,
2021-10-17,05AA033,,
2022-03-17,05AA033,7.921999931335449,
2022-04-17,05AA033,7.942999839782715,
2022-05-17,05AA033,7.922999858856201,
2022-06-17,05AA033,7.926000118255615,
2022-07-17,05AA033,7.863999843597412,
2022-08-17,05AA033,,
2022-09-17,05AA033,,
2022-10-17,05AA033,,
2023-03-17,05AA033,,
2023-04-17,05AA033,8.008999824523926,
2023-05-17,05AA033,7.934000015258789,
2023-06-17,05AA033,7.892000198364258,
2023-07-17,05AA033,7.847000122070312,
2023-08-17,05AA033,,
2023-09-17,05AA033,,
2023-10-17,05AA033,7.842000007629394,
2012-03-18,05AA033,7.767000198364258,A
2012-04-18,05AA033,7.943999767303467,
2012-05-18,05AA033,7.876999855041504,
2012-06-18,05AA033,7.881999969482422,A
2012-07-18,05AA033,8.020999908447266,
2012-08-18,05AA033,7.922999858856201,
2012-09-18,05AA033,,
2012-10-18,05AA033,,
2013-03-18,05AA033,8.003000259399414,
2013-04-18,05AA033,8.031999588012695,
2013-05-18,05AA033,7.994999885559082,
2013-06-18,05AA033,7.949999809265137,
2013-07-18,05AA033,7.918000221252441,
2013-08-18,05AA033,7.951000213623047,
2013-09-18,05AA033,8.008999824523926,
2013-10-18,05AA033,7.939000129699707,
2014-03-18,05AA033,8.090999603271484,
2014-04-18,05AA033,8.180000305175781,
2014-05-18,05AA033,8.072999954223633,
2014-06-18,05AA033,8.569999694824219,
2014-07-18,05AA033,7.961999893188477,
2014-08-18,05AA033,7.855999946594238,
2014-09-18,05AA033,8.038000106811523,
2014-10-18,05AA033,7.973000049591064,
2015-02-18,05AA033,,
2015-03-18,05AA033,8.109000205993652,
2015-04-18,05AA033,8.062999725341797,
2015-05-18,05AA033,8.258999824523926,
2015-06-18,05AA033,8.034000396728516,
2015-07-18,05AA033,7.870999813079834,
2015-08-18,05AA033,,
2015-09-18,05AA033,,
2016-02-18,05AA033,,
2016-03-18,05AA033,7.936999797821045,
2016-04-18,05AA033,7.901999950408935,
2016-05-18,05AA033,7.903999805450439,
2016-06-18,05AA033,7.879000186920166,
2016-08-18,05AA033,7.876999855041504,
2017-03-18,05AA033,8.1899995803833,
2017-04-18,05AA033,8.050000190734863,
2017-05-18,05AA033,8.279999732971191,
2017-06-18,05AA033,8.031999588012695,
2017-07-18,05AA033,,
2018-03-18,05AA033,9.211999893188477,
2018-04-18,05AA033,8.196000099182129,
2018-05-18,05AA033,8.163999557495117,
2018-06-18,05AA033,8.029000282287598,
2018-07-18,05AA033,,
2019-03-18,05AA033,,
2019-04-18,05AA033,8.074000358581543,
2019-05-18,05AA033,8.244000434875488,
2019-06-18,05AA033,8.008999824523926,
2019-07-18,05AA033,7.934999942779541,
2019-08-18,05AA033,,
2019-09-18,05AA033,,
2019-10-18,05AA033,8.02400016784668,
2020-02-18,05AA033,,
2020-03-18,05AA033,8.010000228881836,
2020-04-18,05AA033,8.272000312805176,
2020-05-18,05AA033,8.015999794006348,
2020-06-18,05AA033,7.982999801635742,
2020-07-18,05AA033,7.940000057220459,
2020-08-18,05AA033,7.677000045776367,
2020-09-18,05AA033,,
2021-02-18,05AA033,,
2021-03-18,05AA033,7.961999893188477,
2021-04-18,05AA033,7.967999935150146,
2021-05-18,05AA033,7.9120001792907715,
2021-06-18,05AA033,7.874000072479248,
2021-07-18,05AA033,7.831999778747559,
2021-08-18,05AA033,7.8979997634887695,
2021-09-18,05AA033,,
2021-10-18,05AA033,,
2022-03-18,05AA033,7.919000148773193,
2022-04-18,05AA033,7.940999984741211,
2022-05-18,05AA033,7.919000148773193,
2022-06-18,05AA033,7.929999828338623,
2022-07-18,05AA033,7.918000221252441,
2022-08-18,05AA033,,
2022-09-18,05AA033,,
2022-10-18,05AA033,,
2023-03-18,05AA033,,
2023-04-18,05AA033,8.005000114440918,
2023-05-18,05AA033,7.927999973297119,
2023-06-18,05AA033,7.890999794006348,
2023-07-18,05AA033,7.849999904632568,
2023-08-18,05AA033,,
2023-09-18,05AA033,,
2023-10-18,05AA033,7.833000183105469,
2012-03-19,05AA033,7.761000156402588,A
2012-04-19,05AA033,7.949999809265137,
2012-05-19,05AA033,7.847000122070312,
2012-06-19,05AA033,7.914000034332275,
2012-07-19,05AA033,8.005999565124512,
2012-08-19,05AA033,7.902999877929687,
2012-09-19,05AA033,,
2012-10-19,05AA033,,
2013-03-19,05AA033,8.005999565124512,
2013-04-19,05AA033,8.038999557495117,
2013-05-19,05AA033,7.992000102996826,
2013-06-19,05AA033,8.026000022888184,
2013-07-19,05AA033,7.934999942779541,
2013-08-19,05AA033,7.942999839782715,
2013-09-19,05AA033,7.98799991607666,
2013-10-19,05AA033,7.932000160217285,
2014-03-19,05AA033,8.074999809265137,
2014-04-19,05AA033,8.145999908447266,
2014-05-19,05AA033,8.062999725341797,
2014-06-19,05AA033,8.633999824523926,
2014-07-19,05AA033,7.941999912261963,
2014-08-19,05AA033,7.85099983215332,
2014-09-19,05AA033,8.022000312805176,
2014-10-19,05AA033,7.965000152587891,
2015-02-19,05AA033,,
2015-03-19,05AA033,8.140999794006348,
2015-04-19,05AA033,8.072999954223633,
2015-05-19,05AA033,8.182999610900879,
2015-06-19,05AA033,8.022000312805176,
2015-07-19,05AA033,7.875999927520752,
2015-08-19,05AA033,,
2015-09-19,05AA033,,
2016-02-19,05AA033,,
2016-03-19,05AA033,7.931000232696533,
2016-04-19,05AA033,7.89900016784668,
2016-05-19,05AA033,7.894000053405762,
2016-06-19,05AA033,7.879000186920166,
2016-08-19,05AA033,7.872000217437744,
2017-03-19,05AA033,8.194000244140625,
2017-04-19,05AA033,8.050999641418457,
2017-05-19,05AA033,8.17199993133545,
2017-06-19,05AA033,8.041999816894531,
2017-07-19,05AA033,,
2018-03-19,05AA033,9.109000205993652,
2018-04-19,05AA033,8.222999572753906,
2018-05-19,05AA033,8.1899995803833,
2018-06-19,05AA033,8.03499984741211,
2018-07-19,05AA033,7.745999813079834,A
2019-03-19,05AA033,7.994999885559082,A
2019-04-19,05AA033,8.086000442504883,
2019-05-19,05AA033,8.211999893188477,
2019-06-19,05AA033,8.001999855041504,
2019-07-19,05AA033,7.929999828338623,
2019-08-19,05AA033,,
2019-09-19,05AA033,,
2019-10-19,05AA033,8.024999618530273,
2020-02-19,05AA033,,
2020-03-19,05AA033,8.008000373840332,
2020-04-19,05AA033,8.208999633789062,
2020-05-19,05AA033,8.01200008392334,
2020-06-19,05AA033,7.997000217437744,
2020-07-19,05AA033,7.931000232696533,
2020-08-19,05AA033,7.644000053405762,A
2020-09-19,05AA033,,
2021-02-19,05AA033,,
2021-03-19,05AA033,7.980999946594238,
2021-04-19,05AA033,7.967999935150146,
2021-05-19,05AA033,7.908999919891357,
2021-06-19,05AA033,7.876999855041504,
2021-07-19,05AA033,7.814000129699707,
2021-08-19,05AA033,7.875,
2021-09-19,05AA033,,
2021-10-19,05AA033,,
2022-03-19,05AA033,7.919000148773193,
2022-04-19,05AA033,7.948999881744385,
2022-05-19,05AA033,7.923999786376953,
2022-06-19,05AA033,7.915999889373779,
2022-07-19,05AA033,7.894000053405762,
2022-08-19,05AA033,,
2022-09-19,05AA033,,
2022-10-19,05AA033,,
2023-03-19,05AA033,8.02299976348877,A
2023-04-19,05AA033,8.001999855041504,
2023-05-19,05AA033,7.922999858856201,
2023-06-19,05AA033,7.888999938964844,
2023-07-19,05AA033,7.823999881744385,
2023-08-19,05AA033,,
2023-09-19,05AA033,,
2023-10-19,05AA033,7.823999881744385,
2012-03-20,05AA033,7.761000156402588,A
2012-04-20,05AA033,7.947999954223633,
2012-05-20,05AA033,7.8379998207092285,
2012-06-20,05AA033,7.8979997634887695,
2012-07-20,05AA033,8.003000259399414,
2012-08-20,05AA033,7.89300012588501,
2012-09-20,05AA033,,
2012-10-20,05AA033,,
2013-03-20,05AA033,8.01099967956543,
2013-04-20,05AA033,8.045000076293945,
2013-05-20,05AA033,7.989999771118164,
2013-06-20,05AA033,8.234000205993652,
2013-07-20,05AA033,7.953999996185303,
2013-08-20,05AA033,7.935999870300293,
2013-09-20,05AA033,7.931000232696533,
2013-10-20,05AA033,7.910999774932861,
2014-03-20,05AA033,8.060999870300293,
2014-04-20,05AA033,8.121999740600586,
2014-05-20,05AA033,8.059000015258789,
2014-06-20,05AA033,8.270999908447266,
2014-07-20,05AA033,7.929999828338623,
2014-08-20,05AA033,7.877999782562256,
2014-09-20,05AA033,8.003999710083008,
2014-10-20,05AA033,7.991000175476074,
2015-02-20,05AA033,,
2015-03-20,05AA033,8.23799991607666,
2015-04-20,05AA033,8.076000213623047,
2015-05-20,05AA033,8.14900016784668,
2015-06-20,05AA033,8.005999565124512,
2015-07-20,05AA033,7.875999927520752,
2015-08-20,05AA033,,
2015-09-20,05AA033,,
2016-02-20,05AA033,,
2016-03-20,05AA033,7.927000045776367,
2016-04-20,05AA033,7.918000221252441,
2016-05-20,05AA033,7.919000148773193,
2016-06-20,05AA033,7.874000072479248,
2016-08-20,05AA033,7.864999771118164,
2017-03-20,05AA033,8.130999565124512,
2017-04-20,05AA033,8.048999786376953,
2017-05-20,05AA033,8.121999740600586,
2017-06-20,05AA033,8.017000198364258,
2017-07-20,05AA033,,
2018-03-20,05AA033,9.038000106811523,
2018-04-20,05AA033,8.26200008392334,
2018-05-20,05AA033,8.128999710083008,
2018-06-20,05AA033,8.02299976348877,
2018-07-20,05AA033,7.732999801635742,A
2019-03-20,05AA033,8.03600025177002,
2019-04-20,05AA033,8.088000297546387,
2019-05-20,05AA033,8.170000076293945,
2019-06-20,05AA033,8.006999969482422,
2019-07-20,05AA033,7.968999862670898,
2019-08-20,05AA033,,
2019-09-20,05AA033,,
2019-10-20,05AA033,8.02299976348877,
2020-02-20,05AA033,,
2020-03-20,05AA033,8.003999710083008,
2020-04-20,05AA033,8.29699993133545,
2020-05-20,05AA033,8.050000190734863,
2020-06-20,05AA033,7.99399995803833,
2020-07-20,05AA033,7.932000160217285,
2020-08-20,05AA033,,
2020-09-20,05AA033,,
2021-02-20,05AA033,,
2021-03-20,05AA033,7.978000164031982,
2021-04-20,05AA033,7.96999979019165,
2021-05-20,05AA033,7.936999797821045,
2021-06-20,05AA033,7.920000076293945,
2021-07-20,05AA033,7.791999816894531,
2021-08-20,05AA033,7.86899995803833,
2021-09-20,05AA033,,
2021-10-20,05AA033,,
2022-03-20,05AA033,7.921000003814697,
2022-04-20,05AA033,7.948999881744385,
2022-05-20,05AA033,7.935999870300293,
2022-06-20,05AA033,7.935999870300293,
2022-07-20,05AA033,7.86899995803833,
2022-08-20,05AA033,,
2022-09-20,05AA033,,
2022-10-20,05AA033,,
2023-03-20,05AA033,8.156000137329102,
2023-04-20,05AA033,7.994999885559082,
2023-05-20,05AA033,7.916999816894531,
2023-06-20,05AA033,7.888999938964844,
2023-07-20,05AA033,7.802999973297119,A
2023-08-20,05AA033,,
2023-09-20,05AA033,,
2023-10-20,05AA033,7.809999942779541,
2012-03-21,05AA033,,
2012-04-21,05AA033,7.940999984741211,
2012-05-21,05AA033,7.834000110626221,
2012-06-21,05AA033,7.88700008392334,
2012-07-21,05AA033,7.999000072479248,
2012-08-21,05AA033,7.889999866485596,
2012-09-21,05AA033,,
2012-10-21,05AA033,,
2013-03-21,05AA033,8.029000282287598,
2013-04-21,05AA033,8.071000099182129,
2013-05-21,05AA033,7.99399995803833,
2013-06-21,05AA033,8.197999954223633,
2013-07-21,05AA033,7.909999847412109,
2013-08-21,05AA033,7.927999973297119,
2013-09-21,05AA033,7.9120001792907715,
2013-10-21,05AA033,7.909999847412109,
2014-03-21,05AA033,8.041999816894531,
2014-04-21,05AA033,8.104999542236328,
2014-05-21,05AA033,8.050999641418457,
2014-06-21,05AA033,8.159000396728516,
2014-07-21,05AA033,7.928999900817871,
2014-08-21,05AA033,7.998000144958496,
2014-09-21,05AA033,7.992000102996826,
2014-10-21,05AA033,7.98199987411499,
2015-02-21,05AA033,,
2015-03-21,05AA033,8.222999572753906,
2015-04-21,05AA033,8.069000244140625,
2015-05-21,05AA033,8.128000259399414,
2015-06-21,05AA033,7.989999771118164,
2015-07-21,05AA033,7.872000217437744,
2015-08-21,05AA033,,
2015-09-21,05AA033,,
2016-02-21,05AA033,,
2016-03-21,05AA033,7.922999858856201,
2016-04-21,05AA033,7.921999931335449,
2016-05-21,05AA033,7.991000175476074,
2016-06-21,05AA033,7.864999771118164,
2016-08-21,05AA033,7.85699987411499,
2017-03-21,05AA033,8.090999603271484,
2017-04-21,05AA033,8.071999549865723,
2017-05-21,05AA033,8.093000411987305,
2017-06-21,05AA033,8.008999824523926,
2017-07-21,05AA033,,
2018-03-21,05AA033,8.92199993133545,
2018-04-21,05AA033,8.307000160217285,
2018-05-21,05AA033,8.095000267028809,
2018-06-21,05AA033,8.015000343322754,
2018-07-21,05AA033,,
2019-03-21,05AA033,8.140000343322754,
2019-04-21,05AA033,8.07800006866455,
2019-05-21,05AA033,8.154000282287598,
2019-06-21,05AA033,8.01099967956543,
2019-07-21,05AA033,7.955999851226807,
2019-08-21,05AA033,,
2019-09-21,05AA033,,
2019-10-21,05AA033,8.015999794006348,
2020-02-21,05AA033,,
2020-03-21,05AA033,8.005999565124512,
2020-04-21,05AA033,8.276000022888184,
2020-05-21,05AA033,8.230999946594238,
2020-06-21,05AA033,7.982999801635742,
2020-07-21,05AA033,7.927999973297119,
2020-08-21,05AA033,,
2020-09-21,05AA033,,
2021-02-21,05AA033,,
2021-03-21,05AA033,7.972000122070312,
2021-04-21,05AA033,7.958000183105469,
2021-05-21,05AA033,7.934000015258789,
2021-06-21,05AA033,7.889999866485596,
2021-07-21,05AA033,7.767000198364258,
2021-08-21,05AA033,7.876999855041504,
2021-09-21,05AA033,,
2021-10-21,05AA033,,
2022-03-21,05AA033,7.916999816894531,A
2022-04-21,05AA033,7.951000213623047,
2022-05-21,05AA033,7.928999900817871,
2022-06-21,05AA033,7.921999931335449,
2022-07-21,05AA033,7.863999843597412,
2022-08-21,05AA033,,
2022-09-21,05AA033,,
2022-10-21,05AA033,,
2023-03-21,05AA033,7.960999965667725,A
2023-04-21,05AA033,7.989999771118164,
2023-05-21,05AA033,7.920000076293945,
2023-06-21,05AA033,7.888999938964844,
2023-07-21,05AA033,,
2023-08-21,05AA033,7.980000019073486,A
2023-09-21,05AA033,,
2023-10-21,05AA033,7.801000118255615,A
2012-03-22,05AA033,7.761000156402588,A
2012-04-22,05AA033,7.933000087738037,
2012-05-22,05AA033,7.830999851226807,
2012-06-22,05AA033,7.881999969482422,
2012-07-22,05AA033,7.982999801635742,
2012-08-22,05AA033,7.886000156402588,
2012-09-22,05AA033,,
2012-10-22,05AA033,,
2013-03-22,05AA033,8.020000457763672,
2013-04-22,05AA033,8.0649995803833,
2013-05-22,05AA033,8.015999794006348,
2013-06-22,05AA033,8.138999938964844,
2013-07-22,05AA033,7.902999877929687,
2013-08-22,05AA033,7.929999828338623,
2013-09-22,05AA033,7.903999805450439,
2013-10-22,05AA033,7.906000137329102,
2014-03-22,05AA033,8.031999588012695,
2014-04-22,05AA033,8.100000381469727,
2014-05-22,05AA033,8.036999702453613,
2014-06-22,05AA033,8.107000350952148,
2014-07-22,05AA033,7.923999786376953,
2014-08-22,05AA033,7.998000144958496,
2014-09-22,05AA033,7.980000019073486,
2014-10-22,05AA033,7.967999935150146,
2015-02-22,05AA033,,
2015-03-22,05AA033,8.17300033569336,
2015-04-22,05AA033,8.064000129699707,
2015-05-22,05AA033,8.11299991607666,
2015-06-22,05AA033,7.973999977111816,
2015-07-22,05AA033,7.868000030517578,
2015-08-22,05AA033,,
2015-09-22,05AA033,,
2016-02-22,05AA033,,
2016-03-22,05AA033,7.919000148773193,
2016-04-22,05AA033,7.892000198364258,
2016-05-22,05AA033,7.995999813079834,
2016-06-22,05AA033,7.859000205993652,
2016-08-22,05AA033,7.842999935150146,
2017-03-22,05AA033,8.09000015258789,
2017-04-22,05AA033,8.104000091552734,
2017-05-22,05AA033,8.067999839782715,
2017-06-22,05AA033,8.001999855041504,
2017-07-22,05AA033,,
2018-03-22,05AA033,8.892000198364258,
2018-04-22,05AA033,8.288999557495117,
2018-05-22,05AA033,8.072999954223633,
2018-06-22,05AA033,8.005000114440918,
2018-07-22,05AA033,,
2019-03-22,05AA033,8.269000053405762,
2019-04-22,05AA033,8.071999549865723,
2019-05-22,05AA033,8.227999687194824,
2019-06-22,05AA033,8.017000198364258,
2019-07-22,05AA033,7.947000026702881,
2019-08-22,05AA033,,
2019-09-22,05AA033,,
2019-10-22,05AA033,8.008000373840332,
2020-02-22,05AA033,,
2020-03-22,05AA033,8.01099967956543,
2020-04-22,05AA033,8.22700023651123,
2020-05-22,05AA033,8.156000137329102,
2020-06-22,05AA033,7.967000007629394,
2020-07-22,05AA033,7.922999858856201,
2020-08-22,05AA033,,
2020-09-22,05AA033,,
2021-02-22,05AA033,,
2021-03-22,05AA033,7.964000225067139,
2021-04-22,05AA033,7.956999778747559,
2021-05-22,05AA033,7.935999870300293,
2021-06-22,05AA033,7.889999866485596,
2021-07-22,05AA033,7.742000102996826,
2021-08-22,05AA033,7.873000144958496,
2021-09-22,05AA033,,
2021-10-22,05AA033,,
2022-03-22,05AA033,7.921000003814697,
2022-04-22,05AA033,7.959000110626221,
2022-05-22,05AA033,7.929999828338623,
2022-06-22,05AA033,7.914000034332275,
2022-07-22,05AA033,7.861000061035156,
2022-08-22,05AA033,,
2022-09-22,05AA033,,
2022-10-22,05AA033,7.890999794006348,A
2023-03-22,05AA033,7.836999893188477,A
2023-04-22,05AA033,7.985000133514404,
2023-05-22,05AA033,7.921000003814697,
2023-06-22,05AA033,7.886000156402588,
2023-07-22,05AA033,,
2023-08-22,05AA033,7.906000137329102,
2023-09-22,05AA033,,
2023-10-22,05AA033,7.802999973297119,A
2012-03-23,05AA033,7.75600004196167,A
2012-04-23,05AA033,7.923999786376953,
2012-05-23,05AA033,7.827000141143799,
2012-06-23,05AA033,7.955999851226807,
2012-07-23,05AA033,7.979000091552734,
2012-08-23,05AA033,7.883999824523926,
2012-09-23,05AA033,,
2012-10-23,05AA033,,
2013-03-23,05AA033,8.005999565124512,
2013-04-23,05AA033,8.067999839782715,
2013-05-23,05AA033,8.104999542236328,
2013-06-23,05AA033,8.104000091552734,
2013-07-23,05AA033,7.896999835968018,
2013-08-23,05AA033,7.939000129699707,
2013-09-23,05AA033,7.901000022888184,
2013-10-23,05AA033,7.902999877929687,
2014-03-23,05AA033,8.03600025177002,
2014-04-23,05AA033,8.086999893188477,
2014-05-23,05AA033,8.024999618530273,
2014-06-23,05AA033,8.079000473022461,
2014-07-23,05AA033,7.929999828338623,
2014-08-23,05AA033,7.993000030517578,
2014-09-23,05AA033,7.967000007629394,
2014-10-23,05AA033,7.960999965667725,
2015-02-23,05AA033,,
2015-03-23,05AA033,8.14900016784668,
2015-04-23,05AA033,8.059000015258789,
2015-05-23,05AA033,8.100000381469727,
2015-06-23,05AA033,7.954999923706055,
2015-07-23,05AA033,7.863999843597412,
2015-08-23,05AA033,,
2015-09-23,05AA033,,
2016-02-23,05AA033,,
2016-03-23,05AA033,7.923999786376953,
2016-04-23,05AA033,7.901000022888184,
2016-05-23,05AA033,8.017999649047852,
2016-06-23,05AA033,7.853000164031982,
2016-08-23,05AA033,7.824999809265137,
2017-03-23,05AA033,8.095999717712402,
2017-04-23,05AA033,8.10200023651123,
2017-05-23,05AA033,8.053000450134277,
2017-06-23,05AA033,7.999000072479248,
2017-07-23,05AA033,,
2018-03-23,05AA033,9.012999534606934,A
2018-04-23,05AA033,8.225000381469727,
2018-05-23,05AA033,8.059000015258789,
2018-06-23,05AA033,8.005999565124512,
2018-07-23,05AA033,,
2019-03-23,05AA033,8.282999992370605,
2019-04-23,05AA033,8.069999694824219,
2019-05-23,05AA033,8.1899995803833,
2019-06-23,05AA033,8.024999618530273,
2019-07-23,05AA033,7.942999839782715,
2019-08-23,05AA033,,
2019-09-23,05AA033,,
2019-10-23,05AA033,8.001999855041504,
2020-02-23,05AA033,,
2020-03-23,05AA033,8.02400016784668,
2020-04-23,05AA033,8.178000450134277,
2020-05-23,05AA033,8.07800006866455,
2020-06-23,05AA033,7.954999923706055,
2020-07-23,05AA033,7.922999858856201,
2020-08-23,05AA033,,
2020-09-23,05AA033,,
2021-02-23,05AA033,,
2021-03-23,05AA033,7.968999862670898,
2021-04-23,05AA033,7.959000110626221,
2021-05-23,05AA033,7.956999778747559,
2021-06-23,05AA033,7.886000156402588,
2021-07-23,05AA033,7.709000110626221,
2021-08-23,05AA033,7.861999988555908,
2021-09-23,05AA033,,
2021-10-23,05AA033,7.817999839782715,A
2022-03-23,05AA033,7.954999923706055,
2022-04-23,05AA033,7.968999862670898,
2022-05-23,05AA033,7.926000118255615,
2022-06-23,05AA033,7.909999847412109,
2022-07-23,05AA033,7.85699987411499,
2022-08-23,05AA033,,
2022-09-23,05AA033,,
2022-10-23,05AA033,7.910999774932861,
2023-03-23,05AA033,7.895999908447266,
2023-04-23,05AA033,7.988999843597412,
2023-05-23,05AA033,7.913000106811523,
2023-06-23,05AA033,7.883999824523926,
2023-07-23,05AA033,,
2023-08-23,05AA033,7.830999851226807,A
2023-09-23,05AA033,,
2023-10-23,05AA033,7.827000141143799,
2012-03-24,05AA033,,
2012-04-24,05AA033,7.907000064849853,
2012-05-24,05AA033,7.86899995803833,
2012-06-24,05AA033,8.071999549865723,
2012-07-24,05AA033,7.956999778747559,
2012-08-24,05AA033,7.880000114440918,
2012-09-24,05AA033,,
2012-10-24,05AA033,,
2013-03-24,05AA033,7.999000072479248,
2013-04-24,05AA033,8.071000099182129,
2013-05-24,05AA033,8.135000228881836,
2013-06-24,05AA033,8.07699966430664,
2013-07-24,05AA033,7.934000015258789,
2013-08-24,05AA033,7.936999797821045,
2013-09-24,05AA033,7.900000095367432,
2013-10-24,05AA033,7.901999950408935,
2014-03-24,05AA033,8.026000022888184,
2014-04-24,05AA033,8.074000358581543,
2014-05-24,05AA033,8.020999908447266,
2014-06-24,05AA033,8.062999725341797,
2014-07-24,05AA033,7.921000003814697,
2014-08-24,05AA033,7.9629998207092285,
2014-09-24,05AA033,7.960999965667725,
2014-10-24,05AA033,7.953999996185303,
2015-02-24,05AA033,8.041000366210938,
2015-03-24,05AA033,8.142999649047852,
2015-04-24,05AA033,8.057000160217285,
2015-05-24,05AA033,8.086999893188477,
2015-06-24,05AA033,7.947999954223633,
2015-07-24,05AA033,7.860000133514404,
2015-08-24,05AA033,,
2015-09-24,05AA033,,
2016-02-24,05AA033,,
2016-03-24,05AA033,7.913000106811523,
2016-04-24,05AA033,7.895999908447266,
2016-05-24,05AA033,8.034000396728516,
2016-06-24,05AA033,7.84499979019165,
2016-08-24,05AA033,7.810999870300293,
2017-03-24,05AA033,8.095999717712402,
2017-04-24,05AA033,8.088000297546387,
2017-05-24,05AA033,8.102999687194824,
2017-06-24,05AA033,7.99399995803833,
2017-07-24,05AA033,,
2018-03-24,05AA033,8.991999626159668,A
2018-04-24,05AA033,8.234000205993652,
2018-05-24,05AA033,8.04699993133545,
2018-06-24,05AA033,8.026000022888184,
2018-07-24,05AA033,,
2019-03-24,05AA033,8.355999946594238,
2019-04-24,05AA033,8.067999839782715,
2019-05-24,05AA033,8.152999877929688,
2019-06-24,05AA033,8.017000198364258,
2019-07-24,05AA033,7.941999912261963,
2019-08-24,05AA033,,
2019-09-24,05AA033,,
2019-10-24,05AA033,8.013999938964844,
2020-02-24,05AA033,,
2020-03-24,05AA033,8.034000396728516,
2020-04-24,05AA033,8.145999908447266,
2020-05-24,05AA033,8.059000015258789,
2020-06-24,05AA033,7.952000141143799,
2020-07-24,05AA033,7.922999858856201,
2020-08-24,05AA033,,
2020-09-24,05AA033,,
2021-02-24,05AA033,,
2021-03-24,05AA033,7.9629998207092285,
2021-04-24,05AA033,7.973999977111816,
2021-05-24,05AA033,8.013999938964844,
2021-06-24,05AA033,7.894999980926514,
2021-07-24,05AA033,7.676000118255615,A
2021-08-24,05AA033,7.85699987411499,
2021-09-24,05AA033,,
2021-10-24,05AA033,7.701000213623047,A
2022-03-24,05AA033,7.968999862670898,
2022-04-24,05AA033,7.960999965667725,
2022-05-24,05AA033,7.918000221252441,
2022-06-24,05AA033,7.919000148773193,
2022-07-24,05AA033,7.855000019073486,
2022-08-24,05AA033,,
2022-09-24,05AA033,,
2022-10-24,05AA033,7.883999824523926,
2023-03-24,05AA033,7.920000076293945,
2023-04-24,05AA033,8.012999534606934,
2023-05-24,05AA033,7.908999919891357,
2023-06-24,05AA033,7.88100004196167,
2023-07-24,05AA033,,
2023-08-24,05AA033,,
2023-09-24,05AA033,,
2023-10-24,05AA033,7.895999908447266,
2012-03-25,05AA033,,
2012-04-25,05AA033,7.894999980926514,
2012-05-25,05AA033,7.857999801635742,A
2012-06-25,05AA033,8.038999557495117,
2012-07-25,05AA033,7.948999881744385,
2012-08-25,05AA033,7.876999855041504,
2012-09-25,05AA033,,
2012-10-25,05AA033,,
2013-03-25,05AA033,7.999000072479248,
2013-04-25,05AA033,8.07800006866455,
2013-05-25,05AA033,8.092000007629395,
2013-06-25,05AA033,8.062000274658203,
2013-07-25,05AA033,7.968999862670898,
2013-08-25,05AA033,7.923999786376953,
2013-09-25,05AA033,7.956999778747559,
2013-10-25,05AA033,7.89900016784668,
2014-03-25,05AA033,8.02400016784668,
2014-04-25,05AA033,8.065999984741211,
2014-05-25,05AA033,8.017000198364258,
2014-06-25,05AA033,8.050000190734863,
2014-07-25,05AA033,7.901000022888184,
2014-08-25,05AA033,7.936999797821045,
2014-09-25,05AA033,7.948999881744385,
2014-10-25,05AA033,7.954999923706055,
2015-02-25,05AA033,8.041000366210938,
2015-03-25,05AA033,8.13599967956543,
2015-04-25,05AA033,8.057999610900879,
2015-05-25,05AA033,8.07699966430664,
2015-06-25,05AA033,7.934999942779541,
2015-07-25,05AA033,7.855999946594238,
2015-08-25,05AA033,,
2015-09-25,05AA033,,
2016-02-25,05AA033,,
2016-03-25,05AA033,7.967000007629394,
2016-04-25,05AA033,7.896999835968018,
2016-05-25,05AA033,8.083000183105469,
2016-06-25,05AA033,7.841000080108643,
2016-08-25,05AA033,7.796999931335449,A
2017-03-25,05AA033,8.083000183105469,
2017-04-25,05AA033,8.097999572753906,
2017-05-25,05AA033,8.097999572753906,
2017-06-25,05AA033,7.986999988555908,
2017-07-25,05AA033,,
2018-03-25,05AA033,8.859999656677246,
2018-04-25,05AA033,8.256999969482422,
2018-05-25,05AA033,8.036999702453613,
2018-06-25,05AA033,8.012999534606934,
2018-07-25,05AA033,,
2019-03-25,05AA033,8.206999778747559,
2019-04-25,05AA033,8.062000274658203,
2019-05-25,05AA033,8.166999816894531,
2019-06-25,05AA033,8.005999565124512,
2019-07-25,05AA033,7.939000129699707,
2019-08-25,05AA033,,
2019-09-25,05AA033,,
2019-10-25,05AA033,8.022000312805176,
2020-02-25,05AA033,,
2020-03-25,05AA033,8.020000457763672,
2020-04-25,05AA033,8.123000144958496,
2020-05-25,05AA033,8.039999961853027,
2020-06-25,05AA033,7.953999996185303,
2020-07-25,05AA033,7.919000148773193,
2020-08-25,05AA033,,
2020-09-25,05AA033,,
2021-02-25,05AA033,8.006999969482422,A
2021-03-25,05AA033,7.964000225067139,
2021-04-25,05AA033,7.98199987411499,
2021-05-25,05AA033,8.057999610900879,
2021-06-25,05AA033,7.881999969482422,
2021-07-25,05AA033,,
2021-08-25,05AA033,7.854000091552734,
2021-09-25,05AA033,,
2021-10-25,05AA033,,
2022-03-25,05AA033,7.949999809265137,
2022-04-25,05AA033,7.9629998207092285,
2022-05-25,05AA033,7.914000034332275,
2022-06-25,05AA033,7.916999816894531,
2022-07-25,05AA033,7.854000091552734,
2022-08-25,05AA033,,
2022-09-25,05AA033,,
2022-10-25,05AA033,7.863999843597412,
2023-03-25,05AA033,7.942999839782715,
2023-04-25,05AA033,8.026000022888184,
2023-05-25,05AA033,7.907000064849853,
2023-06-25,05AA033,7.875999927520752,
2023-07-25,05AA033,,
2023-08-25,05AA033,,
2023-09-25,05AA033,,
2023-10-25,05AA033,7.872000217437744,
2012-03-26,05AA033,,
2012-04-26,05AA033,7.903999805450439,
2012-05-26,05AA033,7.843999862670898,
2012-06-26,05AA033,8.038999557495117,A
2012-07-26,05AA033,7.955999851226807,
2012-08-26,05AA033,7.876999855041504,
2012-09-26,05AA033,,
2012-10-26,05AA033,,
2013-03-26,05AA033,8.003999710083008,
2013-04-26,05AA033,8.079000473022461,
2013-05-26,05AA033,8.065999984741211,
2013-06-26,05AA033,8.053000450134277,
2013-07-26,05AA033,7.943999767303467,
2013-08-26,05AA033,7.921000003814697,
2013-09-26,05AA033,7.986999988555908,
2013-10-26,05AA033,7.896999835968018,
2014-03-26,05AA033,8.02299976348877,
2014-04-26,05AA033,8.085000038146973,
2014-05-26,05AA033,8.015999794006348,
2014-06-26,05AA033,8.045999526977539,
2014-07-26,05AA033,7.894999980926514,
2014-08-26,05AA033,7.9120001792907715,
2014-09-26,05AA033,7.936999797821045,
2014-10-26,05AA033,7.953000068664551,
2015-02-26,05AA033,8.038000106811523,
2015-03-26,05AA033,8.13599967956543,
2015-04-26,05AA033,8.057999610900879,
2015-05-26,05AA033,8.086999893188477,
2015-06-26,05AA033,7.916999816894531,
2015-07-26,05AA033,7.85099983215332,
2015-08-26,05AA033,,
2015-09-26,05AA033,,
2016-02-26,05AA033,,
2016-03-26,05AA033,7.985000133514404,
2016-04-26,05AA033,7.894999980926514,
2016-05-26,05AA033,8.088000297546387,
2016-06-26,05AA033,7.822999954223633,
2016-08-26,05AA033,,
2017-03-26,05AA033,8.076000213623047,
2017-04-26,05AA033,8.116999626159668,
2017-05-26,05AA033,8.097999572753906,
2017-06-26,05AA033,7.982999801635742,
2017-07-26,05AA033,,
2018-03-26,05AA033,8.66100025177002,
2018-04-26,05AA033,8.246999740600586,
2018-05-26,05AA033,8.026000022888184,
2018-06-26,05AA033,8.01099967956543,
2018-07-26,05AA033,,
2019-03-26,05AA033,8.239999771118164,
2019-04-26,05AA033,8.057999610900879,
2019-05-26,05AA033,8.317000389099121,
2019-06-26,05AA033,8.00100040435791,
2019-07-26,05AA033,7.934000015258789,
2019-08-26,05AA033,,
2019-09-26,05AA033,,
2019-10-26,05AA033,8.027000427246094,
2020-02-26,05AA033,,
2020-03-26,05AA033,8.015000343322754,
2020-04-26,05AA033,8.11400032043457,
2020-05-26,05AA033,8.024999618530273,
2020-06-26,05AA033,7.953000068664551,
2020-07-26,05AA033,7.913000106811523,
2020-08-26,05AA033,,
2020-09-26,05AA033,,
2021-02-26,05AA033,8.03600025177002,
2021-03-26,05AA033,7.958000183105469,
2021-04-26,05AA033,7.982999801635742,
2021-05-26,05AA033,8.036999702453613,
2021-06-26,05AA033,7.876999855041504,
2021-07-26,05AA033,,
2021-08-26,05AA033,7.848999977111816,
2021-09-26,05AA033,,
2021-10-26,05AA033,,
2022-03-26,05AA033,7.973000049591064,
2022-04-26,05AA033,7.961999893188477,
2022-05-26,05AA033,7.9120001792907715,
2022-06-26,05AA033,7.908999919891357,
2022-07-26,05AA033,7.85099983215332,
2022-08-26,05AA033,,
2022-09-26,05AA033,,
2022-10-26,05AA033,7.855999946594238,
2023-03-26,05AA033,8.024999618530273,
2023-04-26,05AA033,8.020000457763672,
2023-05-26,05AA033,7.902999877929687,
2023-06-26,05AA033,7.877999782562256,
2023-07-26,05AA033,,
2023-08-26,05AA033,,
2023-09-26,05AA033,,
2023-10-26,05AA033,7.861999988555908,
2012-03-27,05AA033,7.89300012588501,A
2012-04-27,05AA033,7.918000221252441,
2012-05-27,05AA033,7.883999824523926,
2012-06-27,05AA033,8.043000221252441,
2012-07-27,05AA033,7.991000175476074,
2012-08-27,05AA033,7.875,
2012-09-27,05AA033,,
2012-10-27,05AA033,,
2013-03-27,05AA033,8.015000343322754,
2013-04-27,05AA033,8.071000099182129,
2013-05-27,05AA033,8.052000045776367,
2013-06-27,05AA033,8.032999992370605,
2013-07-27,05AA033,7.927000045776367,
2013-08-27,05AA033,7.914999961853027,
2013-09-27,05AA033,7.940999984741211,
2013-10-27,05AA033,7.942999839782715,
2014-03-27,05AA033,8.019000053405762,
2014-04-27,05AA033,8.10200023651123,
2014-05-27,05AA033,8.010000228881836,
2014-06-27,05AA033,8.065999984741211,
2014-07-27,05AA033,7.894000053405762,
2014-08-27,05AA033,7.901000022888184,
2014-09-27,05AA033,7.936999797821045,
2014-10-27,05AA033,7.947000026702881,
2015-02-27,05AA033,8.041000366210938,
2015-03-27,05AA033,8.123000144958496,
2015-04-27,05AA033,8.055999755859375,
2015-05-27,05AA033,8.111000061035156,
2015-06-27,05AA033,7.907000064849853,
2015-07-27,05AA033,7.842999935150146,
2015-08-27,05AA033,,
2015-09-27,05AA033,,
2016-02-27,05AA033,,
2016-03-27,05AA033,7.979000091552734,
2016-04-27,05AA033,7.892000198364258,
2016-05-27,05AA033,8.064000129699707,
2016-06-27,05AA033,7.807000160217285,
2016-08-27,05AA033,,
2017-03-27,05AA033,8.071999549865723,
2017-04-27,05AA033,8.125,
2017-05-27,05AA033,8.088000297546387,
2017-06-27,05AA033,7.978000164031982,
2017-07-27,05AA033,,
2018-03-27,05AA033,8.579000473022461,
2018-04-27,05AA033,8.244000434875488,
2018-05-27,05AA033,8.017999649047852,
2018-06-27,05AA033,8.010000228881836,
2018-07-27,05AA033,,
2019-03-27,05AA033,8.255999565124512,
2019-04-27,05AA033,8.060999870300293,
2019-05-27,05AA033,8.223999977111816,
2019-06-27,05AA033,8.008000373840332,
2019-07-27,05AA033,7.927000045776367,
2019-08-27,05AA033,,
2019-09-27,05AA033,,
2019-10-27,05AA033,8.031999588012695,
2020-02-27,05AA033,7.994999885559082,A
2020-03-27,05AA033,8.02400016784668,
2020-04-27,05AA033,8.100000381469727,
2020-05-27,05AA033,8.012999534606934,
2020-06-27,05AA033,7.953999996185303,
2020-07-27,05AA033,7.907999992370605,
2020-08-27,05AA033,,
2020-09-27,05AA033,,
2021-02-27,05AA033,8.057999610900879,
2021-03-27,05AA033,7.956999778747559,
2021-04-27,05AA033,8.001999855041504,
2021-05-27,05AA033,8.00100040435791,
2021-06-27,05AA033,7.875,
2021-07-27,05AA033,,
2021-08-27,05AA033,7.842000007629394,
2021-09-27,05AA033,,
2021-10-27,05AA033,,
2022-03-27,05AA033,7.97100019454956,
2022-04-27,05AA033,7.9629998207092285,
2022-05-27,05AA033,7.913000106811523,
2022-06-27,05AA033,7.901999950408935,
2022-07-27,05AA033,7.84499979019165,
2022-08-27,05AA033,,
2022-09-27,05AA033,,
2022-10-27,05AA033,7.861999988555908,
2023-03-27,05AA033,7.939000129699707,
2023-04-27,05AA033,8.031999588012695,
2023-05-27,05AA033,7.906000137329102,
2023-06-27,05AA033,7.876999855041504,
2023-07-27,05AA033,,
2023-08-27,05AA033,,
2023-09-27,05AA033,,
2023-10-27,05AA033,7.860000133514404,
2012-03-28,05AA033,7.943999767303467,A
2012-04-28,05AA033,7.894000053405762,
2012-05-28,05AA033,7.867000102996826,
2012-06-28,05AA033,7.998000144958496,
2012-07-28,05AA033,7.9770002365112305,
2012-08-28,05AA033,7.869999885559082,
2012-09-28,05AA033,,
2012-10-28,05AA033,7.940000057220459,A
2013-03-28,05AA033,8.029000282287598,
2013-04-28,05AA033,8.060999870300293,
2013-05-28,05AA033,8.045000076293945,
2013-06-28,05AA033,8.017000198364258,
2013-07-28,05AA033,7.910999774932861,
2013-08-28,05AA033,7.907000064849853,
2013-09-28,05AA033,7.923999786376953,
2013-10-28,05AA033,7.948999881744385,
2014-03-28,05AA033,8.020000457763672,
2014-04-28,05AA033,8.13599967956543,
2014-05-28,05AA033,8.022000312805176,
2014-06-28,05AA033,8.036999702453613,
2014-07-28,05AA033,7.89300012588501,
2014-08-28,05AA033,7.953000068664551,
2014-09-28,05AA033,7.947999954223633,
2014-10-28,05AA033,7.947999954223633,
2015-02-28,05AA033,8.038000106811523,
2015-03-28,05AA033,8.114999771118164,
2015-04-28,05AA033,8.050000190734863,
2015-05-28,05AA033,8.093999862670898,
2015-06-28,05AA033,7.906000137329102,
2015-07-28,05AA033,7.835999965667725,
2015-08-28,05AA033,,
2015-09-28,05AA033,,
2016-02-28,05AA033,,
2016-03-28,05AA033,7.988999843597412,
2016-04-28,05AA033,7.888000011444092,
2016-05-28,05AA033,8.045000076293945,
2016-06-28,05AA033,7.794000148773193,A
2016-08-28,05AA033,,
2017-03-28,05AA033,8.069999694824219,
2017-04-28,05AA033,8.156000137329102,
2017-05-28,05AA033,8.071999549865723,
2017-06-28,05AA033,7.979000091552734,
2017-07-28,05AA033,,
2018-03-28,05AA033,8.552000045776367,
2018-04-28,05AA033,8.234000205993652,
2018-05-28,05AA033,8.008999824523926,
2018-06-28,05AA033,8.006999969482422,
2018-07-28,05AA033,,
2019-03-28,05AA033,8.156000137329102,
2019-04-28,05AA033,8.067000389099121,
2019-05-28,05AA033,8.17300033569336,
2019-06-28,05AA033,8.005999565124512,
2019-07-28,05AA033,7.910999774932861,
2019-08-28,05AA033,,
2019-09-28,05AA033,7.974999904632568,A
2019-10-28,05AA033,8.03600025177002,
2020-02-28,05AA033,8.01099967956543,
2020-03-28,05AA033,8.072999954223633,
2020-04-28,05AA033,8.092000007629395,
2020-05-28,05AA033,8.005000114440918,
2020-06-28,05AA033,7.959000110626221,
2020-07-28,05AA033,7.901999950408935,
2020-08-28,05AA033,,
2020-09-28,05AA033,,
2021-02-28,05AA033,8.071000099182129,
2021-03-28,05AA033,7.972000122070312,
2021-04-28,05AA033,7.997000217437744,
2021-05-28,05AA033,7.978000164031982,
2021-06-28,05AA033,7.873000144958496,
2021-07-28,05AA033,,
2021-08-28,05AA033,7.830999851226807,
2021-09-28,05AA033,,
2021-10-28,05AA033,,
2022-03-28,05AA033,7.98199987411499,
2022-04-28,05AA033,7.956999778747559,
2022-05-28,05AA033,7.909999847412109,
2022-06-28,05AA033,7.89900016784668,
2022-07-28,05AA033,7.833000183105469,
2022-08-28,05AA033,,
2022-09-28,05AA033,,
2022-10-28,05AA033,7.860000133514404,
2023-03-28,05AA033,7.889999866485596,
2023-04-28,05AA033,8.038999557495117,
2023-05-28,05AA033,7.901999950408935,
2023-06-28,05AA033,7.874000072479248,
2023-07-28,05AA033,,
2023-08-28,05AA033,,
2023-09-28,05AA033,,
2023-10-28,05AA033,7.847000122070312,
2012-03-29,05AA033,8.03600025177002,
2012-04-29,05AA033,7.886000156402588,
2012-05-29,05AA033,7.854000091552734,
2012-06-29,05AA033,8.017000198364258,
2012-07-29,05AA033,7.955999851226807,
2012-08-29,05AA033,7.861999988555908,
2012-09-29,05AA033,,
2012-10-29,05AA033,7.89300012588501,
2013-03-29,05AA033,8.036999702453613,
2013-04-29,05AA033,8.053000450134277,
2013-05-29,05AA033,8.032999992370605,
2013-06-29,05AA033,8.003000259399414,
2013-07-29,05AA033,7.918000221252441,
2013-08-29,05AA033,7.90500020980835,
2013-09-29,05AA033,7.920000076293945,
2013-10-29,05AA033,7.929999828338623,
2014-03-29,05AA033,8.034000396728516,
2014-04-29,05AA033,8.104000091552734,
2014-05-29,05AA033,8.029000282287598,
2014-06-29,05AA033,8.008999824523926,
2014-07-29,05AA033,7.890999794006348,
2014-08-29,05AA033,8.038000106811523,
2014-09-29,05AA033,7.946000099182129,
2014-10-29,05AA033,7.946000099182129,
2015-03-29,05AA033,8.107999801635742,
2015-04-29,05AA033,8.045999526977539,
2015-05-29,05AA033,8.09000015258789,
2015-06-29,05AA033,7.902999877929687,
2015-07-29,05AA033,7.824999809265137,
2015-08-29,05AA033,,
2015-09-29,05AA033,,
2016-02-29,05AA033,8.008000373840332,
2016-03-29,05AA033,8.017000198364258,
2016-04-29,05AA033,7.88700008392334,
2016-05-29,05AA033,8.020999908447266,
2016-06-29,05AA033,,
2016-08-29,05AA033,,
2017-03-29,05AA033,8.067999839782715,
2017-04-29,05AA033,8.133999824523926,
2017-05-29,05AA033,8.069999694824219,
2017-06-29,05AA033,7.998000144958496,
2017-07-29,05AA033,,
2018-03-29,05AA033,8.569999694824219,
2018-04-29,05AA033,8.253999710083008,
2018-05-29,05AA033,7.997000217437744,
2018-06-29,05AA033,8.005999565124512,
2018-07-29,05AA033,,
2019-03-29,05AA033,8.133999824523926,
2019-04-29,05AA033,8.0649995803833,
2019-05-29,05AA033,8.147000312805176,
2019-06-29,05AA033,8.008000373840332,
2019-07-29,05AA033,7.88700008392334,
2019-08-29,05AA033,,
2019-09-29,05AA033,7.942999839782715,
2019-10-29,05AA033,8.031999588012695,
2020-02-29,05AA033,8.045999526977539,
2020-03-29,05AA033,8.229999542236328,
2020-04-29,05AA033,8.081000328063965,
2020-05-29,05AA033,7.999000072479248,
2020-06-29,05AA033,8.053999900817871,
2020-07-29,05AA033,7.900000095367432,
2020-08-29,05AA033,,
2020-09-29,05AA033,,
2021-03-29,05AA033,7.985000133514404,
2021-04-29,05AA033,7.98199987411499,
2021-05-29,05AA033,7.960999965667725,
2021-06-29,05AA033,7.86899995803833,
2021-07-29,05AA033,,
2021-08-29,05AA033,7.811999797821045,
2021-09-29,05AA033,,
2021-10-29,05AA033,,
2022-03-29,05AA033,7.986999988555908,
2022-04-29,05AA033,7.953999996185303,
2022-05-29,05AA033,7.9120001792907715,
2022-06-29,05AA033,7.890999794006348,
2022-07-29,05AA033,7.828999996185303,
2022-08-29,05AA033,,
2022-09-29,05AA033,7.915999889373779,A
2022-10-29,05AA033,7.84499979019165,
2023-03-29,05AA033,7.879000186920166,
2023-04-29,05AA033,8.03499984741211,
2023-05-29,05AA033,7.895999908447266,
2023-06-29,05AA033,7.872000217437744,
2023-07-29,05AA033,,
2023-08-29,05AA033,,
2023-09-29,05AA033,,
2023-10-29,05AA033,7.913000106811523,A
2012-03-30,05AA033,7.993000030517578,
2012-04-30,05AA033,7.889999866485596,
2012-05-30,05AA033,7.835999965667725,
2012-06-30,05AA033,8.01099967956543,
2012-07-30,05AA033,7.947999954223633,
2012-08-30,05AA033,7.8520002365112305,
2012-09-30,05AA033,,
2012-10-30,05AA033,7.882999897003174,A
2013-03-30,05AA033,8.03600025177002,
2013-04-30,05AA033,8.064000129699707,
2013-05-30,05AA033,8.026000022888184,
2013-06-30,05AA033,7.986000061035156,
2013-07-30,05AA033,7.913000106811523,
2013-08-30,05AA033,7.908999919891357,
2013-09-30,05AA033,7.915999889373779,
2013-10-30,05AA033,7.940000057220459,
2014-03-30,05AA033,8.031999588012695,
2014-04-30,05AA033,8.083999633789062,
2014-05-30,05AA033,8.01200008392334,
2014-06-30,05AA033,7.997000217437744,
2014-07-30,05AA033,7.888000011444092,
2014-08-30,05AA033,8.001999855041504,
2014-09-30,05AA033,7.967999935150146,
2014-10-30,05AA033,7.941999912261963,
2015-03-30,05AA033,8.098999977111816,
2015-04-30,05AA033,8.041000366210938,
2015-05-30,05AA033,8.116000175476074,
2015-06-30,05AA033,7.907000064849853,
2015-07-30,05AA033,7.813000202178955,
2015-08-30,05AA033,,
2015-09-30,05AA033,,
2016-03-30,05AA033,8.015999794006348,
2016-04-30,05AA033,7.885000228881836,
2016-05-30,05AA033,8.048999786376953,
2016-06-30,05AA033,,
2016-08-30,05AA033,,
2017-03-30,05AA033,8.069000244140625,
2017-04-30,05AA033,8.104000091552734,
2017-05-30,05AA033,8.064000129699707,
2017-06-30,05AA033,7.992000102996826,
2017-07-30,05AA033,,
2018-03-30,05AA033,8.432999610900879,A
2018-04-30,05AA033,8.223999977111816,
2018-05-30,05AA033,7.99399995803833,
2018-06-30,05AA033,8.005000114440918,
2018-07-30,05AA033,,
2019-03-30,05AA033,8.114999771118164,
2019-04-30,05AA033,8.062000274658203,
2019-05-30,05AA033,8.140000343322754,
2019-06-30,05AA033,8.001999855041504,
2019-07-30,05AA033,7.855999946594238,
2019-08-30,05AA033,,
2019-09-30,05AA033,7.96999979019165,
2019-10-30,05AA033,8.027999877929688,
2020-03-30,05AA033,8.277000427246094,
2020-04-30,05AA033,8.074999809265137,
2020-05-30,05AA033,7.992000102996826,
2020-06-30,05AA033,8.28499984741211,
2020-07-30,05AA033,7.895999908447266,
2020-08-30,05AA033,,
2020-09-30,05AA033,,
2021-03-30,05AA033,7.973000049591064,
2021-04-30,05AA033,7.968999862670898,
2021-05-30,05AA033,7.948999881744385,
2021-06-30,05AA033,7.866000175476074,
2021-07-30,05AA033,,
2021-08-30,05AA033,7.793000221252441,
2021-09-30,05AA033,,
2021-10-30,05AA033,,
2022-03-30,05AA033,7.979000091552734,
2022-04-30,05AA033,7.949999809265137,
2022-05-30,05AA033,7.903999805450439,
2022-06-30,05AA033,7.889999866485596,
2022-07-30,05AA033,7.8379998207092285,
2022-08-30,05AA033,,
2022-09-30,05AA033,7.827000141143799,
2022-10-30,05AA033,7.826000213623047,
2023-03-30,05AA033,7.870999813079834,
2023-04-30,05AA033,8.02400016784668,
2023-05-30,05AA033,7.888999938964844,
2023-06-30,05AA033,7.868000030517578,
2023-07-30,05AA033,,
2023-08-30,05AA033,7.992000102996826,A
2023-09-30,05AA033,7.991000175476074,A
2023-10-30,05AA033,,
2012-03-31,05AA033,7.960999965667725,
2012-05-31,05AA033,7.827000141143799,
2012-07-31,05AA033,7.934999942779541,
2012-08-31,05AA033,,
2012-10-31,05AA033,7.855999946594238,
2013-03-31,05AA033,8.034000396728516,
2013-05-31,05AA033,8.029000282287598,
2013-07-31,05AA033,7.902999877929687,
2013-08-31,05AA033,7.906000137329102,
2013-10-31,05AA033,7.958000183105469,
2014-03-31,05AA033,8.02299976348877,
2014-05-31,05AA033,7.998000144958496,
2014-07-31,05AA033,7.882999897003174,
2014-08-31,05AA033,7.96999979019165,
2014-10-31,05AA033,7.947999954223633,
2015-03-31,05AA033,8.093999862670898,
2015-05-31,05AA033,8.17300033569336,
2015-07-31,05AA033,7.797999858856201,
2015-08-31,05AA033,,
2016-03-31,05AA033,8.041000366210938,
2016-05-31,05AA033,8.031000137329102,
2016-08-31,05AA033,,
2017-03-31,05AA033,8.097999572753906,
2017-05-31,05AA033,8.055000305175781,
2017-07-31,05AA033,,
2018-03-31,05AA033,,
2018-05-31,05AA033,8.008999824523926,
2018-07-31,05AA033,,
2019-03-31,05AA033,8.116999626159668,
2019-05-31,05AA033,8.274999618530273,
2019-07-31,05AA033,7.953999996185303,
2019-08-31,05AA033,,
2019-10-31,05AA033,8.031999588012695,
2020-03-31,05AA033,8.1850004196167,
2020-05-31,05AA033,7.997000217437744,
2020-07-31,05AA033,7.89300012588501,
2020-08-31,05AA033,,
2021-03-31,05AA033,7.961999893188477,
2021-05-31,05AA033,7.940000057220459,
2021-07-31,05AA033,,
2021-08-31,05AA033,7.775000095367432,
2021-10-31,05AA033,,
2022-03-31,05AA033,7.979000091552734,
2022-05-31,05AA033,7.89900016784668,
2022-07-31,05AA033,7.811999797821045,
2022-08-31,05AA033,,
2022-10-31,05AA033,7.813000202178955,A
2023-03-31,05AA033,7.861000061035156,
2023-05-31,05AA033,7.885000228881836,
2023-07-31,05AA033,,
2023-08-31,05AA033,7.881999969482422,
2023-10-31,05AA033,,
